fips,county,state,final_score,rank,power,carbon,water,permission,hazard,land,cobenefit,flag_veto,veto_pillar,flag_sparse_power,flag_sparse_carbon,flag_sparse_water,flag_sparse_permission,flag_sparse_hazard,flag_sparse_land,flag_sparse_cobenefit,strongest_1,strongest_2,strongest_3,weakest_1,weakest_2,weakest_3
53015,Cowlitz County,WA,0.6804137436973153,1,0.6943198122701109,0.5948615969397573,0.8427030343994456,0.8111138196836712,0.6973581712019291,0.7328145958592759,0.4185684833258869,0,,0,0,0,0,0,0,0,prm_pct_tribal,haz_karst_exposed_pct,prm_moratorium_active,cob_persistent_poverty,crb_clean_gen_mw,haz_alr_earthquake
53005,Benton County,WA,0.6677416833117454,2,0.651587395530347,0.7705755398104451,0.7624837445701633,0.7899710241567454,0.6402195482403142,0.6797460820115658,0.35533609636208463,0,,0,0,0,0,0,0,0,haz_karst_exposed_pct,prm_pct_tribal,prm_moratorium_active,cob_persistent_poverty,haz_alr_earthquake,haz_alr_wildfire
53073,Whatcom County,WA,0.666716640715836,3,0.6047924866446721,0.672405720103645,0.8459436821160213,0.8348623879479032,0.7182864795541317,0.7508560678846085,0.3348524426439942,0,,0,0,0,0,0,0,0,prm_moratorium_active,prm_nonattainment,wtr_bws_score,cob_persistent_poverty,pwr_dist_retired_plant_km,cob_ghgrp_combustion_facilities_n
19113,Linn County,IA,0.6646943999391806,4,0.7624755382150663,0.5619692873585462,0.728465859075029,0.7900334237283171,0.6484792199511553,0.7291497635713583,0.417874369068845,0,,0,0,0,0,0,0,0,cob_lowtemp_ind_heat_tbtu,haz_karst_exposed_pct,prm_moratorium_proposed,cob_persistent_poverty,cob_energy_community,haz_alr_riverine_flood
40097,Mayes County,OK,0.6641006355015576,5,0.8337424848799514,0.6417080876037732,0.6824785717973252,0.8553120535037287,0.3900881214791568,0.751906794277187,0.42287696639834,0,,0,0,0,0,0,0,0,prm_moratorium_proposed,cob_energy_community,lnd_pct_buildable,cob_persistent_poverty,haz_alr_tornado,cob_unemp_rate
53053,Pierce County,WA,0.6607011874955395,6,0.7551748011703853,0.6393649526223852,0.8797339230212865,0.8041587882052659,0.7259938464892187,0.8022121228356541,0.18977396048757147,0,,0,0,0,0,0,0,0,prm_moratorium_proposed,haz_karst_exposed_pct,prm_moratorium_active,cob_persistent_poverty,cob_energy_community,crb_wind_cf
17161,Rock Island County,IL,0.660698539066066,7,0.8003570906788194,0.5932385757745355,0.6697060318613243,0.7118467686470564,0.7616755215765479,0.8385966464269057,0.3149684177314168,0,,0,0,0,0,0,0,0,prm_pct_tribal,prm_moratorium_active,prm_moratorium_proposed,cob_persistent_poverty,cob_energy_community,cob_lowtemp_ind_heat_tbtu
48113,Dallas County,TX,0.6599027158374244,8,0.8580736995343834,0.661533804153309,0.6075762900065869,0.7008867266268349,0.5289161473050377,0.819718914061617,0.38293637464379376,0,,0,0,0,0,0,0,0,prm_contested_total,wtr_wwtp_flow_mgd,prm_moratorium_active,cob_persistent_poverty,prm_nonattainment,prm_pop_density_km2
26025,Calhoun County,MI,0.6527755026207307,9,0.6594570912942829,0.5694538002779461,0.6351933442711519,0.7903471624858449,0.7475135431500818,0.6908412154127587,0.5266471418325408,0,,0,0,0,0,0,0,0,prm_nonattainment,haz_karst_exposed_pct,cob_energy_community,cob_persistent_poverty,lnd_pct_buildable,wtr_grid_water_l_kwh
26115,Monroe County,MI,0.6510743382038818,10,0.7508613180321156,0.5790967649091683,0.7968513444482975,0.6182707550230288,0.7093677968989825,0.7394139469505637,0.3789040039992917,0,,0,0,0,0,0,0,0,cob_energy_community,prm_moratorium_active,prm_moratorium_proposed,cob_persistent_poverty,cob_ghgrp_combustion_facilities_n,prm_nonattainment
26163,Wayne County,MI,0.6509034222605699,11,0.8022749807183257,0.5029025172396401,0.8196406172628811,0.6182904749244802,0.739712191623636,0.7914417052726167,0.36164111126482223,0,,0,0,0,0,0,0,0,prm_moratorium_proposed,wtr_wwtp_flow_mgd,prm_moratorium_active,cob_persistent_poverty,cob_energy_community,prm_nonattainment
53011,Clark County,WA,0.6489616880119013,12,0.73214821199737,0.6441449308618018,0.877541928617239,0.7686206116049661,0.7909227979966043,0.7586899786606561,0.17467631006584622,0,,0,0,0,0,0,0,0,haz_karst_exposed_pct,wtr_bws_2050_score,prm_moratorium_active,cob_persistent_poverty,cob_energy_community,haz_alr_earthquake
48409,San Patricio County,TX,0.6485431741046455,13,0.8261432924720947,0.7450074018304375,0.6823316160466617,0.8113468224194753,0.4016016276239297,0.5967448397834553,0.3448187261476552,0,,0,0,0,0,0,0,0,prm_moratorium_active,cob_energy_community,prm_county_can_zone,cob_persistent_poverty,cob_lowtemp_ind_heat_tbtu,cob_heat_demand
41051,Multnomah County,OR,0.6484172286968006,14,0.7027651969453081,0.717102684201355,0.8804797138329905,0.7477525221412984,0.7525565493159971,0.7158800919456715,0.18047672583224683,0,,0,0,0,0,0,0,0,prm_moratorium_active,prm_nonattainment,wtr_bws_2050_score,cob_persistent_poverty,cob_energy_community,cob_ghgrp_combustion_facilities_n
19139,Muscatine County,IA,0.6473567680187946,15,0.7102826899778016,0.48617002624666883,0.6976821128726789,0.8078797541857001,0.6688087609080124,0.740182387184079,0.4796476563878118,0,,0,0,0,0,0,0,0,haz_karst_exposed_pct,prm_moratorium_active,cob_energy_community,cob_persistent_poverty,crb_clean_gen_mw,cob_unemp_rate
25013,Hampden County,MA,0.6462232768924069,16,0.6941106403146768,0.6230038905617351,0.8379924115885297,0.7789326573393552,0.7330382915707526,0.7041047307842975,0.24418868770460073,0,,0,0,0,0,0,0,0,prm_pct_tribal,wtr_wwtp_flow_mgd,haz_karst_exposed_pct,pwr_ind_price_cents_kwh,cob_persistent_poverty,cob_energy_community
48479,Webb County,TX,0.6458949933967386,17,0.7427906441007325,0.7555206463155054,0.46269464658077064,0.8817807995908296,0.5211805681407083,0.6725181495921747,0.44075246203321294,0,,0,0,0,0,0,0,0,haz_karst_exposed_pct,prm_pct_tribal,lnd_pct_buildable,haz_days_gt95f_2050,cob_ghgrp_combustion_facilities_n,cob_lowtemp_ind_heat_tbtu
53077,Yakima County,WA,0.6458563081288475,18,0.6836540960307848,0.7265349353770303,0.7960882590181241,0.7422029516270534,0.6151021021905082,0.7550215678217481,0.24565455192933278,0,,0,0,0,0,0,0,0,haz_karst_exposed_pct,lnd_pct_buildable,prm_moratorium_active,cob_persistent_poverty,cob_energy_community,prm_pct_tribal
41005,Clackamas County,OR,0.6448576400312352,19,0.7048466279309687,0.6838755358611781,0.8508705015787619,0.7887984876438935,0.6882554275139995,0.7608500780478028,0.1847474936922424,0,,0,0,0,0,0,0,0,prm_moratorium_proposed,haz_karst_exposed_pct,prm_moratorium_active,cob_persistent_poverty,cob_energy_community,haz_alr_earthquake
53033,King County,WA,0.6442433477117069,20,0.7154904969345156,0.658344609742688,0.8160366377916102,0.7420255557784309,0.7581483693467778,0.8333409024437562,0.18339408250894335,0,,0,0,0,0,0,0,0,prm_contested_total,wtr_wwtp_flow_mgd,prm_moratorium_proposed,cob_ghgrp_combustion_facilities_n,cob_persistent_poverty,cob_energy_community
48309,McLennan County,TX,0.6406219242074815,21,0.722257314193463,0.7238963935758764,0.6697908141279768,0.8344075111143373,0.40566132125407406,0.8712987228421585,0.2885169811441126,0,,0,0,0,0,0,0,0,prm_moratorium_proposed,cob_energy_community,prm_county_can_zone,cob_persistent_poverty,cob_ghgrp_combustion_facilities_n,cob_heat_demand
30111,Yellowstone County,MT,0.6400552894858506,22,0.7938583277462451,0.6508510894583204,0.552655416088438,0.6869932880716331,0.6951408050864119,0.6869797772763349,0.3718315453921238,0,,0,0,0,0,0,0,0,prm_moratorium_proposed,cob_energy_community,prm_moratorium_active,cob_persistent_poverty,lnd_dist_eaf_steel_km,prm_nonattainment
53021,Franklin County,WA,0.6389660539604973,23,0.5425450225919803,0.712781200557465,0.7664360043006023,0.7847946791760501,0.6671793268810027,0.6340331962013607,0.40597137488308926,0,,0,0,0,0,0,0,0,haz_karst_exposed_pct,prm_pct_tribal,cob_energy_community,cob_persistent_poverty,crb_wind_cf,pwr_dist_retired_plant_km
41039,Lane County,OR,0.6387544609209304,24,0.6468732372732765,0.7180944032572762,0.820793627065252,0.832869763165164,0.698243243374515,0.6859722630320967,0.1976426087747784,0,,0,0,0,0,0,0,0,prm_contested_total,haz_karst_exposed_pct,prm_moratorium_active,cob_persistent_poverty,cob_energy_community,lnd_dist_cement_km
19045,Clinton County,IA,0.6386384182993046,25,0.7646342334076073,0.48738614519603757,0.7566303365999727,0.8023180573258382,0.686987220245827,0.6771957062220165,0.3374987207991124,0,,0,0,0,0,0,0,0,prm_pct_tribal,prm_nonattainment,prm_moratorium_active,cob_persistent_poverty,cob_energy_community,lnd_pct_cropland
19193,Woodbury County,IA,0.6371766799151225,26,0.7768279442583602,0.44303800775524715,0.785590974858722,0.7887232223860264,0.5671485109675767,0.6478277727493701,0.46446423335690246,0,,0,0,0,0,0,0,0,prm_moratorium_active,prm_moratorium_proposed,prm_contested_total,cob_persistent_poverty,crb_queue_clean_mw,haz_alr_tornado
26063,Huron County,MI,0.6369976755824338,27,0.7691931728121606,0.5960482348547135,0.6207220004325089,0.7755631355871637,0.7670292577981578,0.4156996242321471,0.46690767435408786,0,,0,0,0,0,0,0,0,prm_contested_total,prm_pct_tribal,cob_energy_community,cob_persistent_poverty,lnd_dist_interstate_km,lnd_pct_buildable
17143,Peoria County,IL,0.6369429262980297,28,0.742800212615074,0.497841477806045,0.6435231372013166,0.7069421079347069,0.6955992076280079,0.7610551502228834,0.45669428181527805,0,,0,0,0,0,0,0,0,prm_nonattainment,prm_pct_tribal,haz_karst_exposed_pct,cob_persistent_poverty,cob_lowtemp_ind_heat_tbtu,lnd_pct_buildable
53057,Skagit County,WA,0.6367178385243816,29,0.5355824413721505,0.6439247737865258,0.8109289370395709,0.8408363067143465,0.6696233810658018,0.7527664656372236,0.33660204576559405,0,,0,0,0,0,0,0,0,prm_moratorium_active,prm_nonattainment,wtr_bws_score,cob_persistent_poverty,pwr_dist_retired_plant_km,cob_ghgrp_combustion_facilities_n
41043,Linn County,OR,0.6364267954060107,30,0.6295386162914983,0.6923769222544727,0.8049101963125664,0.8376399008719516,0.7062423047981405,0.6744284451184059,0.22177975605240702,0,,0,0,0,0,0,0,0,haz_karst_exposed_pct,prm_nonattainment,prm_moratorium_active,cob_persistent_poverty,cob_energy_community,lnd_dist_cement_km
17115,Macon County,IL,0.6360738274230712,31,0.698206919717094,0.5292526317963164,0.7015165963910542,0.6844811201479037,0.65511368004155,0.608250590778337,0.566524038455503,0,,0,0,0,0,0,0,0,cob_lowtemp_ind_heat_tbtu,prm_pct_tribal,haz_karst_exposed_pct,cob_persistent_poverty,lnd_pct_cropland,lnd_pct_buildable
48145,Falls County,TX,0.6355115913492444,32,0.6792774486949943,0.7155518033943877,0.5740923120898962,0.8629646157996566,0.4210522592808312,0.7484734394355984,0.41821779638969464,0,,0,0,0,0,0,0,0,lnd_pct_buildable,prm_moratorium_proposed,cob_persistent_poverty,cob_ghgrp_combustion_facilities_n,cob_lowtemp_ind_heat_tbtu,cob_heat_demand
48277,Lamar County,TX,0.6347394264688977,33,0.758302602251591,0.728203310185768,0.6546159814709837,0.8745149508214597,0.34588278296092423,0.6363704992536771,0.3622235099156918,0,,0,0,0,0,0,0,0,lnd_pct_buildable,prm_county_can_zone,prm_moratorium_proposed,cob_persistent_poverty,lnd_dist_interstate_km,haz_alr_tornado
53037,Kittitas County,WA,0.6341420974357264,34,0.7029176807123022,0.7504553327111413,0.7346196210906798,0.8661546375945024,0.5583883446469831,0.8074507753360942,0.1673215787653666,0,,0,0,0,0,0,0,0,lnd_pct_buildable,prm_moratorium_active,prm_moratorium_proposed,cob_ghgrp_combustion_facilities_n,cob_persistent_poverty,cob_energy_community
18097,Marion County,IN,0.6340397273690414,35,0.7693376275188287,0.5356176538898273,0.6064765939861061,0.7690847354845222,0.7569894846972682,0.7938448784394185,0.30044205607713187,0,,0,0,0,0,0,0,0,prm_moratorium_proposed,prm_moratorium_active,wtr_wwtp_flow_mgd,cob_persistent_poverty,cob_energy_community,lnd_pct_buildable
29095,Jackson County,MO,0.6339946159446997,36,0.7233891082274607,0.6009786708008648,0.8278748772066449,0.7715091347792914,0.5956949349425483,0.7188278436157546,0.2447279683378697,0,,0,0,0,0,0,0,0,prm_pct_tribal,prm_nonattainment,prm_moratorium_active,cob_persistent_poverty,cob_energy_community,lnd_dist_eaf_steel_km
48139,Ellis County,TX,0.6339558872063733,37,0.763508903723593,0.7216299711125594,0.6856686866406319,0.732206993798712,0.48700889601889646,0.908384518307313,0.21702224174634901,0,,0,0,0,0,0,0,0,prm_moratorium_active,cob_energy_community,prm_county_can_zone,cob_persistent_poverty,prm_nonattainment,cob_ghgrp_combustion_facilities_n
19155,Pottawattamie County,IA,0.6338520949318281,38,0.8260298947726712,0.5527058531151485,0.648585098496427,0.7886617589400955,0.603046416653314,0.7572940806205489,0.27739419919945824,0,,0,0,0,0,0,0,0,prm_nonattainment,prm_moratorium_active,prm_moratorium_proposed,cob_persistent_poverty,cob_energy_community,haz_alr_tornado
31043,Dakota County,NE,0.633614660884693,39,0.7693345959601298,0.513677342798976,0.7057508539350805,0.8033438539987808,0.6006632538018696,0.6619193871965056,0.36290283631502573,0,,0,0,0,0,0,0,0,cob_energy_community,prm_moratorium_active,prm_moratorium_proposed,cob_persistent_poverty,haz_alr_tornado,cob_lowtemp_ind_heat_tbtu
37083,Halifax County,NC,0.6327414900860936,40,0.7175033976843584,0.5755132562211144,0.5752459723615914,0.8619456111510896,0.61032588055278,0.616426574373339,0.43944801071076495,0,,0,0,0,0,0,0,0,prm_nonattainment,prm_tax_exemption_status,prm_moratorium_active,cob_energy_community,haz_alr_hurricane,lnd_dist_cement_km
20045,Douglas County,KS,0.6324880139765974,41,0.6756547221064128,0.5751199190728706,0.6676373859908844,0.8316948213552653,0.6117112505509908,0.7480160069676477,0.34701555067276235,0,,0,0,0,0,0,0,0,prm_moratorium_active,prm_moratorium_proposed,prm_contested_total,cob_persistent_poverty,cob_lowtemp_ind_heat_tbtu,cob_unemp_rate
38059,Morton County,ND,0.6311000655908882,42,0.8178460444889923,0.571264569155427,0.696386204425983,0.8840257277216977,0.6234348913495935,0.4625484084046623,0.30681516047288837,0,,0,0,0,0,0,0,0,prm_pop_density_km2,prm_nonattainment,cob_heat_demand,cob_persistent_poverty,lnd_dist_ixp_km,lnd_dist_eaf_steel_km
41049,Morrow County,OR,0.6310209244350278,43,0.7668847184539661,0.7582306634023236,0.44042004853643235,0.8175200941714205,0.6364037013922927,0.6051763310820755,0.35499815559078507,0,,0,0,0,0,0,0,0,prm_moratorium_proposed,prm_pop_density_km2,prm_contested_total,cob_persistent_poverty,haz_alr_wildfire,wtr_wwtp_flow_mgd
41047,Marion County,OR,0.6302585867679884,44,0.642225717313764,0.668752671021753,0.8316778134370709,0.7827604359110056,0.7382203615716675,0.7652395666641505,0.1821534602872566,0,,0,0,0,0,0,0,0,prm_moratorium_proposed,haz_karst_exposed_pct,prm_moratorium_active,cob_persistent_poverty,cob_energy_community,cob_ghgrp_combustion_facilities_n
25027,Worcester County,MA,0.629798826913935,45,0.6400772510625933,0.6401021171295052,0.7983657557251268,0.7853711240911531,0.6935338984074558,0.6391964117712458,0.265730417412369,0,,0,0,0,0,0,0,0,wtr_wwtp_flow_mgd,haz_karst_exposed_pct,prm_moratorium_active,pwr_ind_price_cents_kwh,cob_persistent_poverty,cob_energy_community
09170,South Central Connecticut Planning Region,CT,0.6292186022577186,46,0.6764859929220787,0.587380768204921,0.8116419459542816,0.6662479406647148,0.7076696096597991,0.6543197669343843,0.3252891109076714,0,,0,0,0,0,0,0,0,prm_pct_tribal,haz_karst_exposed_pct,cob_energy_community,pwr_ind_price_cents_kwh,cob_persistent_poverty,prm_nonattainment
19163,Scott County,IA,0.6291408371038164,47,0.7523485925811061,0.46540102858352184,0.7937618959801989,0.7813868366836177,0.6912806583935327,0.8147132379190961,0.261681978628547,0,,0,0,0,0,0,0,0,prm_pct_tribal,prm_nonattainment,prm_moratorium_proposed,crb_clean_gen_mw,cob_persistent_poverty,cob_energy_community
31055,Douglas County,NE,0.628797099059861,48,0.757897253039288,0.5067801317940185,0.7670484108872373,0.8038856016640819,0.6705663919241515,0.7705756296864842,0.24154871275167644,0,,0,0,0,0,0,0,0,prm_pct_tribal,wtr_wwtp_flow_mgd,prm_moratorium_active,crb_clean_gen_mw,cob_persistent_poverty,cob_energy_community
26139,Ottawa County,MI,0.6287215044365709,49,0.7779408088566643,0.49085698634984587,0.6920134211215976,0.7599877173138774,0.8024342146910537,0.6590224529315051,0.2992888152318867,0,,0,0,0,0,0,0,0,prm_moratorium_proposed,prm_pct_tribal,haz_karst_exposed_pct,cob_persistent_poverty,cob_energy_community,cob_poverty_pct
21145,McCracken County,KY,0.628281093860378,50,0.7528372868273507,0.46938851744178267,0.7822942324325909,0.7975528551008098,0.5553540558729831,0.8071857739511424,0.31608301902001734,0,,0,0,0,0,0,0,0,prm_pct_tribal,wtr_bws_score,prm_moratorium_active,crb_clean_gen_mw,cob_persistent_poverty,cob_ghgrp_combustion_facilities_n
21101,Henderson County,KY,0.6278977769991937,51,0.7276522601882439,0.5754885203558627,0.7604022713457262,0.6714759212455862,0.5923955307863931,0.6183899380671468,0.3877983479167331,0,,0,0,0,0,0,0,0,prm_contested_total,cob_energy_community,prm_moratorium_active,cob_persistent_poverty,pwr_substations_230kv_n,prm_nonattainment
41029,Jackson County,OR,0.627817308357137,52,0.6151301934408828,0.6246432604483694,0.740569392923238,0.8343843043611875,0.601324667414332,0.7063524385388603,0.3132848160316081,0,,0,0,0,0,0,0,0,prm_moratorium_active,prm_moratorium_proposed,prm_contested_total,cob_persistent_poverty,pwr_dist_retired_plant_km,crb_wind_cf
30087,Rosebud County,MT,0.6274021407459857,53,0.8094679283622137,0.6554518639272332,0.5804913678037883,0.7299114093076493,0.7243412471363885,0.4448325958652862,0.3621667682999933,0,,0,0,0,0,0,0,0,prm_contested_total,prm_moratorium_active,cob_energy_community,cob_persistent_poverty,lnd_dist_eaf_steel_km,lnd_dist_cement_km
18167,Vigo County,IN,0.6273117233512101,54,0.7371966290360287,0.5226814061148305,0.6348595684499656,0.7856389784360959,0.5702458596890875,0.7331583029830355,0.40291465267228854,0,,0,0,0,0,0,0,0,prm_contested_total,cob_energy_community,prm_moratorium_active,cob_ghgrp_combustion_facilities_n,cob_persistent_poverty,haz_alr_earthquake
41021,Gilliam County,OR,0.6272449080428305,55,0.6770431782383016,0.7783624465452934,0.600908639102214,0.8211057157521451,0.6414882086476076,0.5230733353678177,0.3001411342538171,0,,0,0,0,0,0,0,0,prm_moratorium_active,prm_nonattainment,haz_karst_exposed_pct,cob_lowtemp_ind_heat_tbtu,cob_persistent_poverty,cob_ghgrp_combustion_facilities_n
53041,Lewis County,WA,0.6269637816636526,56,0.752255791201603,0.6851926579783708,0.7951799302623523,0.8629969777345048,0.6662537477159476,0.672578854105789,0.13610139687688388,0,,0,0,0,0,0,0,0,prm_nonattainment,haz_karst_exposed_pct,wtr_bws_2050_score,cob_ghgrp_combustion_facilities_n,cob_persistent_poverty,cob_energy_community
48349,Navarro County,TX,0.6257807266576376,57,0.7187414865589755,0.7362076727618059,0.6746552817564992,0.774276830241025,0.3448633342937262,0.8749218323954491,0.2901200160055957,0,,0,0,0,0,0,0,0,haz_karst_exposed_pct,prm_county_can_zone,prm_moratorium_proposed,cob_persistent_poverty,prm_nonattainment,cob_ghgrp_combustion_facilities_n
18089,Lake County,IN,0.6252318493070158,58,0.7885127036454124,0.530403438926456,0.5306632898719853,0.5801408817860347,0.6856795532834369,0.7729151070091373,0.5325478499097426,0,,0,0,0,0,0,0,0,prm_moratorium_proposed,cob_energy_community,wtr_wwtp_flow_mgd,prm_nonattainment,cob_persistent_poverty,lnd_pct_buildable
42079,Luzerne County,PA,0.6245547653977008,59,0.7659637299849148,0.42251887020125833,0.7316640332275282,0.7002742794025704,0.7131449994013838,0.7297638327990158,0.4010460233847454,0,,0,0,0,0,0,0,0,prm_moratorium_proposed,cob_energy_community,crb_clean_gen_mw,cob_ghgrp_combustion_facilities_n,cob_persistent_poverty,crb_lrmer_2035_kg_mwh
29047,Clay County,MO,0.6240141783432205,60,0.7528070927684158,0.5351710620903802,0.8393045520628553,0.8030388200342091,0.5504572408022603,0.7843432769462971,0.21564518460239468,0,,0,0,0,0,0,0,0,prm_pct_tribal,prm_moratorium_active,prm_moratorium_proposed,cob_persistent_poverty,cob_energy_community,crb_clean_gen_mw
56037,Sweetwater County,WY,0.6239187543751507,61,0.7081957571727618,0.5990496051271907,0.516228018559197,0.7915451141787254,0.7361404996015272,0.6263693443209396,0.3987888517364037,0,,0,0,0,0,0,0,0,prm_pct_tribal,prm_contested_total,cob_heat_demand,cob_persistent_poverty,crb_queue_clean_mw,pwr_dist_retired_plant_km
18141,St. Joseph County,IN,0.6237899877937959,62,0.7262019471001692,0.5554451615570736,0.6124215291854673,0.7638281924706471,0.793198976158789,0.7495858539193151,0.2731686349538512,0,,0,0,0,0,0,0,0,prm_nonattainment,prm_moratorium_active,prm_moratorium_proposed,cob_persistent_poverty,cob_energy_community,cob_lowtemp_ind_heat_tbtu
38065,Oliver County,ND,0.6235894868403661,63,0.8049612259287346,0.563670451054807,0.6706091407015106,0.8841801077209813,0.6961219497214345,0.40221152067014465,0.3146170843099496,0,,0,0,0,0,0,0,0,prm_contested_total,haz_karst_exposed_pct,lnd_pct_buildable,cob_lowtemp_ind_heat_tbtu,cob_ghgrp_combustion_facilities_n,lnd_dist_ixp_km
17197,Will County,IL,0.622808914739097,64,0.8382994078900172,0.4992885705426543,0.5325631289224366,0.5946829713988322,0.7140064259059095,0.7899642976127602,0.4495134044135555,0,,0,0,0,0,0,0,0,prm_moratorium_active,pwr_substations_230kv_n,crb_clean_gen_mw,cob_persistent_poverty,prm_nonattainment,cob_poverty_pct
48439,Tarrant County,TX,0.6225607757580395,65,0.8267419030874228,0.6693119286788684,0.4784084966964851,0.7072216775458586,0.4815747486249037,0.8411626696113507,0.34347637327501107,0,,0,0,0,0,0,0,0,prm_pct_tribal,prm_moratorium_active,wtr_wwtp_flow_mgd,cob_persistent_poverty,prm_nonattainment,wtr_bws_2050_score
48293,Limestone County,TX,0.6209332831880156,66,0.6428287601407865,0.7099739243465841,0.6415833063440016,0.8968103314225253,0.4311579115754791,0.752755641288771,0.29456595731392465,0,,0,0,0,0,0,0,0,lnd_pct_buildable,prm_moratorium_active,cob_energy_community,cob_lowtemp_ind_heat_tbtu,cob_persistent_poverty,cob_ghgrp_combustion_facilities_n
41009,Columbia County,OR,0.6208162078471434,67,0.6455742174977411,0.5428331975417807,0.8495319121335037,0.8342213794428706,0.6017018636712052,0.682771662166408,0.2728984019909685,0,,0,0,0,0,0,0,0,prm_pct_tribal,wtr_bws_2050_score,prm_moratorium_active,crb_clean_gen_mw,cob_persistent_poverty,cob_energy_community
26017,Bay County,MI,0.6200552129479895,68,0.741392171771743,0.4778015501639092,0.6018397974033933,0.762333527688711,0.7393840383919844,0.5893173768732262,0.4527873014786137,0,,0,0,0,0,0,0,0,prm_moratorium_proposed,cob_heat_demand,cob_energy_community,cob_persistent_poverty,crb_clean_gen_mw,lnd_pct_buildable
25003,Berkshire County,MA,0.6199133109821825,69,0.588676328377929,0.6172248705461199,0.8551555279904403,0.813282815260707,0.6968139254967503,0.6543318876320907,0.2423472219451398,0,,0,0,0,0,0,0,0,cob_heat_demand,haz_karst_exposed_pct,prm_moratorium_active,pwr_ind_price_cents_kwh,cob_persistent_poverty,cob_energy_community
49015,Emery County,UT,0.6196229850692033,70,0.694590094490635,0.6037355057395737,0.643856318960711,0.8718764733628259,0.6084300761827948,0.5798416898640796,0.31085812521942147,0,,0,0,0,0,0,0,0,prm_pop_density_km2,prm_nonattainment,lnd_pct_buildable,cob_lowtemp_ind_heat_tbtu,cob_ghgrp_combustion_facilities_n,cob_persistent_poverty
26157,Tuscola County,MI,0.6193056940949101,71,0.6822199798521714,0.5674325387463939,0.5471052749772572,0.7896407198511707,0.7417795179506083,0.5419475909285825,0.4676151420837542,0,,0,0,0,0,0,0,0,prm_nonattainment,prm_pct_tribal,haz_karst_exposed_pct,cob_persistent_poverty,lnd_pct_buildable,cob_lowtemp_ind_heat_tbtu
53039,Klickitat County,WA,0.6192250651890195,72,0.7359747834769125,0.7710826851992434,0.6961039679203009,0.8091181164578425,0.656272374313404,0.6378544254126473,0.1468149763984784,0,,0,0,0,0,0,0,0,haz_karst_exposed_pct,prm_pop_density_km2,prm_moratorium_proposed,cob_persistent_poverty,cob_energy_community,pwr_dist_retired_plant_km
48041,Brazos County,TX,0.6188620477960132,73,0.6666736485161044,0.6007730336520947,0.7912736663171948,0.8204698272291869,0.4400071262938709,0.7130023450661898,0.3065602418064607,0,,0,0,0,0,0,0,0,prm_moratorium_proposed,cob_persistent_poverty,haz_karst_exposed_pct,cob_energy_community,lnd_dist_interstate_km,cob_ghgrp_combustion_facilities_n
21091,Hancock County,KY,0.6187564329868317,74,0.7806213610538467,0.4713992824607975,0.6802030386673954,0.8455318956571105,0.5443416788807427,0.6217554550557403,0.3720353738568571,0,,0,0,0,0,0,0,0,prm_contested_total,cob_energy_community,prm_moratorium_active,crb_clean_gen_mw,cob_persistent_poverty,haz_alr_riverine_flood
26145,Saginaw County,MI,0.618107050669962,75,0.6923825206783606,0.5561931830852052,0.5356745098519319,0.7681361910889007,0.7558551925361813,0.6132652207030841,0.42941145454399465,0,,0,0,0,0,0,0,0,prm_pct_tribal,haz_karst_exposed_pct,cob_energy_community,cob_ghgrp_combustion_facilities_n,cob_persistent_poverty,cob_lowtemp_ind_heat_tbtu
41067,Washington County,OR,0.6178576256132283,76,0.7344980033498864,0.6557021863580494,0.857734843321093,0.7248771435197527,0.8045034326266858,0.7236352196376284,0.11971788222087701,0,,0,0,0,0,0,0,0,prm_moratorium_proposed,prm_contested_total,haz_alr_coastal_flood,cob_ghgrp_combustion_facilities_n,cob_persistent_poverty,cob_energy_community
47157,Shelby County,TN,0.6176521286580855,77,0.7170488384060506,0.5245894317111732,0.8663010426226638,0.7528430491647162,0.4684974623953321,0.5642997245310105,0.38528316542332486,0,,0,0,0,0,0,0,0,prm_pct_tribal,prm_moratorium_active,wtr_bws_score,cob_persistent_poverty,cob_energy_community,haz_alr_riverine_flood
18051,Gibson County,IN,0.6176344908956247,78,0.7138484930549808,0.5684719609068074,0.7089242997978114,0.782987516080041,0.6764197461935644,0.6165444757963772,0.27176471924246226,0,,0,0,0,0,0,0,0,prm_moratorium_active,prm_pct_tribal,haz_karst_exposed_pct,cob_persistent_poverty,cob_ghgrp_combustion_facilities_n,cob_lowtemp_ind_heat_tbtu
08045,Garfield County,CO,0.6175478517316699,79,0.6870727718946956,0.5246501106144448,0.6716675307276054,0.8782887215741212,0.6972530867006964,0.5737370601956194,0.3245216722480685,0,,0,0,0,0,0,0,0,prm_moratorium_active,cob_energy_community,prm_moratorium_proposed,cob_ghgrp_combustion_facilities_n,cob_persistent_poverty,pwr_dist_retired_plant_km
22097,St. Landry Parish,LA,0.6174064194389924,80,0.7605932774147836,0.527075460151162,0.6726017433227998,0.8159698979962626,0.3928116876254505,0.5993198568954228,0.48619854433633686,0,,0,0,0,0,0,0,0,prm_moratorium_active,prm_nonattainment,cob_persistent_poverty,lnd_dist_cement_km,cob_ghgrp_combustion_facilities_n,haz_alr_riverine_flood
21157,Marshall County,KY,0.6172084139680918,81,0.7237619567218926,0.45633673682557774,0.7264265114957925,0.8319912099563618,0.5127457360660703,0.716134280425551,0.38871543922927554,0,,0,0,0,0,0,0,0,prm_nonattainment,cob_energy_community,prm_moratorium_active,crb_clean_gen_mw,cob_persistent_poverty,cob_lowtemp_ind_heat_tbtu
53025,Grant County,WA,0.6171690175423513,82,0.7977359108127721,0.7570156552645684,0.43853484603684134,0.8059141462821791,0.6439034577621963,0.6115786147132573,0.2629359184381863,0,,0,0,0,0,0,0,0,prm_moratorium_active,haz_karst_exposed_pct,prm_nonattainment,cob_persistent_poverty,cob_energy_community,cob_heat_demand
18129,Posey County,IN,0.6166906472613091,83,0.7067004499349868,0.5608397320821567,0.7069244544509006,0.785435346864017,0.5711379305893348,0.5561154336542399,0.36797210413119935,0,,0,0,0,0,0,0,0,prm_nonattainment,prm_pct_tribal,haz_karst_exposed_pct,cob_persistent_poverty,lnd_pct_buildable,haz_alr_earthquake
30003,Big Horn County,MT,0.6166336312396093,84,0.6078185435951969,0.6520228732840002,0.5427611732339448,0.739450701415204,0.6035590873808349,0.5924618329890321,0.5644677451937051,0,,0,0,0,0,0,0,0,prm_nonattainment,lnd_pct_buildable,prm_moratorium_active,cob_lowtemp_ind_heat_tbtu,cob_ghgrp_combustion_facilities_n,lnd_dist_eaf_steel_km
35045,San Juan County,NM,0.6165148264621134,85,0.7846243390188423,0.6252800961902516,0.4833850614298411,0.8182984413155003,0.7137188070735326,0.4471891779191815,0.396660732389185,0,,0,0,0,0,0,0,0,prm_moratorium_active,cob_energy_community,lnd_pct_buildable,prm_pct_tribal,lnd_dist_interstate_km,cob_persistent_poverty
49007,Carbon County,UT,0.6164590896227058,86,0.6449197324546849,0.5506222649878094,0.6722182340036718,0.8593063726315768,0.6015973455857435,0.5888472052414031,0.3915591237489229,0,,0,0,0,0,0,0,0,haz_karst_exposed_pct,prm_nonattainment,cob_heat_demand,cob_lowtemp_ind_heat_tbtu,lnd_dist_interstate_km,pwr_substations_230kv_n
32003,Clark County,NV,0.6158265440946038,87,0.821923123416214,0.6718407943809703,0.4653501023364237,0.6683014403367785,0.45004777051909944,0.7983844028742885,0.396530835275118,0,,0,0,0,0,0,0,0,crb_clean_gen_mw,crb_queue_clean_mw,cob_energy_community,cob_persistent_poverty,prm_nonattainment,prm_price_growth_pct
09140,Naugatuck Valley Planning Region,CT,0.6153869532572073,88,0.5963755513360782,0.5936824894872932,0.7986377371295897,0.673113226455543,0.70151556475043,0.6736105383019094,0.33330242536501653,0,,0,0,0,0,0,0,0,prm_contested_total,haz_karst_exposed_pct,cob_energy_community,pwr_ind_price_cents_kwh,cob_persistent_poverty,prm_nonattainment
26105,Mason County,MI,0.6149692026976901,89,0.645440384515415,0.5398011179055301,0.6212774637307332,0.8411653561212681,0.7710795465408266,0.47772462879675265,0.44187770347220096,0,,0,0,0,0,0,0,0,prm_nonattainment,haz_karst_exposed_pct,prm_moratorium_active,lnd_dist_interstate_km,cob_persistent_poverty,cob_lowtemp_ind_heat_tbtu
40131,Rogers County,OK,0.614800740941621,90,0.7660783508584597,0.552393321033718,0.5809060627080861,0.8390940362620742,0.5219396209567618,0.7975972668922712,0.2848504521806409,0,,0,0,0,0,0,0,0,prm_moratorium_active,cob_energy_community,lnd_pct_buildable,cob_persistent_poverty,crb_clean_gen_mw,cob_lowtemp_ind_heat_tbtu
22089,St. Charles Parish,LA,0.6146453047560553,91,0.8556989376692481,0.5382425369474622,0.7044444651999011,0.840937352352156,0.3550480382521254,0.5823690889517806,0.3507341309014345,0,,0,0,0,0,0,0,0,prm_pct_tribal,pwr_substations_230kv_n,prm_moratorium_active,cob_persistent_poverty,haz_alr_riverine_flood,haz_alr_coastal_flood
42007,Beaver County,PA,0.6146382483745785,92,0.7664232863446475,0.3740492927007848,0.7301079850802624,0.6896820462158594,0.7261788555782491,0.81483746436643,0.38364026245024097,0,,0,0,0,0,0,0,0,prm_contested_total,cob_energy_community,prm_moratorium_active,prm_nonattainment,cob_persistent_poverty,cob_lowtemp_ind_heat_tbtu
42043,Dauphin County,PA,0.6145469318904064,93,0.8017678114197885,0.34996762326967074,0.7661249635677562,0.7729136549224216,0.6592924846529885,0.7406476557066449,0.37158464612385117,0,,0,0,0,0,0,0,0,prm_contested_total,prm_nonattainment,cob_energy_community,cob_ghgrp_combustion_facilities_n,cob_persistent_poverty,crb_clean_gen_mw
17031,Cook County,IL,0.6141363436321443,94,0.8455010038026006,0.4176912938835014,0.5336843888597397,0.5241157263935187,0.742215011555251,0.8085943840643988,0.5985895872243991,0,,0,0,0,0,0,0,0,cob_lowtemp_ind_heat_tbtu,wtr_wwtp_flow_mgd,prm_moratorium_active,cob_persistent_poverty,prm_nonattainment,prm_pop_density_km2
40101,Muskogee County,OK,0.6141291807110745,95,0.8048525072432466,0.6073098430288512,0.6931558417085583,0.84508686560354,0.41076074285407066,0.7105439623515721,0.23073031228039895,0,,0,0,0,0,0,0,0,prm_contested_total,lnd_pct_buildable,prm_moratorium_active,cob_persistent_poverty,cob_energy_community,haz_alr_wildfire
48321,Matagorda County,TX,0.6132970233495476,96,0.6942829652449704,0.7384046361722211,0.5439383827807405,0.874828661082654,0.4019753812636838,0.5676991300579902,0.38714312650433835,0,,0,0,0,0,0,0,0,prm_nonattainment,crb_clean_gen_mw,cob_energy_community,lnd_dist_interstate_km,cob_persistent_poverty,cob_lowtemp_ind_heat_tbtu
42021,Cambria County,PA,0.6132815832920899,97,0.7817998009843283,0.42972587882770785,0.6873780419463932,0.6998356965327338,0.7696789232202589,0.6273191499005403,0.3672472364318997,0,,0,0,0,0,0,0,0,prm_pct_tribal,prm_contested_total,prm_moratorium_active,cob_persistent_poverty,prm_nonattainment,cob_ghgrp_combustion_facilities_n
09110,Capitol Planning Region,CT,0.6132777922090993,98,0.7076465138744105,0.6165601461162465,0.7715821014105195,0.6732831823263652,0.7484102667961652,0.6904936328648775,0.19877020134477935,0,,0,0,0,0,0,0,0,haz_karst_exposed_pct,prm_moratorium_active,prm_moratorium_proposed,pwr_ind_price_cents_kwh,cob_persistent_poverty,cob_energy_community
17001,Adams County,IL,0.612994953892922,99,0.6424323461110609,0.486244439666957,0.7535218151744798,0.729293447426738,0.7472796286188321,0.6462727167335675,0.3690746121477577,0,,0,0,0,0,0,0,0,prm_pct_tribal,wtr_bws_score,prm_moratorium_active,cob_persistent_poverty,prm_tax_exemption_status,cob_unemp_rate
26147,St. Clair County,MI,0.612900890330391,100,0.7769238460004849,0.49549006468132906,0.6500807168044362,0.6920459478890107,0.7332031968846849,0.7194628014186785,0.2898150956421775,0,,0,0,0,0,0,0,0,prm_contested_total,prm_pct_tribal,prm_moratorium_active,cob_persistent_poverty,cob_energy_community,prm_nonattainment
19153,Polk County,IA,0.6128391265089368,101,0.712495772908669,0.48217591807999993,0.8000041221230525,0.7935425643597109,0.7403446802652452,0.674085004521523,0.2319698673847247,0,,0,0,0,0,0,0,0,haz_karst_exposed_pct,prm_moratorium_active,prm_moratorium_proposed,cob_persistent_poverty,cob_energy_community,crb_clean_gen_mw
53061,Snohomish County,WA,0.6125522392591661,102,0.6442056089119196,0.6063233031747249,0.8830878235340409,0.8105419053660178,0.7132030258300927,0.8042424966123026,0.13865658419978394,0,,0,0,0,0,0,0,0,prm_nonattainment,prm_contested_total,haz_karst_exposed_pct,cob_ghgrp_combustion_facilities_n,cob_persistent_poverty,cob_energy_community
26151,Sanilac County,MI,0.6123407065645675,103,0.6779152625891351,0.5584339154751967,0.5515293756289894,0.7794482222115252,0.7909530991504756,0.4908343545439136,0.45464940224170913,0,,0,0,0,0,0,0,0,prm_nonattainment,prm_pct_tribal,haz_karst_exposed_pct,cob_persistent_poverty,lnd_pct_buildable,lnd_pct_cropland
17183,Vermilion County,IL,0.6121802785622567,104,0.6980335090567482,0.5184654674374848,0.6344380039636192,0.6987262583957182,0.6597482247884936,0.6746717016070521,0.4048132686753063,0,,0,0,0,0,0,0,0,prm_nonattainment,prm_contested_total,haz_karst_exposed_pct,cob_ghgrp_combustion_facilities_n,cob_persistent_poverty,lnd_pct_cropland
53075,Whitman County,WA,0.6121185848853612,105,0.6187465342695501,0.7283346127296959,0.7288829357854071,0.7798196930054655,0.6625538810547282,0.380146480100976,0.34808209507038124,0,,0,0,0,0,0,0,0,prm_contested_total,cob_persistent_poverty,prm_moratorium_active,cob_ghgrp_combustion_facilities_n,lnd_dist_interstate_km,cob_energy_community
26123,Newaygo County,MI,0.6119296352048352,106,0.6280286529568136,0.5061520348573152,0.7052209842487539,0.84597216914804,0.7895253520738744,0.49619057545260326,0.3865607295920046,0,,0,0,0,0,0,0,0,prm_nonattainment,haz_karst_exposed_pct,cob_energy_community,cob_ghgrp_combustion_facilities_n,cob_persistent_poverty,pwr_substations_230kv_n
17137,Morgan County,IL,0.6117589598337085,107,0.7207273732164031,0.5117004789405815,0.738577338366655,0.7136863620466289,0.6155880290883725,0.6621395359525,0.3231349387189709,0,,0,0,0,0,0,0,0,prm_nonattainment,prm_pct_tribal,haz_karst_exposed_pct,cob_persistent_poverty,cob_ghgrp_combustion_facilities_n,cob_lowtemp_ind_heat_tbtu
25009,Essex County,MA,0.6113857816990524,108,0.6514836591201784,0.6203182907862062,0.773458481208638,0.7640129271869649,0.6523407068025538,0.5702810191979232,0.26181188880905826,0,,0,0,0,0,0,0,0,prm_pct_tribal,wtr_wwtp_flow_mgd,haz_karst_exposed_pct,pwr_ind_price_cents_kwh,cob_persistent_poverty,cob_energy_community
53067,Thurston County,WA,0.611208009500709,109,0.6446027503931376,0.6858139668309469,0.8346668307233835,0.8131430377991207,0.7422234709440172,0.7738852279424959,0.1173666874972818,0,,0,0,0,0,0,0,0,prm_moratorium_proposed,haz_karst_exposed_pct,wtr_bws_2050_score,cob_ghgrp_combustion_facilities_n,cob_energy_community,cob_persistent_poverty
48121,Denton County,TX,0.6110113331608467,110,0.8221649301033557,0.6982161123373531,0.5442747734692555,0.7153492849733797,0.43848958898648405,0.8773865662019595,0.22790109688135393,0,,0,0,0,0,0,0,0,prm_moratorium_proposed,cob_energy_community,prm_county_can_zone,cob_persistent_poverty,prm_nonattainment,cob_ghgrp_combustion_facilities_n
06013,Contra Costa County,CA,0.6109490757451318,111,0.6902726217328762,0.7358420615402098,0.5954231377223886,0.6214614172889917,0.6076876351530697,0.5571112066572761,0.37325899924316785,0,,0,0,0,0,0,0,0,wtr_wwtp_flow_mgd,cob_energy_community,haz_karst_exposed_pct,pwr_ind_price_cents_kwh,cob_persistent_poverty,prm_price_growth_pct
37157,Rockingham County,NC,0.6109108631731143,112,0.7143122586968423,0.5309932062050092,0.5937976052472435,0.8564547506902305,0.6691707725548558,0.6081918486205882,0.32134582257537164,0,,0,0,0,0,0,0,0,prm_pct_tribal,prm_tax_exemption_status,prm_moratorium_active,cob_ghgrp_combustion_facilities_n,cob_persistent_poverty,cob_heat_demand
48427,Starr County,TX,0.6107477726701921,113,0.735381729097005,0.7503742607726787,0.3735470233315273,0.8813546370689315,0.39000229891068144,0.5463973138614585,0.5915217602150263,0,,0,0,0,0,0,0,0,haz_karst_exposed_pct,prm_moratorium_active,cob_persistent_poverty,haz_days_gt95f_2050,lnd_dist_cement_km,lnd_dist_interstate_km
37155,Robeson County,NC,0.6107198725128327,114,0.7438874802831782,0.5918417445251039,0.6194195784525766,0.8330103778526577,0.38723794418751534,0.587701251443517,0.4217421127273404,0,,0,0,0,0,0,0,0,prm_moratorium_active,cob_persistent_poverty,prm_tax_exemption_status,cob_energy_community,lnd_pct_buildable,cob_heat_demand
18157,Tippecanoe County,IN,0.6105773857355427,115,0.6533626609679347,0.498138741573617,0.653093548559338,0.7550130498677012,0.6683066478540105,0.7475961796536378,0.3722197890721376,0,,0,0,0,0,0,0,0,prm_pct_tribal,prm_nonattainment,prm_moratorium_active,cob_energy_community,cob_persistent_poverty,crb_clean_gen_mw
55079,Milwaukee County,WI,0.6100081425520077,116,0.7269823032437589,0.476275792126256,0.602234677267097,0.6278232398516311,0.8042871947364519,0.8198438490019934,0.356706927664676,0,,0,0,0,0,0,0,0,prm_moratorium_active,prm_moratorium_proposed,wtr_wwtp_flow_mgd,cob_persistent_poverty,cob_energy_community,prm_nonattainment
48147,Fannin County,TX,0.6098339752504879,117,0.7757291734806829,0.6991212737887432,0.6603953740890092,0.8767528069426511,0.3347813784318075,0.6157027348744605,0.2608586242788789,0,,0,0,0,0,0,0,0,prm_moratorium_active,prm_pct_tribal,prm_moratorium_proposed,cob_persistent_poverty,cob_ghgrp_combustion_facilities_n,cob_lowtemp_ind_heat_tbtu
48181,Grayson County,TX,0.6094695604478573,118,0.689027361991935,0.7045036886811168,0.6652791694701786,0.8542217880472374,0.4124731111548853,0.6690556007524878,0.2549707563577814,0,,0,0,0,0,0,0,0,prm_contested_total,cob_energy_community,lnd_pct_buildable,cob_persistent_poverty,pwr_substations_230kv_n,cob_ghgrp_combustion_facilities_n
22017,Caddo Parish,LA,0.6094635755549825,119,0.6002465360016488,0.501397447029949,0.7342058163987746,0.8250300445721154,0.5156041437691008,0.5792519402348734,0.5348219317712604,0,,0,0,0,0,0,0,0,prm_moratorium_active,cob_persistent_poverty,cob_energy_community,cob_lowtemp_ind_heat_tbtu,lnd_dist_ixp_km,cob_heat_demand
48331,Milam County,TX,0.6093374153319093,120,0.7669518724009992,0.7295545501772474,0.5301791482413021,0.887678574757594,0.39495261308516577,0.6497827108288723,0.2693108885636361,0,,0,0,0,0,0,0,0,prm_moratorium_active,lnd_pct_buildable,prm_moratorium_proposed,cob_persistent_poverty,lnd_dist_interstate_km,cob_ghgrp_combustion_facilities_n
09190,Western Connecticut Planning Region,CT,0.6093194581320431,121,0.6390025224475113,0.538381773010688,0.7844573160089732,0.6720711040938444,0.7016714382967839,0.6524877488957507,0.3286239514771631,0,,0,0,0,0,0,0,0,prm_moratorium_active,prm_moratorium_proposed,prm_contested_total,pwr_ind_price_cents_kwh,cob_persistent_poverty,prm_nonattainment
47065,Hamilton County,TN,0.6092905382787125,122,0.6453924276519425,0.5093734417455098,0.8216640487195545,0.8237703928244056,0.524461854161115,0.7133070503914917,0.29869323143747195,0,,0,0,0,0,0,0,0,prm_moratorium_active,prm_moratorium_proposed,crb_clean_gen_mw,cob_persistent_poverty,cob_energy_community,cob_unemp_rate
06001,Alameda County,CA,0.609287707212505,123,0.6697736549577841,0.7267040830030689,0.6434608009304742,0.6257511347232843,0.6020543135737145,0.6392713520255744,0.30763250316602325,0,,0,0,0,0,0,0,0,haz_karst_exposed_pct,prm_pct_tribal,prm_moratorium_proposed,pwr_ind_price_cents_kwh,cob_persistent_poverty,prm_price_growth_pct
55009,Brown County,WI,0.6091288333034011,124,0.6788601750891287,0.4061554970080067,0.7950576413800298,0.73996892351765,0.8005732977913351,0.6079254924155414,0.3800660167846241,0,,0,0,0,0,0,0,0,prm_nonattainment,prm_moratorium_active,prm_moratorium_proposed,crb_queue_clean_mw,cob_persistent_poverty,cob_energy_community
39095,Lucas County,OH,0.6088996565781319,125,0.7936894659507004,0.2663480653259082,0.8363673517628678,0.7314829602454,0.719720767027401,0.71930246897668,0.5086736469362488,0,,0,0,0,0,0,0,0,prm_moratorium_active,prm_moratorium_proposed,wtr_bws_score,cob_persistent_poverty,crb_queue_clean_mw,lnd_pct_buildable
20037,Crawford County,KS,0.6086016140276449,126,0.6814404629670866,0.5658028966807926,0.65846225149063,0.8476787889238312,0.4693037142767594,0.6665315551741032,0.3463971215896476,0,,0,0,0,0,0,0,0,prm_moratorium_proposed,prm_pct_tribal,prm_moratorium_active,cob_persistent_poverty,pwr_substations_230kv_n,cob_ghgrp_combustion_facilities_n
40089,McCurtain County,OK,0.6084324355052373,127,0.635740063282669,0.5621103048603028,0.6655121601820446,0.8711916638940643,0.41459797553202293,0.5594208437208431,0.5187514683396564,0,,0,0,0,0,0,0,0,prm_moratorium_active,prm_pop_density_km2,wtr_bws_score,lnd_dist_interstate_km,cob_lowtemp_ind_heat_tbtu,haz_alr_riverine_flood
26045,Eaton County,MI,0.6082471989643724,128,0.7269096525356247,0.522695202177512,0.7071586342029837,0.7614167139999045,0.7527669854000798,0.6904086590184871,0.2188876296320709,0,,0,0,0,0,0,0,0,haz_karst_exposed_pct,prm_pct_tribal,prm_moratorium_proposed,cob_persistent_poverty,cob_energy_community,cob_lowtemp_ind_heat_tbtu
17167,Sangamon County,IL,0.6079426888663311,129,0.6908358123584241,0.5419375024728532,0.7153491086357997,0.6878554464418962,0.6470682447817517,0.6272269263302434,0.33457659984353816,0,,0,0,0,0,0,0,0,prm_pct_tribal,prm_contested_total,haz_karst_exposed_pct,cob_ghgrp_combustion_facilities_n,cob_persistent_poverty,cob_lowtemp_ind_heat_tbtu
29021,Buchanan County,MO,0.6072955255069871,130,0.668327519410782,0.5452733688956892,0.7937021763377731,0.7881375933385187,0.6088523005589785,0.6952022817472566,0.2355624032803614,0,,0,0,0,0,0,0,0,prm_moratorium_proposed,wtr_bws_score,wtr_bws_2050_score,cob_persistent_poverty,cob_energy_community,crb_clean_gen_mw
42097,Northumberland County,PA,0.6071872120013139,131,0.7673624238861766,0.3606404483282796,0.7416300923587481,0.7812539645210607,0.7298497197161403,0.6609213267726081,0.3594499599784534,0,,0,0,0,0,0,0,0,prm_pct_tribal,prm_moratorium_active,cob_energy_community,cob_persistent_poverty,cob_lowtemp_ind_heat_tbtu,crb_lrmer_2035_kg_mwh
55059,Kenosha County,WI,0.6071812499051853,132,0.7773677379215765,0.5508854249174677,0.4801122449708092,0.6400662924683647,0.7917477824305409,0.755726278889309,0.3400884586186197,0,,0,0,0,0,0,0,0,prm_moratorium_proposed,prm_pct_tribal,haz_karst_exposed_pct,cob_persistent_poverty,cob_ghgrp_combustion_facilities_n,prm_nonattainment
21059,Daviess County,KY,0.6070997531928536,133,0.7826187964060891,0.4144326899519493,0.6923797537431331,0.7748117846986372,0.605403719791666,0.5883583508885399,0.4067943176980704,0,,0,0,0,0,0,0,0,prm_moratorium_proposed,cob_energy_community,haz_karst_exposed_pct,cob_persistent_poverty,crb_queue_clean_mw,crb_clean_gen_mw
22073,Ouachita Parish,LA,0.6070698791129797,134,0.7161796970527471,0.5365360086869854,0.6088249855623629,0.8212516301500057,0.44912194195715344,0.47785091945785646,0.5727310115833288,0,,0,0,0,0,0,0,0,prm_pct_tribal,prm_moratorium_active,cob_persistent_poverty,cob_heat_demand,lnd_dist_cement_km,lnd_dist_ixp_km
18037,Dubois County,IN,0.6070426852586693,135,0.6970049819114317,0.49247440981683477,0.6897824349830461,0.8167400588594961,0.5763183612259877,0.7099850525284032,0.3109403729626562,0,,0,0,0,0,0,0,0,prm_nonattainment,prm_moratorium_proposed,cob_energy_community,cob_persistent_poverty,cob_lowtemp_ind_heat_tbtu,haz_alr_riverine_flood
37081,Guilford County,NC,0.6070410577738194,136,0.6825404675474867,0.4859604432474639,0.5965449866371098,0.8442567312812133,0.686726467596089,0.6988284670829167,0.3364228920530103,0,,0,0,0,0,0,0,0,prm_pct_tribal,prm_tax_exemption_status,prm_moratorium_active,cob_persistent_poverty,crb_queue_clean_mw,cob_lowtemp_ind_heat_tbtu
25011,Franklin County,MA,0.6066384590340604,137,0.679664292089516,0.5332746022002699,0.7514340793455796,0.8179792534609621,0.641179711808539,0.658722840851495,0.24049592393178776,0,,0,0,0,0,0,0,0,prm_moratorium_active,haz_karst_exposed_pct,prm_pct_tribal,pwr_ind_price_cents_kwh,cob_persistent_poverty,cob_energy_community
25005,Bristol County,MA,0.6065769721566057,138,0.6703675653051281,0.6354681978708625,0.7780042909843023,0.7724417595276032,0.7033244147989248,0.5357242545621177,0.2094272151018468,0,,0,0,0,0,0,0,0,prm_moratorium_active,prm_moratorium_proposed,prm_contested_total,pwr_ind_price_cents_kwh,cob_persistent_poverty,cob_energy_community
40143,Tulsa County,OK,0.6064595548297466,139,0.7274469658439205,0.6216759135207286,0.6404804464420236,0.7964843668843801,0.5339329469436248,0.7550955579529276,0.2170835323898036,0,,0,0,0,0,0,0,0,wtr_wwtp_flow_mgd,prm_moratorium_active,prm_moratorium_proposed,cob_persistent_poverty,cob_energy_community,cob_unemp_rate
26091,Lenawee County,MI,0.6064158580224628,140,0.5719534820347321,0.5370353609048599,0.7613102155562064,0.7289963908107144,0.7473213070831825,0.6169490332113838,0.3692491842166057,0,,0,0,0,0,0,0,0,prm_pct_tribal,prm_nonattainment,haz_karst_exposed_pct,cob_ghgrp_combustion_facilities_n,cob_persistent_poverty,cob_lowtemp_ind_heat_tbtu
17095,Knox County,IL,0.606080699288437,141,0.6628936110637069,0.4888553603485672,0.59420206737931,0.7178317564903999,0.7376794951630092,0.7649287013669852,0.38122336737358997,0,,0,0,0,0,0,0,0,prm_nonattainment,prm_pct_tribal,haz_karst_exposed_pct,cob_persistent_poverty,cob_ghgrp_combustion_facilities_n,cob_lowtemp_ind_heat_tbtu
53047,Okanogan County,WA,0.6059735408685655,142,0.5920860249757052,0.6476669479164434,0.7045422935322151,0.8246128339224971,0.6173826590442679,0.5489414523875148,0.3079929100181161,0,,0,0,0,0,0,0,0,pwr_ind_price_cents_kwh,prm_moratorium_active,crb_clean_gen_mw,lnd_dist_interstate_km,cob_energy_community,crb_queue_clean_mw
18153,Sullivan County,IN,0.6056721201399825,143,0.7296890637915678,0.5792362251512793,0.5657354437096307,0.8081035620071347,0.6396757586904372,0.5979020775110517,0.30034591669173866,0,,0,0,0,0,0,0,0,prm_contested_total,prm_pct_tribal,haz_karst_exposed_pct,cob_lowtemp_ind_heat_tbtu,cob_ghgrp_combustion_facilities_n,cob_persistent_poverty
50025,Windham County,VT,0.605249168007881,144,0.7190181252615707,0.5267641986662854,0.735532017948007,0.8789831148893433,0.6811784464379244,0.5908587791912487,0.2065320010101796,0,,0,0,0,0,0,0,0,prm_moratorium_proposed,prm_moratorium_active,haz_karst_exposed_pct,cob_persistent_poverty,cob_energy_community,cob_ghgrp_combustion_facilities_n
44007,Providence County,RI,0.6050427997127872,145,0.6706141405813668,0.5680484366387508,0.777758651092384,0.7606726465957908,0.7293816606336087,0.5909285846828105,0.22344649072411338,0,,0,0,0,0,0,0,0,prm_pct_tribal,prm_moratorium_active,prm_moratorium_proposed,pwr_ind_price_cents_kwh,cob_persistent_poverty,cob_energy_community
53063,Spokane County,WA,0.6049178829823794,146,0.6555713574876829,0.6931779661893518,0.696740108813481,0.786273195796075,0.6991271743553082,0.6317054912132417,0.17940828401670578,0,,0,0,0,0,0,0,0,prm_nonattainment,prm_moratorium_active,prm_moratorium_proposed,cob_ghgrp_combustion_facilities_n,lnd_dist_cement_km,cob_persistent_poverty
17153,Pulaski County,IL,0.6045305412337328,147,0.697778065776547,0.461457099541956,0.6720447231286928,0.7591216630667673,0.5204546890866856,0.7334815284674646,0.41613239928934304,0,,0,0,0,0,0,0,0,prm_nonattainment,wtr_bws_score,wtr_bws_2050_score,cob_lowtemp_ind_heat_tbtu,cob_ghgrp_combustion_facilities_n,cob_persistent_poverty
18125,Pike County,IN,0.6045246609464434,148,0.7101443126811073,0.5587008712987417,0.5866084575997476,0.8365469400413753,0.5612307919266502,0.6865403456177046,0.29798152397238714,0,,0,0,0,0,0,0,0,prm_moratorium_proposed,prm_moratorium_active,cob_energy_community,cob_lowtemp_ind_heat_tbtu,cob_persistent_poverty,cob_ghgrp_combustion_facilities_n
48257,Kaufman County,TX,0.6044216005844285,149,0.7282485523132186,0.7058776470365353,0.5159847945408746,0.7520785697409216,0.4333770099240949,0.806299446682095,0.28970714108428997,0,,0,0,0,0,0,0,0,prm_moratorium_proposed,cob_energy_community,haz_karst_exposed_pct,cob_persistent_poverty,prm_nonattainment,cob_heat_demand
48025,Bee County,TX,0.604336849304469,150,0.685423544522073,0.7208615200344825,0.6204358442675195,0.8856068145038707,0.377238198717582,0.6355373727600749,0.27534937840090656,0,,0,0,0,0,0,0,0,prm_nonattainment,prm_county_can_zone,prm_moratorium_proposed,cob_persistent_poverty,cob_ghgrp_combustion_facilities_n,cob_lowtemp_ind_heat_tbtu
48223,Hopkins County,TX,0.6041447942066414,151,0.6753553940063577,0.7185534851682908,0.5744814915573668,0.890655758327991,0.3948940185802581,0.8154704320107302,0.23628987858383133,0,,0,0,0,0,0,0,0,prm_pct_tribal,lnd_pct_buildable,cob_energy_community,cob_persistent_poverty,cob_ghgrp_combustion_facilities_n,cob_lowtemp_ind_heat_tbtu
08077,Mesa County,CO,0.6040512907003412,152,0.6881795035528285,0.4870870070028398,0.6785878980468656,0.8648393153953192,0.6515794866861243,0.5268552788299519,0.3480418998815211,0,,0,0,0,0,0,0,0,prm_pct_tribal,prm_contested_total,cob_energy_community,lnd_dist_cement_km,lnd_dist_ixp_km,crb_queue_clean_mw
49035,Salt Lake County,UT,0.6038857734587092,153,0.795894022325791,0.5552090289417386,0.5693435489978353,0.6853123367024639,0.6342437198733675,0.8440420897305713,0.23557543590770424,0,,0,0,0,0,0,0,0,prm_pct_tribal,prm_moratorium_proposed,wtr_wwtp_flow_mgd,cob_persistent_poverty,cob_energy_community,prm_nonattainment
40069,Johnston County,OK,0.6037465439680115,154,0.6944703723591841,0.6477749893140621,0.488550297379307,0.8730323866035589,0.4117008256297359,0.5995508336625209,0.4560659688687731,0,,0,0,0,0,0,0,0,prm_pct_tribal,prm_nonattainment,lnd_pct_buildable,cob_ghgrp_combustion_facilities_n,cob_lowtemp_ind_heat_tbtu,haz_alr_wildfire
42033,Clearfield County,PA,0.6031758188414496,155,0.6591401988275799,0.3904427335064305,0.6657360699392582,0.8307851662306662,0.7900647808679009,0.6770488161235922,0.3939271641026715,0,,0,0,0,0,0,0,0,prm_pct_tribal,prm_moratorium_active,cob_energy_community,cob_persistent_poverty,cob_lowtemp_ind_heat_tbtu,crb_lrmer_2035_kg_mwh
48395,Robertson County,TX,0.6031135745019969,156,0.6305093237581361,0.7045971550541242,0.6228631319145096,0.8730664406739781,0.4139049540982967,0.713005013965935,0.27875522911225153,0,,0,0,0,0,0,0,0,prm_moratorium_active,cob_energy_community,haz_karst_exposed_pct,cob_persistent_poverty,lnd_dist_interstate_km,cob_ghgrp_combustion_facilities_n
06095,Solano County,CA,0.6028561003442944,157,0.6460433461927199,0.7747661703556672,0.6181644368663788,0.6148623403079806,0.5806974400167355,0.579956374585613,0.3325719984372455,0,,0,0,0,0,0,0,0,prm_moratorium_active,cob_energy_community,prm_moratorium_proposed,pwr_ind_price_cents_kwh,cob_persistent_poverty,prm_price_growth_pct
26057,Gratiot County,MI,0.6024381727295288,158,0.6566970783250649,0.5664582654977726,0.5756600434480396,0.7702952666426629,0.7769455554464054,0.4433658690093664,0.43434174420986016,0,,0,0,0,0,0,0,0,prm_nonattainment,prm_pct_tribal,cob_energy_community,cob_persistent_poverty,lnd_dist_interstate_km,cob_lowtemp_ind_heat_tbtu
42133,York County,PA,0.6020121020001836,159,0.7765627484788115,0.4358639866164449,0.6747989176925083,0.7597340968716226,0.7427314755242665,0.7976202577982482,0.22358879018779998,0,,0,0,0,0,0,0,0,prm_nonattainment,prm_contested_total,crb_clean_gen_mw,cob_persistent_poverty,cob_energy_community,crb_lrmer_2035_kg_mwh
26121,Muskegon County,MI,0.6019291613472844,160,0.6361358494860208,0.5195150364982684,0.8171050716850367,0.684894910032715,0.8203649503831829,0.662376575996932,0.2413251989272182,0,,0,0,0,0,0,0,0,prm_moratorium_active,wtr_bws_score,cob_heat_demand,cob_ghgrp_combustion_facilities_n,cob_persistent_poverty,cob_energy_community
42107,Schuylkill County,PA,0.6017964493250874,161,0.6802314805683719,0.39146322951582957,0.6649495567375127,0.7796996532902204,0.768948988581935,0.7473741455496477,0.366689094345777,0,,0,0,0,0,0,0,0,prm_moratorium_active,prm_moratorium_proposed,cob_energy_community,cob_persistent_poverty,cob_lowtemp_ind_heat_tbtu,crb_lrmer_2035_kg_mwh
26081,Kent County,MI,0.6017138623993316,162,0.6172208774257114,0.43154962911004685,0.8459507930579754,0.7895399121143177,0.827947584891607,0.6824867601024764,0.2646668974717987,0,,0,0,0,0,0,0,0,prm_nonattainment,prm_moratorium_proposed,haz_karst_exposed_pct,cob_persistent_poverty,cob_energy_community,cob_ghgrp_combustion_facilities_n
56001,Albany County,WY,0.6014720697039638,163,0.6022432512835809,0.6419025990955036,0.4230150742623846,0.8970089353491193,0.6023862349349008,0.7728990576041471,0.3859092597760493,0,,0,0,0,0,0,0,0,lnd_pct_buildable,prm_moratorium_active,cob_energy_community,cob_ghgrp_combustion_facilities_n,cob_persistent_poverty,pwr_dist_retired_plant_km
18165,Vermillion County,IN,0.6014350158879181,164,0.7827983721286849,0.4981049570726118,0.554158032663297,0.7998636948328112,0.568347021013662,0.6166924663997612,0.3597684463577304,0,,0,0,0,0,0,0,0,prm_moratorium_active,cob_energy_community,haz_karst_exposed_pct,cob_persistent_poverty,crb_clean_gen_mw,cob_lowtemp_ind_heat_tbtu
38057,Mercer County,ND,0.6012992741603804,165,0.821372374295907,0.482937735764721,0.6939822752563453,0.8732969721100835,0.7297514548231127,0.31484174549152466,0.32574800064941706,0,,0,0,0,0,0,0,0,prm_pop_density_km2,prm_price_growth_pct,haz_karst_exposed_pct,lnd_dist_ixp_km,lnd_dist_eaf_steel_km,cob_persistent_poverty
26137,Otsego County,MI,0.6012058094505733,166,0.5984911328823629,0.4688373435648008,0.6640894576954617,0.8671133305338197,0.8324137156448689,0.5493691660777046,0.3734285904489496,0,,0,0,0,0,0,0,0,prm_contested_total,prm_moratorium_proposed,cob_heat_demand,cob_persistent_poverty,pwr_dist_retired_plant_km,cob_ghgrp_combustion_facilities_n
48085,Collin County,TX,0.6011981552844686,167,0.8206972849307707,0.6700794949648097,0.5735869921645375,0.7067462707305989,0.42507599440688615,0.7970094940535634,0.22398663552113135,0,,0,0,0,0,0,0,0,prm_moratorium_proposed,cob_energy_community,wtr_wwtp_flow_mgd,cob_persistent_poverty,prm_nonattainment,cob_ghgrp_combustion_facilities_n
26065,Ingham County,MI,0.6009554677426805,168,0.6089123272190572,0.5275555217772506,0.8250301551645636,0.7264306034255593,0.768837748925298,0.691163325916475,0.23464342855148862,0,,0,0,0,0,0,0,0,prm_nonattainment,haz_karst_exposed_pct,prm_moratorium_active,cob_persistent_poverty,cob_energy_community,pwr_substations_230kv_n
48231,Hunt County,TX,0.6007507518559424,169,0.6668781820070645,0.6907566417768196,0.5683840778951829,0.8629204307219676,0.3895246344905848,0.8655364468580028,0.2509091582862527,0,,0,0,0,0,0,0,0,prm_moratorium_active,cob_energy_community,prm_county_can_zone,cob_persistent_poverty,cob_ghgrp_combustion_facilities_n,cob_lowtemp_ind_heat_tbtu
17099,LaSalle County,IL,0.6003829641031814,170,0.684430256847364,0.4574626187232571,0.5602676656432626,0.695689283603598,0.6864431167786242,0.7562841085522471,0.4533289204732839,0,,0,0,0,0,0,0,0,prm_moratorium_proposed,prm_pct_tribal,crb_clean_gen_mw,cob_persistent_poverty,cob_lowtemp_ind_heat_tbtu,lnd_pct_cropland
19187,Webster County,IA,0.6002563191808354,171,0.6569102363929274,0.562581834237287,0.6832845261116149,0.797120349098597,0.6937245009188844,0.46843762408921824,0.3299839747201354,0,,0,0,0,0,0,0,0,prm_contested_total,prm_moratorium_active,prm_moratorium_proposed,cob_persistent_poverty,cob_energy_community,haz_alr_tornado
49049,Utah County,UT,0.6002113929513846,172,0.7675348142441702,0.5870986842248959,0.5444487132715834,0.7108691906673946,0.5944345707116707,0.8522487002620439,0.2321967638972392,0,,0,0,0,0,0,0,0,prm_moratorium_proposed,prm_moratorium_active,prm_contested_total,cob_ghgrp_combustion_facilities_n,cob_persistent_poverty,cob_energy_community
23001,Androscoggin County,ME,0.6001267401439145,173,0.6363132498606843,0.5931237534477849,0.8715020307281213,0.7765691021552636,0.7283056208737283,0.4977636752028613,0.2078176635575285,0,,0,0,0,0,0,0,0,prm_moratorium_active,cob_heat_demand,haz_alr_coastal_flood,cob_persistent_poverty,cob_energy_community,prm_price_growth_pct
20011,Bourbon County,KS,0.5998725361008026,174,0.5757069708379097,0.6296673144342041,0.6485279767402881,0.8871581267000067,0.4996402632777767,0.6765159790563496,0.3168956908754973,0,,0,0,0,0,0,0,0,prm_moratorium_proposed,lnd_pct_buildable,cob_energy_community,cob_ghgrp_combustion_facilities_n,cob_persistent_poverty,pwr_substations_230kv_n
48161,Freestone County,TX,0.5995034313257445,175,0.6636095752696917,0.6638773496539292,0.5955229672917539,0.7980741277842744,0.44682823449485914,0.7897032480376632,0.2672597940601291,0,,0,0,0,0,0,0,0,prm_moratorium_active,cob_energy_community,prm_county_can_zone,cob_lowtemp_ind_heat_tbtu,cob_persistent_poverty,prm_nonattainment
20209,Wyandotte County,KS,0.599455355511027,176,0.6270869611484838,0.5646879635007063,0.7388178909121927,0.8229965912635048,0.6334401506555523,0.7250419197598929,0.2148919415447263,0,,0,0,0,0,0,0,0,prm_moratorium_proposed,prm_pct_tribal,prm_moratorium_active,cob_persistent_poverty,cob_energy_community,pwr_substations_230kv_n
48133,Eastland County,TX,0.599046882797513,177,0.6716875272066575,0.7283545548474377,0.4691979861547514,0.8986538805952141,0.43164541169598025,0.7231074973783677,0.29571278772796017,0,,0,0,0,0,0,0,0,prm_pct_tribal,prm_contested_total,cob_energy_community,cob_persistent_poverty,cob_ghgrp_combustion_facilities_n,cob_lowtemp_ind_heat_tbtu
26101,Manistee County,MI,0.5988438531630502,178,0.5730308597597302,0.4428965655344079,0.6636124279665342,0.8636507513231689,0.7979568200970285,0.4851155216861578,0.5207108342870437,0,,0,0,0,0,0,0,0,prm_nonattainment,cob_heat_demand,haz_karst_exposed_pct,cob_persistent_poverty,pwr_substations_230kv_n,lnd_dist_interstate_km
48221,Hood County,TX,0.5988285510018951,179,0.7859069268635898,0.6283900304023577,0.6224404469248263,0.846029661277252,0.36378048189404116,0.7638765166017981,0.2189314570700137,0,,0,0,0,0,0,0,0,prm_moratorium_proposed,cob_energy_community,prm_county_can_zone,cob_persistent_poverty,cob_ghgrp_combustion_facilities_n,crb_clean_gen_mw
55117,Sheboygan County,WI,0.5983761247928542,180,0.7647659407258872,0.5166091917167083,0.5725908070068182,0.6457477005671987,0.7829225039658732,0.7407051474212567,0.2673393907238223,0,,0,0,0,0,0,0,0,cob_heat_demand,prm_moratorium_active,prm_moratorium_proposed,cob_persistent_poverty,cob_energy_community,cob_ghgrp_combustion_facilities_n
01071,Jackson County,AL,0.5982254325585131,181,0.7621671758991371,0.4314270840535017,0.7127063110367962,0.8510980444328519,0.5141180837231072,0.6254387218527997,0.3189494971218716,0,,0,0,0,0,0,0,0,prm_moratorium_active,prm_pct_tribal,prm_moratorium_proposed,cob_persistent_poverty,crb_clean_gen_mw,haz_alr_tornado
21007,Ballard County,KY,0.5979690599969826,182,0.6345244278201415,0.4527225553782975,0.7002675667367471,0.8138735126675385,0.5270619372304679,0.7083288846206277,0.4121686329222869,0,,0,0,0,0,0,0,0,haz_karst_exposed_pct,prm_pct_tribal,prm_moratorium_active,cob_persistent_poverty,pwr_substations_230kv_n,crb_clean_gen_mw
17057,Fulton County,IL,0.5978630069401478,183,0.7382322361043402,0.5202994155154339,0.5768118780566065,0.7486276002310184,0.6303045650660762,0.5902360462367223,0.34930916018638475,0,,0,0,0,0,0,0,0,prm_pct_tribal,prm_nonattainment,prm_moratorium_proposed,cob_ghgrp_combustion_facilities_n,cob_persistent_poverty,cob_lowtemp_ind_heat_tbtu
27123,Ramsey County,MN,0.5976776320760973,184,0.7531620904167184,0.41911803036684203,0.703475540530321,0.761964630280949,0.7858064308459324,0.5699082265131715,0.29540224207754306,0,,0,0,0,0,0,0,0,wtr_wwtp_flow_mgd,haz_karst_exposed_pct,prm_moratorium_active,cob_persistent_poverty,cob_energy_community,crb_queue_clean_mw
20091,Johnson County,KS,0.5975994884812335,185,0.7577734079180226,0.5623420768109202,0.7724804268061389,0.7911335702374549,0.6057174670777302,0.7423754697469925,0.14028617542996197,0,,0,0,0,0,0,0,0,prm_moratorium_active,prm_pct_tribal,prm_moratorium_proposed,cob_persistent_poverty,cob_energy_community,crb_clean_gen_mw
26127,Oceana County,MI,0.5975924232339264,186,0.635107403791498,0.46955537621669763,0.6495647159917743,0.813347137136236,0.7869504817687754,0.4932474285845445,0.41246868215371246,0,,0,0,0,0,0,0,0,prm_nonattainment,prm_pct_tribal,haz_karst_exposed_pct,cob_persistent_poverty,pwr_substations_230kv_n,lnd_dist_interstate_km
26129,Ogemaw County,MI,0.5975392039569549,187,0.6419846194380937,0.45961861604471543,0.5332018749038807,0.8590942755212816,0.8093842955406746,0.5394721388391887,0.4605445396930943,0,,0,0,0,0,0,0,0,prm_nonattainment,prm_pct_tribal,haz_karst_exposed_pct,cob_ghgrp_combustion_facilities_n,cob_persistent_poverty,crb_clean_gen_mw
20177,Shawnee County,KS,0.5972065953643546,188,0.6666539450684805,0.5702950005289231,0.6887164957514451,0.8265821473757731,0.5829214451656491,0.7230900075491077,0.21374383003445468,0,,0,0,0,0,0,0,0,prm_moratorium_proposed,prm_moratorium_active,prm_pct_tribal,cob_persistent_poverty,cob_energy_community,cob_lowtemp_ind_heat_tbtu
41055,Sherman County,OR,0.5971482270226663,189,0.6908798481824855,0.7915364479026115,0.608110044326529,0.8000353438852151,0.6393714253118536,0.5856135290492924,0.1559146465850554,0,,0,0,0,0,0,0,0,prm_pop_density_km2,crb_queue_clean_mw,prm_moratorium_active,cob_lowtemp_ind_heat_tbtu,cob_persistent_poverty,cob_energy_community
39173,Wood County,OH,0.5970369966936124,190,0.7751500879820368,0.3427193068332,0.7697071658007011,0.7077772751512145,0.770519814156683,0.6539485306215672,0.3418327390248759,0,,0,0,0,0,0,0,0,haz_karst_exposed_pct,prm_moratorium_proposed,cob_energy_community,cob_ghgrp_combustion_facilities_n,cob_persistent_poverty,cob_lowtemp_ind_heat_tbtu
13095,Dougherty County,GA,0.5969190791957459,191,0.7404230368284326,0.5345778131605612,0.6138733625795643,0.8684262272558237,0.4208421091216207,0.4492476336048861,0.46672013109829247,0,,0,0,0,0,0,0,0,prm_moratorium_proposed,prm_pct_tribal,prm_contested_total,cob_energy_community,lnd_dist_interstate_km,cob_heat_demand
21139,Livingston County,KY,0.5968225607774296,192,0.6464078422854173,0.5071752604494548,0.7263323799713033,0.8519926573474729,0.4417434716062232,0.6981748618884521,0.338502606620112,0,,0,0,0,0,0,0,0,prm_moratorium_active,cob_energy_community,wtr_bws_score,cob_lowtemp_ind_heat_tbtu,cob_persistent_poverty,cob_ghgrp_combustion_facilities_n
26155,Shiawassee County,MI,0.5965806425016644,193,0.6148879159146061,0.5624515199621766,0.5481921794522379,0.7314199997587538,0.7483742402286597,0.6584431537744779,0.3748872581174536,0,,0,0,0,0,0,0,0,prm_nonattainment,prm_pct_tribal,haz_karst_exposed_pct,cob_persistent_poverty,cob_ghgrp_combustion_facilities_n,cob_lowtemp_ind_heat_tbtu
18039,Elkhart County,IN,0.5963953440185127,194,0.6225213503234942,0.4993119240868918,0.7653795539606343,0.7726925661581238,0.7615595568467993,0.7231968202917085,0.22508566520791579,0,,0,0,0,0,0,0,0,prm_pct_tribal,prm_nonattainment,prm_moratorium_active,cob_ghgrp_combustion_facilities_n,cob_persistent_poverty,cob_energy_community
31177,Washington County,NE,0.5962469576792788,195,0.7636274692348793,0.5068665819593953,0.5718859643397216,0.8137219818560798,0.5547187984943722,0.6977952874868668,0.2842069124951784,0,,0,0,0,0,0,0,0,cob_lowtemp_ind_heat_tbtu,haz_karst_exposed_pct,prm_moratorium_proposed,cob_persistent_poverty,cob_energy_community,haz_alr_tornado
45069,Marlboro County,SC,0.5962364766181267,196,0.7115210858678266,0.5311454091091841,0.6336752477523924,0.8519146970751447,0.41645014269467945,0.5336009280048167,0.4254164344944378,0,,0,0,0,0,0,0,0,prm_nonattainment,cob_persistent_poverty,prm_moratorium_active,cob_energy_community,cob_lowtemp_ind_heat_tbtu,cob_heat_demand
26067,Ionia County,MI,0.5961486860895684,197,0.5420806603098406,0.49660786778057775,0.742710250257731,0.7825032375477964,0.7599574757109255,0.635517359713408,0.35925744619873534,0,,0,0,0,0,0,0,0,prm_nonattainment,prm_pct_tribal,haz_karst_exposed_pct,cob_persistent_poverty,pwr_substations_230kv_n,cob_ghgrp_combustion_facilities_n
17097,Lake County,IL,0.5959688585624794,198,0.7929129384474284,0.42843138512904233,0.5160896756709408,0.6233557495391548,0.770885054558369,0.7201458166661018,0.4275151207737673,0,,0,0,0,0,0,0,0,prm_moratorium_active,prm_contested_total,cob_energy_community,prm_nonattainment,cob_persistent_poverty,lnd_pct_buildable
17179,Tazewell County,IL,0.5959279121474569,199,0.7492693538134504,0.5127979342321252,0.6297659340152386,0.6914212688444241,0.6486739197965365,0.7050431605569426,0.269901606885812,0,,0,0,0,0,0,0,0,prm_pct_tribal,prm_moratorium_proposed,haz_karst_exposed_pct,cob_persistent_poverty,cob_energy_community,lnd_pct_buildable
48029,Bexar County,TX,0.595919053925456,200,0.7823090225370584,0.6904501628381572,0.4365394876971774,0.7111016445723104,0.4184274854460687,0.9125180852478353,0.2858957208830728,0,,0,0,0,0,0,0,0,prm_moratorium_active,wtr_wwtp_flow_mgd,cob_energy_community,cob_persistent_poverty,prm_nonattainment,cob_ghgrp_combustion_facilities_n
09180,Southeastern Connecticut Planning Region,CT,0.5956760200333695,201,0.6901263972293127,0.6098678009374116,0.7364088930150695,0.6878074927689699,0.6728912059611636,0.6315408229696517,0.20221283821661734,0,,0,0,0,0,0,0,0,prm_moratorium_active,crb_clean_gen_mw,haz_karst_exposed_pct,pwr_ind_price_cents_kwh,cob_persistent_poverty,cob_energy_community
18003,Allen County,IN,0.5954968107439503,202,0.6656931286418103,0.4832407711463831,0.7599889383384653,0.7620716036803716,0.7201353041968231,0.8099484970015095,0.1977064920589417,0,,0,0,0,0,0,0,0,prm_nonattainment,prm_contested_total,haz_karst_exposed_pct,cob_persistent_poverty,cob_energy_community,cob_ghgrp_combustion_facilities_n
37151,Randolph County,NC,0.5952114660134445,203,0.6608608611123339,0.5287854199088488,0.5238912168699986,0.8740109432122664,0.6006137569978016,0.6975866817607205,0.3366955141446696,0,,0,0,0,0,0,0,0,haz_karst_exposed_pct,prm_moratorium_active,prm_moratorium_proposed,cob_persistent_poverty,cob_heat_demand,cob_unemp_rate
01099,Monroe County,AL,0.5950239710521136,204,0.6490373746175794,0.4363876330432337,0.60347618923709,0.864258653010627,0.5419775986861918,0.6153046428594168,0.5099804670133212,0,,0,0,0,0,0,0,0,prm_moratorium_active,cob_persistent_poverty,cob_energy_community,crb_clean_gen_mw,cob_lowtemp_ind_heat_tbtu,cob_heat_demand
31109,Lancaster County,NE,0.5948264384487605,205,0.6880374521738248,0.5464415027799921,0.7397309576503414,0.7958662423014279,0.5456036858164102,0.7623196874127549,0.19938486750173073,0,,0,0,0,0,0,0,0,prm_moratorium_active,haz_karst_exposed_pct,prm_moratorium_proposed,cob_persistent_poverty,cob_energy_community,cob_unemp_rate
17087,Johnson County,IL,0.5947950875697362,206,0.6939403643013303,0.44221976229394216,0.6572787557174746,0.7986963748944028,0.5768461167159165,0.7606247416319917,0.3222470512593973,0,,0,0,0,0,0,0,0,prm_pct_tribal,prm_nonattainment,prm_moratorium_active,crb_clean_gen_mw,cob_ghgrp_combustion_facilities_n,cob_persistent_poverty
42049,Erie County,PA,0.5946781959174449,207,0.7048666167018082,0.3878072308732258,0.5984646879463369,0.7890227425187678,0.7785594934390955,0.6797384280447784,0.38251683158752814,0,,0,0,0,0,0,0,0,prm_moratorium_proposed,cob_energy_community,prm_moratorium_active,cob_ghgrp_combustion_facilities_n,cob_persistent_poverty,cob_lowtemp_ind_heat_tbtu
47073,Hawkins County,TN,0.5945501762467861,208,0.7281754060828278,0.41321537729212104,0.6253406311368355,0.858681994813611,0.6371029732640789,0.6760880434553269,0.321152907940214,0,,0,0,0,0,0,0,0,prm_nonattainment,prm_moratorium_active,cob_energy_community,cob_persistent_poverty,crb_clean_gen_mw,cob_lowtemp_ind_heat_tbtu
40023,Choctaw County,OK,0.5943924283980816,209,0.6453047625006965,0.5362595952665206,0.6374632956460248,0.8715691530802312,0.39216922326695497,0.6089581360340627,0.44789718880148977,0,,0,0,0,0,0,0,0,wtr_bws_score,prm_moratorium_proposed,lnd_pct_buildable,lnd_dist_interstate_km,cob_ghgrp_combustion_facilities_n,crb_clean_gen_mw
26055,Grand Traverse County,MI,0.594319155822428,210,0.6139625364570946,0.46433203573999193,0.724025008081923,0.827909013317253,0.8248282169043663,0.4812341651286803,0.34727168306769474,0,,0,0,0,0,0,0,0,prm_nonattainment,cob_heat_demand,haz_karst_exposed_pct,crb_clean_gen_mw,cob_persistent_poverty,lnd_dist_interstate_km
48387,Red River County,TX,0.594304780647904,211,0.610642500491048,0.6643485890031032,0.5873666207805497,0.8972139164753506,0.4253989827156918,0.6565579622372973,0.31788536284982294,0,,0,0,0,0,0,0,0,prm_nonattainment,cob_energy_community,prm_moratorium_active,cob_lowtemp_ind_heat_tbtu,cob_persistent_poverty,cob_ghgrp_combustion_facilities_n
48213,Henderson County,TX,0.5942988242731977,212,0.6984067959198473,0.6596604350092911,0.5945125581096816,0.877101850250372,0.4029904769444615,0.6483092999299411,0.26021941417973715,0,,0,0,0,0,0,0,0,prm_pct_tribal,haz_karst_exposed_pct,prm_moratorium_active,cob_persistent_poverty,cob_ghgrp_combustion_facilities_n,cob_lowtemp_ind_heat_tbtu
55087,Outagamie County,WI,0.5942435115514582,213,0.7577190816906374,0.49668026793942543,0.5841665255759907,0.7441642802846578,0.8381264522133629,0.5095389272330004,0.2910668943363619,0,,0,0,0,0,0,0,0,haz_karst_exposed_pct,cob_heat_demand,prm_moratorium_active,cob_persistent_poverty,cob_energy_community,cob_poverty_pct
47105,Loudon County,TN,0.5938485193749182,214,0.6579651112757291,0.468274147378546,0.7719002661488162,0.8391794182000245,0.5847992824164471,0.7845323631882942,0.2244235520903024,0,,0,0,0,0,0,0,0,prm_moratorium_active,prm_pct_tribal,prm_moratorium_proposed,cob_persistent_poverty,pwr_substations_230kv_n,cob_energy_community
42069,Lackawanna County,PA,0.5938265991483779,215,0.7085640763413596,0.33500661177809665,0.7327073117346112,0.7508810078571935,0.7301974039267766,0.7189254347550541,0.3888568026270506,0,,0,0,0,0,0,0,0,haz_karst_exposed_pct,prm_moratorium_active,prm_moratorium_proposed,cob_persistent_poverty,cob_ghgrp_combustion_facilities_n,crb_clean_gen_mw
08081,Moffat County,CO,0.5937894930982693,216,0.6385882992714562,0.5878973431309311,0.5663452610577953,0.8781219864203805,0.6632397643024803,0.46292760455668525,0.35314939608397294,0,,0,0,0,0,0,0,0,prm_pct_tribal,lnd_pct_buildable,cob_energy_community,cob_ghgrp_combustion_facilities_n,cob_persistent_poverty,lnd_dist_interstate_km
23019,Penobscot County,ME,0.5935650891276361,217,0.5577541101141809,0.5524881900748568,0.9061113339604663,0.8012605790674198,0.6936926946589567,0.4656545562467398,0.28553805577987923,0,,0,0,0,0,0,0,0,wtr_bws_2050_score,cob_heat_demand,haz_karst_exposed_pct,cob_persistent_poverty,cob_energy_community,prm_price_growth_pct
40119,Payne County,OK,0.5935634706649439,218,0.5627563703550498,0.6298399077494485,0.6762046823655901,0.8375134957181147,0.454566685849718,0.6937676181763089,0.3288030264721635,0,,0,0,0,0,0,0,0,wtr_bws_score,lnd_pct_buildable,cob_persistent_poverty,cob_energy_community,pwr_substations_230kv_n,cob_ghgrp_combustion_facilities_n
41071,Yamhill County,OR,0.593482826808882,219,0.6774773344514349,0.5876414639999898,0.845089238821169,0.8007380883220862,0.7994206936557816,0.6792328688800314,0.10998337096735446,0,,0,0,0,0,0,0,0,prm_moratorium_proposed,haz_alr_coastal_flood,haz_karst_exposed_pct,crb_queue_clean_mw,cob_persistent_poverty,cob_energy_community
45061,Lee County,SC,0.5930209355592855,220,0.6427577657002873,0.5545447306549193,0.6415288542693965,0.8438605248592989,0.43484393498008705,0.6869294664908524,0.34548915034474864,0,,0,0,0,0,0,0,0,prm_moratorium_proposed,cob_persistent_poverty,prm_moratorium_active,cob_lowtemp_ind_heat_tbtu,cob_energy_community,cob_ghgrp_combustion_facilities_n
37065,Edgecombe County,NC,0.5929914306295876,221,0.6551636070056924,0.5783190719826403,0.612507648479081,0.8358896605537586,0.5593341751739709,0.5127431889767259,0.3476571805593808,0,,0,0,0,0,0,0,0,prm_pct_tribal,prm_moratorium_active,cob_energy_community,cob_ghgrp_combustion_facilities_n,cob_persistent_poverty,cob_lowtemp_ind_heat_tbtu
08085,Montrose County,CO,0.5926190501826524,222,0.6887973828381809,0.5690632856238065,0.5613262365222915,0.8739402459449754,0.6533872404477463,0.4263617802430783,0.3496803659163976,0,,0,0,0,0,0,0,0,prm_pct_tribal,prm_pop_density_km2,prm_moratorium_active,cob_ghgrp_combustion_facilities_n,cob_persistent_poverty,lnd_dist_interstate_km
20173,Sedgwick County,KS,0.5925504145272916,223,0.7358411045476557,0.6066680293722595,0.5754254512443436,0.7827005753275045,0.5958681841012432,0.5429833021527055,0.2634525571052325,0,,0,0,0,0,0,0,0,prm_moratorium_active,prm_moratorium_proposed,prm_contested_total,cob_persistent_poverty,cob_energy_community,crb_clean_gen_mw
18147,Spencer County,IN,0.5925369601935776,224,0.7088350110600068,0.5233983918152074,0.6912054498924407,0.8133677218625618,0.5310809391803114,0.6328141124328938,0.25750093275372277,0,,0,0,0,0,0,0,0,prm_nonattainment,prm_pct_tribal,wtr_bws_2050_score,cob_ghgrp_combustion_facilities_n,cob_persistent_poverty,cob_lowtemp_ind_heat_tbtu
42005,Armstrong County,PA,0.5924776230975493,225,0.7503796682339049,0.35804635480190505,0.6731714389803491,0.7140507054005164,0.7394518753343072,0.7359956205440087,0.3511100721353944,0,,0,0,0,0,0,0,0,prm_pct_tribal,prm_contested_total,cob_energy_community,cob_ghgrp_combustion_facilities_n,prm_nonattainment,cob_persistent_poverty
22093,St. James Parish,LA,0.5923755754066031,226,0.7998174297610027,0.5003929895655074,0.6244095839318894,0.827129137372205,0.41264287808160516,0.5124914465454208,0.385306245529403,0,,0,0,0,0,0,0,0,prm_contested_total,prm_pct_tribal,cob_energy_community,cob_persistent_poverty,haz_alr_coastal_flood,lnd_pct_buildable
18181,White County,IN,0.5922663618901152,227,0.7293612254031475,0.6006788557655808,0.6266112988769386,0.7704084303707439,0.6680200645493183,0.6524162854938718,0.18207377758635623,0,,0,0,0,0,0,0,0,prm_pct_tribal,prm_moratorium_active,prm_moratorium_proposed,cob_ghgrp_combustion_facilities_n,cob_persistent_poverty,cob_energy_community
01033,Colbert County,AL,0.5920554719510704,228,0.6446657174384195,0.515362778919237,0.7356049103476792,0.8282383440993444,0.5046077461238224,0.53392558260642,0.357807852048978,0,,0,0,0,0,0,0,0,prm_nonattainment,cob_energy_community,prm_moratorium_active,cob_persistent_poverty,pwr_substations_230kv_n,lnd_dist_interstate_km
45033,Dillon County,SC,0.5919630526267563,229,0.6650270866915668,0.5382122296610135,0.5859771482173903,0.838220718435499,0.4800672435404799,0.629765079066787,0.3798777071579503,0,,0,0,0,0,0,0,0,prm_nonattainment,cob_persistent_poverty,prm_moratorium_active,cob_energy_community,cob_ghgrp_combustion_facilities_n,cob_lowtemp_ind_heat_tbtu
48469,Victoria County,TX,0.5918136604307751,230,0.728945757818785,0.6953227638396005,0.4875329923552639,0.8590142536745059,0.40165629408203024,0.6139299512739386,0.3040918710472,0,,0,0,0,0,0,0,0,prm_moratorium_active,cob_energy_community,prm_county_can_zone,cob_persistent_poverty,lnd_dist_interstate_km,pwr_substations_230kv_n
41019,Douglas County,OR,0.5914398637136445,231,0.6344121688008816,0.7134509853446859,0.7459332108018066,0.8546588324928833,0.5350741529243701,0.6016722551886291,0.1597055887073474,0,,0,0,0,0,0,0,0,prm_contested_total,prm_moratorium_active,prm_moratorium_proposed,cob_persistent_poverty,cob_energy_community,cob_ghgrp_combustion_facilities_n
48485,Wichita County,TX,0.5910979177018243,232,0.6871534941980475,0.6536440325668933,0.5698227765546122,0.8284955068117142,0.40246295237452556,0.7029951384635611,0.2784444137856765,0,,0,0,0,0,0,0,0,lnd_pct_buildable,prm_moratorium_proposed,cob_energy_community,cob_persistent_poverty,cob_ghgrp_combustion_facilities_n,crb_clean_gen_mw
39051,Fulton County,OH,0.5910362160561742,233,0.7264190663928236,0.3662266233307113,0.7130977512784129,0.7159529413679011,0.7191210078809787,0.7221917370424696,0.3382784765044697,0,,0,0,0,0,0,0,0,prm_moratorium_active,cob_energy_community,wtr_bws_score,cob_persistent_poverty,cob_ghgrp_combustion_facilities_n,lnd_pct_cropland
26161,Washtenaw County,MI,0.5908968755038929,234,0.6754104592200886,0.548157807965425,0.681023587334835,0.5997658503122899,0.775302529486254,0.8001469966740232,0.22422339036194908,0,,0,0,0,0,0,0,0,prm_pct_tribal,haz_karst_exposed_pct,prm_moratorium_active,cob_ghgrp_combustion_facilities_n,cob_persistent_poverty,cob_energy_community
40109,Oklahoma County,OK,0.5908538654564705,235,0.727330254966129,0.5912076291768492,0.6008493646278614,0.7950885614635237,0.4569931177968903,0.7616325346964091,0.23411665205068782,0,,0,0,0,0,0,0,0,prm_moratorium_proposed,prm_pct_tribal,prm_moratorium_active,cob_persistent_poverty,cob_energy_community,crb_clean_gen_mw
33011,Hillsborough County,NH,0.5905800845357418,236,0.6674298823996161,0.5416439022768148,0.760158684068369,0.8059740874979425,0.6413027204598535,0.5708150154064008,0.21578145944432292,0,,0,0,0,0,0,0,0,prm_nonattainment,prm_moratorium_active,prm_moratorium_proposed,pwr_ind_price_cents_kwh,cob_persistent_poverty,cob_energy_community
47001,Anderson County,TN,0.5904035068014354,237,0.7616487692377305,0.427292372809322,0.6489032386944531,0.8456144520889634,0.5895061708091357,0.6680413319983399,0.2703979507160718,0,,0,0,0,0,0,0,0,prm_pct_tribal,cob_energy_community,prm_moratorium_active,cob_ghgrp_combustion_facilities_n,crb_queue_clean_mw,cob_persistent_poverty
17157,Randolph County,IL,0.5903485652103095,238,0.7169499971958542,0.5111585661171707,0.6437270341247914,0.7442041150513811,0.5721663913914795,0.5834235713755921,0.32323056104872677,0,,0,0,0,0,0,0,0,prm_pct_tribal,prm_nonattainment,prm_moratorium_active,cob_ghgrp_combustion_facilities_n,cob_persistent_poverty,haz_alr_earthquake
48203,Harrison County,TX,0.5900568571532837,239,0.6969364612632489,0.5347675447473398,0.599671109042336,0.8824770975282319,0.38387828731284634,0.6385537360574238,0.3701695412515644,0,,0,0,0,0,0,0,0,prm_moratorium_active,cob_energy_community,haz_karst_exposed_pct,cob_persistent_poverty,crb_clean_gen_mw,cob_lowtemp_ind_heat_tbtu
53045,Mason County,WA,0.5899854309570783,240,0.6182599596344704,0.6670050012777688,0.7511971733397451,0.847122026849214,0.6949667176858055,0.6591266359926411,0.13119621210789603,0,,0,0,0,0,0,0,0,prm_nonattainment,wtr_bws_score,haz_karst_exposed_pct,cob_ghgrp_combustion_facilities_n,cob_persistent_poverty,cob_energy_community
29109,Lawrence County,MO,0.5897497634053014,241,0.6508428650199514,0.609076145845625,0.5559623273362764,0.8620061678039788,0.4071121356550341,0.7668684808902927,0.30856937482947533,0,,0,0,0,0,0,0,0,prm_pct_tribal,cob_energy_community,prm_moratorium_active,cob_persistent_poverty,pwr_substations_230kv_n,cob_ghgrp_combustion_facilities_n
25021,Norfolk County,MA,0.5896556401784069,242,0.7247610938493365,0.6176625857145307,0.6670265416089473,0.7620076355138069,0.6655556197258966,0.593111805945362,0.17168365074973319,0,,0,0,0,0,0,0,0,prm_pct_tribal,haz_karst_exposed_pct,prm_moratorium_active,pwr_ind_price_cents_kwh,cob_persistent_poverty,cob_energy_community
18131,Pulaski County,IN,0.5895349131477243,243,0.6762340678045621,0.5185646300088869,0.5815266470986906,0.783742817029423,0.7343561361880072,0.5256519539144623,0.32924318183167134,0,,0,0,0,0,0,0,0,prm_pct_tribal,cob_energy_community,prm_moratorium_active,cob_ghgrp_combustion_facilities_n,cob_persistent_poverty,pwr_substations_230kv_n
20021,Cherokee County,KS,0.5890094596309066,244,0.7151874531677128,0.5515621118272167,0.6112990655375172,0.8466889356093626,0.43836644005957254,0.6737996663933453,0.2788010884403816,0,,0,0,0,0,0,0,0,prm_contested_total,prm_pct_tribal,prm_moratorium_proposed,cob_persistent_poverty,cob_ghgrp_combustion_facilities_n,pwr_substations_230kv_n
01053,Escambia County,AL,0.5889959198159804,245,0.6456732423147906,0.5191915908164801,0.5767763612675618,0.850610883635639,0.4003701614479941,0.6476478242464184,0.48039310064296215,0,,0,0,0,0,0,0,0,prm_nonattainment,cob_energy_community,prm_moratorium_proposed,cob_lowtemp_ind_heat_tbtu,haz_alr_hurricane,cob_heat_demand
47115,Marion County,TN,0.5887671336360615,246,0.7125908526257018,0.4550035957193013,0.6737315161863963,0.870680608722655,0.5195515192263126,0.6657734682729802,0.28008293796293504,0,,0,0,0,0,0,0,0,prm_moratorium_active,prm_nonattainment,cob_energy_community,crb_queue_clean_mw,cob_persistent_poverty,cob_ghgrp_combustion_facilities_n
48009,Archer County,TX,0.5883452225771242,247,0.6921940631167922,0.7258030366491957,0.5265814378205425,0.8834010692196597,0.4303962430199538,0.5994437607277883,0.24282593930977558,0,,0,0,0,0,0,0,0,prm_pct_tribal,prm_nonattainment,haz_karst_exposed_pct,cob_persistent_poverty,cob_ghgrp_combustion_facilities_n,cob_lowtemp_ind_heat_tbtu
40029,Coal County,OK,0.5882699117710068,248,0.594124181475521,0.5573957778756957,0.6198165138663219,0.8730184295142154,0.3810269833751811,0.6357795064505015,0.463393303233025,0,,0,0,0,0,0,0,0,wtr_bws_score,prm_moratorium_active,cob_persistent_poverty,lnd_dist_interstate_km,pwr_substations_230kv_n,cob_ghgrp_combustion_facilities_n
26099,Macomb County,MI,0.5874637410127057,249,0.7798518188767203,0.4615105503492745,0.6769339320449909,0.6465005312269699,0.7160608414022667,0.7472762474222169,0.21966115889550136,0,,0,0,0,0,0,0,0,prm_moratorium_proposed,prm_pct_tribal,prm_moratorium_active,crb_clean_gen_mw,cob_persistent_poverty,cob_energy_community
55105,Rock County,WI,0.5874500977745462,250,0.7832577615955977,0.5152164060362322,0.4621894685482772,0.7559348076256631,0.7370505254310135,0.7188184565261101,0.2526183853029595,0,,0,0,0,0,0,0,0,prm_moratorium_proposed,prm_nonattainment,prm_moratorium_active,cob_persistent_poverty,cob_energy_community,cob_lowtemp_ind_heat_tbtu
48391,Refugio County,TX,0.5874160208736671,251,0.6730326586463999,0.7014349806782372,0.577237000283235,0.8816580973843728,0.35987853768921085,0.6177520568291955,0.2741885526272056,0,,0,0,0,0,0,0,0,prm_moratorium_proposed,cob_energy_community,haz_karst_exposed_pct,cob_persistent_poverty,lnd_dist_interstate_km,cob_ghgrp_combustion_facilities_n
49003,Box Elder County,UT,0.5873573214873423,252,0.6329045248359917,0.5537023973189548,0.5449694019849922,0.8673052643004823,0.5866039869474192,0.862787968244506,0.2355684127874797,0,,0,0,0,0,0,0,0,prm_contested_total,prm_moratorium_proposed,lnd_pct_buildable,cob_persistent_poverty,cob_energy_community,haz_alr_earthquake
53001,Adams County,WA,0.5873092942525986,253,0.5916628331861011,0.7136995532183539,0.5620887528261925,0.7961630791132585,0.6581942656119548,0.5691735323555478,0.2534943896567551,0,,0,0,0,0,0,0,0,haz_karst_exposed_pct,prm_pop_density_km2,prm_moratorium_proposed,cob_persistent_poverty,cob_energy_community,cob_lowtemp_ind_heat_tbtu
40035,Craig County,OK,0.5872827630804934,254,0.6681916767267274,0.5533320186382822,0.6283292488271678,0.8699168348938776,0.4135121820480371,0.6920756654977557,0.29728730214796634,0,,0,0,0,0,0,0,0,prm_contested_total,prm_pct_tribal,lnd_pct_buildable,cob_persistent_poverty,pwr_substations_230kv_n,cob_ghgrp_combustion_facilities_n
29011,Barton County,MO,0.5871301586164898,255,0.6083428586516435,0.6079602125924651,0.5182472605514767,0.832072912991871,0.5078907361781116,0.7049113886033438,0.35098590480154057,0,,0,0,0,0,0,0,0,prm_pct_tribal,prm_nonattainment,prm_moratorium_active,cob_ghgrp_combustion_facilities_n,pwr_substations_230kv_n,cob_persistent_poverty
05115,Pope County,AR,0.5870158917119376,256,0.6103395678822914,0.5559514798851485,0.7092568318213817,0.8614639555322499,0.41133876522732643,0.6062440276983376,0.3477496928710532,0,,0,0,0,0,0,0,0,prm_nonattainment,prm_moratorium_proposed,cob_energy_community,cob_persistent_poverty,pwr_dist_retired_plant_km,haz_alr_tornado
48251,Johnson County,TX,0.5869917771450721,257,0.7613297050093212,0.6386746061415375,0.5533272655222155,0.7222836923379742,0.39519095298280754,0.8848385746386866,0.22446614079428123,0,,0,0,0,0,0,0,0,prm_pct_tribal,cob_energy_community,prm_moratorium_active,cob_persistent_poverty,prm_nonattainment,cob_ghgrp_combustion_facilities_n
39043,Erie County,OH,0.5869913825304235,258,0.7048186784682714,0.36450530120577557,0.7695560899867893,0.7339644360831649,0.6369337760935325,0.6845607976645395,0.3484181636336341,0,,0,0,0,0,0,0,0,prm_nonattainment,prm_moratorium_active,prm_moratorium_proposed,cob_ghgrp_combustion_facilities_n,cob_persistent_poverty,cob_lowtemp_ind_heat_tbtu
17091,Kankakee County,IL,0.5869859976959166,259,0.6806036642581385,0.4475524880988016,0.48732394386131556,0.6833523314708995,0.711923660717123,0.7591687039935712,0.4633673895408383,0,,0,0,0,0,0,0,0,prm_moratorium_proposed,prm_contested_total,cob_energy_community,cob_persistent_poverty,lnd_pct_cropland,lnd_pct_buildable
47143,Rhea County,TN,0.5868480825755915,260,0.6709218537044679,0.46872404968091586,0.7186837317947463,0.859671785267515,0.5089541456010889,0.6389247151716497,0.28873107830836453,0,,0,0,0,0,0,0,0,prm_moratorium_active,cob_energy_community,crb_clean_gen_mw,cob_ghgrp_combustion_facilities_n,cob_persistent_poverty,crb_queue_clean_mw
37183,Wake County,NC,0.586780488315745,261,0.7986315127924779,0.5952210300860769,0.579268953133312,0.8115673298244616,0.6280556979240396,0.6617267824243225,0.15072646100084075,0,,0,0,0,0,0,0,0,prm_pct_tribal,prm_nonattainment,pwr_substations_230kv_n,cob_persistent_poverty,cob_energy_community,cob_poverty_pct
20111,Lyon County,KS,0.5867305581140337,262,0.6324677077266062,0.6277839754680871,0.6589704714734237,0.8676993997661379,0.4465246399074051,0.7272972647983108,0.21808913331185326,0,,0,0,0,0,0,0,0,prm_contested_total,prm_moratorium_active,lnd_pct_buildable,cob_persistent_poverty,cob_energy_community,pwr_dist_retired_plant_km
35031,McKinley County,NM,0.5866877532792277,263,0.6646507057833831,0.634744563940992,0.2696756479742011,0.8210516677348121,0.6598669584745518,0.6417312948134283,0.6096189816694919,0,,0,0,0,0,0,0,0,prm_pop_density_km2,lnd_pct_buildable,prm_moratorium_active,prm_pct_tribal,cob_ghgrp_combustion_facilities_n,wtr_drought_d2plus_pct_weeks
20107,Linn County,KS,0.5866592775015926,264,0.6911766840801723,0.5639879808437407,0.5375978393271952,0.875916265300756,0.5116280575425752,0.6206845930533426,0.2973529498905718,0,,0,0,0,0,0,0,0,prm_contested_total,prm_pop_density_km2,prm_moratorium_active,cob_lowtemp_ind_heat_tbtu,cob_persistent_poverty,cob_ghgrp_combustion_facilities_n
40133,Seminole County,OK,0.58661460072473,265,0.6634837859421532,0.5548476863710142,0.4920870757240102,0.792226877928887,0.38127552818687455,0.746661534416182,0.49578020389923777,0,,0,0,0,0,0,0,0,prm_moratorium_proposed,cob_persistent_poverty,cob_energy_community,cob_ghgrp_combustion_facilities_n,crb_clean_gen_mw,cob_lowtemp_ind_heat_tbtu
17171,Scott County,IL,0.586570765589517,266,0.6999111279486877,0.44937140867780745,0.6641381422193702,0.7350232077907707,0.6533254637408942,0.6118437777505389,0.3271979945221273,0,,0,0,0,0,0,0,0,prm_pct_tribal,prm_pop_density_km2,wtr_bws_2050_score,cob_lowtemp_ind_heat_tbtu,pwr_substations_230kv_n,crb_clean_gen_mw
45089,Williamsburg County,SC,0.5863600034911953,267,0.6068353978195746,0.5657709195909821,0.6589553737270477,0.8713002262535056,0.4225266503871873,0.5208297081999561,0.41980603231482927,0,,0,0,0,0,0,0,0,prm_pct_tribal,prm_nonattainment,cob_persistent_poverty,cob_energy_community,pwr_dist_hv345_line_km,wtr_wwtp_flow_mgd
17113,McLean County,IL,0.5861352977764369,268,0.729291524812881,0.5609013929584791,0.6676540887635465,0.6826464175139697,0.7129197624674438,0.6588417414817092,0.18778361975343522,0,,0,0,0,0,0,0,0,prm_moratorium_proposed,prm_contested_total,haz_karst_exposed_pct,cob_persistent_poverty,cob_energy_community,cob_ghgrp_combustion_facilities_n
45031,Darlington County,SC,0.5860000558578407,269,0.7181195352154451,0.6086365777022946,0.6359247057415851,0.8274178705832311,0.44839577635853267,0.641801298312881,0.2201614413353684,0,,0,0,0,0,0,0,0,prm_moratorium_proposed,prm_moratorium_active,prm_pct_tribal,cob_persistent_poverty,cob_energy_community,cob_heat_demand
27037,Dakota County,MN,0.5859534231191188,270,0.7516488893192541,0.5243328432757468,0.811559726296791,0.606839926631835,0.7650160128231949,0.5813887117706018,0.18594141409144502,0,,0,0,0,0,0,0,0,prm_moratorium_proposed,prm_moratorium_active,cob_heat_demand,cob_persistent_poverty,cob_energy_community,prm_nonattainment
21111,Jefferson County,KY,0.5858458502388474,271,0.7070919864119992,0.3535521872635081,0.8899472823210495,0.666634725143761,0.5388993600698918,0.8251268277935045,0.32648521522183066,0,,0,0,0,0,0,0,0,wtr_wwtp_flow_mgd,prm_pct_tribal,prm_moratorium_active,cob_persistent_poverty,cob_energy_community,prm_nonattainment
33015,Rockingham County,NH,0.5857641792450267,272,0.6963023845748361,0.6320516285558164,0.7900729126636785,0.8072471564633156,0.6119193707869081,0.5148793235688602,0.1500748657385981,0,,0,0,0,0,0,0,0,prm_nonattainment,haz_karst_exposed_pct,prm_moratorium_active,pwr_ind_price_cents_kwh,cob_persistent_poverty,cob_energy_community
48481,Wharton County,TX,0.585674313853154,273,0.6623198858188718,0.7309444510796405,0.5257260404490735,0.8367411485795073,0.44830387072186445,0.6060532072126351,0.2606823256828734,0,,0,0,0,0,0,0,0,prm_moratorium_proposed,cob_energy_community,haz_alr_coastal_flood,cob_persistent_poverty,lnd_dist_interstate_km,cob_ghgrp_combustion_facilities_n
39123,Ottawa County,OH,0.5855485797928197,274,0.7506262545461991,0.3296167124386611,0.7419761748068268,0.7345847477816264,0.7047049260171424,0.6635286658876648,0.3489519811129648,0,,0,0,0,0,0,0,0,prm_nonattainment,prm_moratorium_active,cob_energy_community,cob_persistent_poverty,cob_ghgrp_combustion_facilities_n,crb_queue_clean_mw
17127,Massac County,IL,0.5854460594012245,275,0.7601258735712172,0.3644024106670768,0.6944458640308203,0.7529783187375557,0.5010579313103141,0.8083758250739231,0.34748970636143434,0,,0,0,0,0,0,0,0,prm_pct_tribal,prm_contested_total,cob_energy_community,crb_clean_gen_mw,crb_queue_clean_mw,cob_persistent_poverty
18017,Cass County,IN,0.5853968407959115,276,0.694889520133502,0.5560078216247705,0.5446299449621137,0.7713738949317436,0.6995526893792724,0.6014055572588332,0.26430531572606575,0,,0,0,0,0,0,0,0,prm_pct_tribal,prm_nonattainment,prm_moratorium_active,cob_persistent_poverty,cob_energy_community,lnd_dist_interstate_km
21027,Breckinridge County,KY,0.5853040114119719,277,0.696369533976814,0.45549207038140527,0.6423088506994789,0.8549988342729357,0.49158414053849014,0.6251978708063728,0.3444471166943121,0,,0,0,0,0,0,0,0,prm_pct_tribal,prm_moratorium_active,prm_moratorium_proposed,cob_lowtemp_ind_heat_tbtu,cob_persistent_poverty,pwr_substations_230kv_n
23011,Kennebec County,ME,0.5852918483585925,278,0.5876400274073534,0.5614694186988365,0.8815555537803992,0.7871154504333185,0.6491126335619093,0.4706894769100334,0.24316777049832144,0,,0,0,0,0,0,0,0,prm_contested_total,cob_heat_demand,haz_karst_exposed_pct,cob_persistent_poverty,cob_energy_community,prm_price_growth_pct
48185,Grimes County,TX,0.5852531493160286,279,0.7509690967521229,0.6257771129071269,0.5776342585283402,0.8739490239235949,0.3471173492850027,0.6461356125973906,0.2558615745837456,0,,0,0,0,0,0,0,0,prm_moratorium_proposed,cob_energy_community,haz_karst_exposed_pct,cob_persistent_poverty,cob_ghgrp_combustion_facilities_n,crb_clean_gen_mw
18095,Madison County,IN,0.5851851124305633,280,0.6401526954475655,0.5538915671784184,0.5562609266566366,0.7530885253939118,0.7033874040594665,0.7336901409358944,0.2600459601919189,0,,0,0,0,0,0,0,0,prm_nonattainment,prm_pct_tribal,haz_karst_exposed_pct,cob_persistent_poverty,cob_energy_community,lnd_pct_buildable
53017,Douglas County,WA,0.5850883618075337,281,0.7210651063863409,0.7557464598589483,0.7500221489511495,0.8319294164454517,0.6690583558263955,0.6237121143547585,0.07769707826988441,0,,0,0,0,0,0,0,0,pwr_ind_price_cents_kwh,prm_pop_density_km2,haz_karst_exposed_pct,lnd_dist_interstate_km,cob_ghgrp_combustion_facilities_n,cob_persistent_poverty
21163,Meade County,KY,0.585073691164408,282,0.7594676104508019,0.3605858686726916,0.7024936800043048,0.8308946358014278,0.5061124760136678,0.746149298753414,0.3206375077055788,0,,0,0,0,0,0,0,0,wtr_bws_2050_score,wtr_bws_score,prm_moratorium_proposed,cob_lowtemp_ind_heat_tbtu,cob_persistent_poverty,wtr_wwtp_flow_mgd
25001,Barnstable County,MA,0.5850583598304501,283,0.6611314171837935,0.6416126570414431,0.6728179761520761,0.7849496059522574,0.7136992421386431,0.29244415536240065,0.3240412190953371,0,,0,0,0,0,0,0,0,haz_karst_exposed_pct,prm_moratorium_active,prm_moratorium_proposed,pwr_ind_price_cents_kwh,cob_persistent_poverty,lnd_dist_cement_km
26049,Genesee County,MI,0.5847349877861306,284,0.6565878363214147,0.5278213416787793,0.5087016540328011,0.7488397187960789,0.8068733332571035,0.7404028775330057,0.26516645308656905,0,,0,0,0,0,0,0,0,prm_nonattainment,haz_karst_exposed_pct,prm_moratorium_active,cob_persistent_poverty,cob_energy_community,cob_ghgrp_combustion_facilities_n
55071,Manitowoc County,WI,0.5846685413793419,285,0.7035508407748292,0.44350478792807724,0.6965657179775632,0.7720550149603657,0.8548297136296351,0.6833547533719363,0.1897531040950169,0,,0,0,0,0,0,0,0,prm_moratorium_active,prm_pct_tribal,cob_heat_demand,cob_persistent_poverty,cob_energy_community,cob_ghgrp_combustion_facilities_n
18027,Daviess County,IN,0.5846042436157107,286,0.6761940967769177,0.5274484833038564,0.4645925448821765,0.7904862390985743,0.6032061525151045,0.7110367010308325,0.36536834494926507,0,,0,0,0,0,0,0,0,prm_nonattainment,prm_moratorium_active,cob_energy_community,cob_persistent_poverty,pwr_substations_230kv_n,haz_alr_earthquake
18033,DeKalb County,IN,0.5843750853143078,287,0.6473251925753323,0.5106819371436808,0.7257684549085803,0.7789139361564342,0.7274952598274526,0.7935431574828996,0.16517504692933474,0,,0,0,0,0,0,0,0,prm_pct_tribal,prm_nonattainment,haz_karst_exposed_pct,cob_ghgrp_combustion_facilities_n,cob_persistent_poverty,cob_energy_community
26075,Jackson County,MI,0.5843592975288184,288,0.5949137145101667,0.5265544720181905,0.7410686243203336,0.7187994050343649,0.7347647774697879,0.721404462211567,0.22406628777144966,0,,0,0,0,0,0,0,0,prm_pct_tribal,haz_karst_exposed_pct,prm_moratorium_active,cob_ghgrp_combustion_facilities_n,cob_persistent_poverty,cob_energy_community
39155,Trumbull County,OH,0.584350756671271,289,0.7866701087224754,0.2607616025868825,0.7562981903352298,0.7562131266468569,0.6868536079991477,0.7422638026060121,0.40116713836967915,0,,0,0,0,0,0,0,0,haz_karst_exposed_pct,prm_moratorium_active,cob_energy_community,cob_persistent_poverty,cob_ghgrp_combustion_facilities_n,cob_lowtemp_ind_heat_tbtu
48473,Waller County,TX,0.5843237504234091,290,0.6759203335087646,0.697851905708791,0.5792302267803449,0.7627175863050297,0.37655156438637294,0.7200901244866779,0.26360740378145664,0,,0,0,0,0,0,0,0,prm_contested_total,prm_pct_tribal,haz_karst_exposed_pct,cob_persistent_poverty,prm_nonattainment,cob_ghgrp_combustion_facilities_n
26103,Marquette County,MI,0.5843214973012649,291,0.7732301510362187,0.42359190455292844,0.6984641530833862,0.8773264854257922,0.7497799374335219,0.2704370714284258,0.3942534214814767,0,,0,0,0,0,0,0,0,prm_nonattainment,cob_heat_demand,cob_energy_community,cob_ghgrp_combustion_facilities_n,cob_persistent_poverty,lnd_dist_interstate_km
21177,Muhlenberg County,KY,0.5841861324098803,292,0.7143671236162039,0.4770475233232969,0.5595628869771848,0.8469758634324869,0.5701076531370128,0.5925132846777895,0.33361025581353176,0,,0,0,0,0,0,0,0,prm_pct_tribal,prm_moratorium_active,cob_energy_community,cob_persistent_poverty,crb_clean_gen_mw,cob_ghgrp_combustion_facilities_n
18029,Dearborn County,IN,0.5840098695130004,293,0.7672983325253808,0.45285553130931877,0.7140152538023832,0.8196379556476865,0.6332257114424529,0.773893720138434,0.15679019409883616,0,,0,0,0,0,0,0,0,prm_pct_tribal,prm_nonattainment,prm_moratorium_active,crb_clean_gen_mw,cob_energy_community,cob_persistent_poverty
48097,Cooke County,TX,0.5836985148013879,294,0.7177781313556861,0.7263764860630019,0.4927104936588016,0.8806865593091203,0.3039125906646172,0.764641454652332,0.2548530833255074,0,,0,0,0,0,0,0,0,prm_moratorium_proposed,cob_energy_community,prm_county_can_zone,cob_persistent_poverty,cob_ghgrp_combustion_facilities_n,cob_lowtemp_ind_heat_tbtu
48503,Young County,TX,0.5836020345096299,295,0.6859544773625548,0.7528659519501175,0.5007382428412541,0.8870449859326861,0.409131749555356,0.5266184925344293,0.2744938651294209,0,,0,0,0,0,0,0,0,prm_moratorium_active,cob_energy_community,prm_county_can_zone,cob_lowtemp_ind_heat_tbtu,cob_persistent_poverty,lnd_dist_interstate_km
37119,Mecklenburg County,NC,0.5831446718012396,296,0.76477469817774,0.5942438114489926,0.5720571264332374,0.7539284990851135,0.6291095828846388,0.6781268489070719,0.17324527977929713,0,,0,0,0,0,0,0,0,crb_clean_gen_mw,prm_tax_exemption_status,wtr_wwtp_flow_mgd,cob_persistent_poverty,cob_energy_community,lnd_pct_buildable
26037,Clinton County,MI,0.5831023563341763,297,0.5681331098617673,0.5128526375147459,0.7508206160167059,0.7521947714124606,0.7509698310786708,0.6371145383560083,0.2582446431940245,0,,0,0,0,0,0,0,0,prm_nonattainment,haz_karst_exposed_pct,prm_moratorium_active,cob_persistent_poverty,cob_energy_community,pwr_substations_230kv_n
48449,Titus County,TX,0.5830417261045191,298,0.7178154323413379,0.5263685054479089,0.5202615357889839,0.7767062908101846,0.4520437107780891,0.7602810349171066,0.33851195696156255,0,,0,0,0,0,0,0,0,prm_moratorium_proposed,cob_energy_community,prm_county_can_zone,cob_persistent_poverty,prm_nonattainment,crb_clean_gen_mw
40021,Cherokee County,OK,0.5828401279677443,299,0.7134116706225451,0.516242200520506,0.711411872266234,0.8566103260439227,0.3661605583489652,0.607014422637232,0.29565313542842525,0,,0,0,0,0,0,0,0,prm_nonattainment,prm_contested_total,wtr_bws_2050_score,cob_energy_community,pwr_substations_230kv_n,cob_ghgrp_combustion_facilities_n
20031,Coffey County,KS,0.5826667580005944,300,0.6697399009426578,0.6631668374093758,0.6483437554071779,0.8687435347751511,0.5371248979483076,0.6954418323105758,0.1445128020320508,0,,0,0,0,0,0,0,0,prm_pct_tribal,prm_pop_density_km2,prm_moratorium_active,cob_ghgrp_combustion_facilities_n,cob_persistent_poverty,cob_energy_community
37153,Richmond County,NC,0.5826301441912579,301,0.7149014151198022,0.552337499632636,0.641250612194175,0.8851992522290032,0.43434679611780386,0.6714830198610265,0.2201125993434776,0,,0,0,0,0,0,0,0,prm_pct_tribal,prm_tax_exemption_status,prm_moratorium_active,cob_persistent_poverty,cob_energy_community,cob_lowtemp_ind_heat_tbtu
19019,Buchanan County,IA,0.5821226004680093,302,0.7164249080716104,0.47409776556293615,0.7070784833599923,0.8038664985170092,0.7271939538038514,0.5837834650427253,0.1960322422592669,0,,0,0,0,0,0,0,0,haz_karst_exposed_pct,prm_pct_tribal,prm_moratorium_active,cob_persistent_poverty,cob_energy_community,lnd_pct_cropland
18107,Montgomery County,IN,0.5820015797893724,303,0.6706131566247261,0.54477251173093,0.5803584734379605,0.7696349235649604,0.6974336351171061,0.7659338415878446,0.2009786649206335,0,,0,0,0,0,0,0,0,prm_nonattainment,prm_pct_tribal,haz_karst_exposed_pct,cob_persistent_poverty,cob_energy_community,cob_lowtemp_ind_heat_tbtu
17199,Williamson County,IL,0.5819998917204561,304,0.6698542382605842,0.4733238783351905,0.5950493699977825,0.7623728722449005,0.6289436743212167,0.7279738930955251,0.2957869453293947,0,,0,0,0,0,0,0,0,prm_pct_tribal,haz_karst_exposed_pct,prm_moratorium_active,cob_ghgrp_combustion_facilities_n,cob_persistent_poverty,pwr_substations_230kv_n
40115,Ottawa County,OK,0.5819560870025102,305,0.6546574811113416,0.48228979027014257,0.6530711784660868,0.8369049910543636,0.4120638716448038,0.8062595038447076,0.31320027255046917,0,,0,0,0,0,0,0,0,prm_contested_total,prm_moratorium_proposed,cob_energy_community,cob_persistent_poverty,pwr_substations_230kv_n,cob_ghgrp_combustion_facilities_n
18163,Vanderburgh County,IN,0.5818638985087367,306,0.6346610985423164,0.5027360517632122,0.7955479870159066,0.7701678059914282,0.6405044609583072,0.6402638015804354,0.2120563176050661,0,,0,0,0,0,0,0,0,prm_pct_tribal,wtr_bws_score,prm_moratorium_active,cob_persistent_poverty,cob_energy_community,pwr_substations_230kv_n
23005,Cumberland County,ME,0.5818301377026325,307,0.6477389323457199,0.5532659440210038,0.832315288027439,0.7691192147599556,0.6370798722155327,0.5159481272534228,0.19924104704971812,0,,0,0,0,0,0,0,0,prm_nonattainment,prm_moratorium_active,prm_moratorium_proposed,cob_persistent_poverty,cob_energy_community,prm_price_growth_pct
29077,Greene County,MO,0.581799307527999,308,0.7209539429315506,0.5518420909620375,0.6452677295477633,0.8293348477985512,0.5398210518605057,0.7841106259783425,0.16059677698589486,0,,0,0,0,0,0,0,0,prm_nonattainment,prm_contested_total,prm_moratorium_active,cob_ghgrp_combustion_facilities_n,cob_persistent_poverty,cob_energy_community
18083,Knox County,IN,0.5817950811455833,309,0.7079186880052747,0.4993237763668029,0.5882143707247243,0.7729209049374793,0.6274133819781714,0.561765571073142,0.3069262653854019,0,,0,0,0,0,0,0,0,prm_contested_total,prm_pct_tribal,cob_energy_community,cob_ghgrp_combustion_facilities_n,cob_persistent_poverty,crb_clean_gen_mw
48289,Leon County,TX,0.5817543364623629,310,0.637622902305725,0.6248282989025488,0.5713556526067494,0.8819005317574604,0.43200688670331744,0.7075623995741053,0.2548248848186832,0,,0,0,0,0,0,0,0,prm_pop_density_km2,lnd_pct_buildable,prm_moratorium_active,cob_persistent_poverty,lnd_dist_brownfield_or_retired_km,cob_ghgrp_combustion_facilities_n
21107,Hopkins County,KY,0.5817405614311618,311,0.5831730153166118,0.46678747109815566,0.6812099659675322,0.8283816998409156,0.5574705359028164,0.6103733118067326,0.3972280437437295,0,,0,0,0,0,0,0,0,haz_karst_exposed_pct,prm_moratorium_active,prm_moratorium_proposed,cob_ghgrp_combustion_facilities_n,cob_persistent_poverty,pwr_substations_230kv_n
18085,Kosciusko County,IN,0.5816571213461967,312,0.697334604750692,0.4820700423531427,0.6450509249593411,0.7766318263557116,0.6807454740520694,0.5932552037934903,0.2544259830373299,0,,0,0,0,0,0,0,0,haz_karst_exposed_pct,prm_moratorium_active,prm_moratorium_proposed,cob_persistent_poverty,cob_energy_community,lnd_dist_interstate_km
13269,Taylor County,GA,0.581653815046981,313,0.6899759146222032,0.5281988399939258,0.48019265602972017,0.9285640710604557,0.5576550897049735,0.5512080142212842,0.34566347101548434,0,,0,0,0,0,0,0,0,prm_pct_tribal,prm_tax_exemption_status,prm_moratorium_active,cob_lowtemp_ind_heat_tbtu,cob_energy_community,cob_ghgrp_combustion_facilities_n
18073,Jasper County,IN,0.5816518927384572,314,0.7078611024371313,0.5904067381694227,0.41495134459816496,0.6870703184592478,0.641414159465827,0.6405347317697329,0.391286288255272,0,,0,0,0,0,0,0,0,prm_pct_tribal,prm_moratorium_active,cob_energy_community,cob_persistent_poverty,lnd_pct_cropland,lnd_pct_buildable
48425,Somervell County,TX,0.5816317236187837,315,0.7507102589792117,0.7239253427314918,0.5395513668723533,0.868603350542519,0.3476045302389573,0.6522701760312094,0.20473801470884817,0,,0,0,0,0,0,0,0,prm_nonattainment,prm_moratorium_proposed,cob_energy_community,cob_persistent_poverty,lnd_dist_interstate_km,cob_ghgrp_combustion_facilities_n
19169,Story County,IA,0.5815540143079392,316,0.549082336182104,0.5507811479603054,0.7888435121465938,0.7773223368752242,0.6891248569741031,0.6100876104113501,0.2398046990664391,0,,0,0,0,0,0,0,0,prm_nonattainment,prm_pct_tribal,haz_karst_exposed_pct,cob_persistent_poverty,cob_energy_community,pwr_substations_230kv_n
05069,Jefferson County,AR,0.5815126942456125,317,0.677997388335398,0.4833465233396351,0.6692598834470437,0.8035535530879874,0.41937705871943426,0.4771120161039457,0.4876243895507012,0,,0,0,0,0,0,0,0,prm_moratorium_active,prm_pct_tribal,cob_energy_community,cob_persistent_poverty,lnd_dist_ixp_km,crb_clean_gen_mw
40125,Pottawatomie County,OK,0.5814826706234151,318,0.6735175358535234,0.5582052649683499,0.5589502369789001,0.8455626601009281,0.3948936319564967,0.8167292374369958,0.2873653836690307,0,,0,0,0,0,0,0,0,lnd_pct_buildable,cob_energy_community,prm_moratorium_active,cob_persistent_poverty,pwr_substations_230kv_n,cob_ghgrp_combustion_facilities_n
05131,Sebastian County,AR,0.5813688784541202,319,0.5927514556042137,0.5146903929634319,0.7167115984396537,0.8405149595232831,0.45346046821266306,0.7182856376823964,0.30251273756589797,0,,0,0,0,0,0,0,0,prm_moratorium_active,prm_pct_tribal,prm_moratorium_proposed,cob_persistent_poverty,cob_ghgrp_combustion_facilities_n,crb_clean_gen_mw
19013,Black Hawk County,IA,0.5813198173234182,320,0.6583465473874553,0.43200845776102287,0.6998814197039019,0.7800620923409493,0.6932132153620375,0.7162596487917652,0.2500330522979395,0,,0,0,0,0,0,0,0,haz_karst_exposed_pct,prm_moratorium_active,prm_moratorium_proposed,cob_persistent_poverty,cob_energy_community,crb_queue_clean_mw
48143,Erath County,TX,0.5812759657963318,321,0.6547951903336436,0.7117469058587258,0.5532866870826123,0.8687333321203244,0.41798543486250345,0.5674511612027504,0.2608319884668827,0,,0,0,0,0,0,0,0,prm_nonattainment,cob_energy_community,prm_moratorium_active,cob_persistent_poverty,pwr_substations_230kv_n,cob_ghgrp_combustion_facilities_n
27099,Mower County,MN,0.5812183037876095,322,0.5604576993997935,0.5732569011483452,0.650025267894304,0.760903404139942,0.713490118132879,0.675135361546817,0.25550616723190256,0,,0,0,0,0,0,0,0,prm_moratorium_active,prm_pct_tribal,cob_heat_demand,cob_persistent_poverty,cob_energy_community,pwr_dist_retired_plant_km
06085,Santa Clara County,CA,0.5809526940976142,323,0.6169566970531687,0.6902632976019769,0.6619326821170961,0.6328640561400123,0.665236108481046,0.6628004779219435,0.20657405815119737,0,,0,0,0,0,0,0,0,wtr_wwtp_flow_mgd,lnd_pct_buildable,prm_moratorium_active,pwr_ind_price_cents_kwh,lnd_dist_eaf_steel_km,lnd_dist_cement_km
48361,Orange County,TX,0.5809250657471084,324,0.750858060921342,0.4578708107973867,0.6183819498216575,0.8585976221553531,0.3482432521580158,0.6777804018961202,0.3673627549553775,0,,0,0,0,0,0,0,0,prm_moratorium_active,prm_contested_total,cob_energy_community,haz_alr_riverine_flood,crb_clean_gen_mw,cob_persistent_poverty
16039,Elmore County,ID,0.5807798276423962,325,0.6374530867682073,0.6665131999298219,0.3847644829490598,0.8665300721836343,0.6282809815637204,0.6083798643701187,0.331647483004713,0,,0,0,0,0,0,0,0,prm_pct_tribal,prm_contested_total,haz_karst_exposed_pct,cob_ghgrp_combustion_facilities_n,cob_persistent_poverty,pwr_dist_retired_plant_km
48477,Washington County,TX,0.5807761943637405,326,0.6625891025165049,0.6084424465347296,0.6718163111034323,0.8656687170775079,0.40160453974762433,0.5904935349255881,0.2510951717168754,0,,0,0,0,0,0,0,0,haz_karst_exposed_pct,prm_county_can_zone,prm_moratorium_proposed,cob_persistent_poverty,cob_ghgrp_combustion_facilities_n,crb_clean_gen_mw
42015,Bradford County,PA,0.5806569301699501,327,0.71658723630382,0.3704599661622227,0.6361299621693982,0.8334994798043607,0.6993425318140828,0.5210207916738937,0.3851661433508362,0,,0,0,0,0,0,0,0,haz_karst_exposed_pct,prm_moratorium_active,cob_energy_community,cob_persistent_poverty,wtr_wwtp_flow_mgd,haz_alr_riverine_flood
17149,Pike County,IL,0.580531325651536,328,0.5978446281147406,0.4670408757594218,0.6999686832573719,0.7510072513637148,0.672550711420866,0.6133681067137188,0.33759275835363384,0,,0,0,0,0,0,0,0,prm_moratorium_active,prm_moratorium_proposed,cob_energy_community,cob_ghgrp_combustion_facilities_n,cob_persistent_poverty,pwr_substations_230kv_n
37051,Cumberland County,NC,0.5805141171628547,329,0.710850072737046,0.5713239989779553,0.5775477679721033,0.8357038681648016,0.5363561357982718,0.5882954740831606,0.2384067479166981,0,,0,0,0,0,0,0,0,haz_alr_coastal_flood,prm_pct_tribal,prm_moratorium_active,cob_persistent_poverty,cob_energy_community,cob_heat_demand
25015,Hampshire County,MA,0.5804855421255819,330,0.6100105942762584,0.5158060128735704,0.7919545748775124,0.7957871478651684,0.6962260484639289,0.6802664330009645,0.17906933628676408,0,,0,0,0,0,0,0,0,haz_karst_exposed_pct,prm_moratorium_active,prm_moratorium_proposed,pwr_ind_price_cents_kwh,cob_persistent_poverty,cob_energy_community
38089,Stark County,ND,0.5803656640322447,331,0.6411827611614879,0.5618020636324765,0.6993342652731189,0.8663389310176308,0.7363189665359999,0.4833385509233952,0.19387896263042806,0,,0,0,0,0,0,0,0,prm_nonattainment,wtr_bws_2050_score,prm_moratorium_active,cob_persistent_poverty,cob_energy_community,pwr_dist_retired_plant_km
48363,Palo Pinto County,TX,0.5801402437047309,332,0.6007379028748787,0.6264356134994904,0.5867879126219891,0.876851413040036,0.39236428045208455,0.7595227931104142,0.27957880261021534,0,,0,0,0,0,0,0,0,lnd_pct_buildable,cob_energy_community,prm_moratorium_active,cob_persistent_poverty,cob_ghgrp_combustion_facilities_n,pwr_substations_230kv_n
48037,Bowie County,TX,0.5800657577173433,333,0.667350890661088,0.5348327409482244,0.6552106002505649,0.8707668239532819,0.3889041318640001,0.6898288304438963,0.28015120615789113,0,,0,0,0,0,0,0,0,prm_pct_tribal,cob_energy_community,prm_moratorium_active,cob_persistent_poverty,cob_ghgrp_combustion_facilities_n,crb_clean_gen_mw
48035,Bosque County,TX,0.579858626772885,334,0.7151016017001013,0.7205999454456454,0.537308408643802,0.8994895908199916,0.3649774976901661,0.58253266033246,0.22690628897869486,0,,0,0,0,0,0,0,0,prm_moratorium_proposed,cob_energy_community,prm_county_can_zone,cob_persistent_poverty,cob_ghgrp_combustion_facilities_n,cob_lowtemp_ind_heat_tbtu
26135,Oscoda County,MI,0.5797518525622503,335,0.5575822867523456,0.43380983592164657,0.6510841811764536,0.8824297495943514,0.8003273302972376,0.4027897845109409,0.49668470496980954,0,,0,0,0,0,0,0,0,prm_nonattainment,prm_moratorium_proposed,haz_karst_exposed_pct,cob_lowtemp_ind_heat_tbtu,wtr_wwtp_flow_mgd,crb_queue_clean_mw
48423,Smith County,TX,0.5796131362814666,336,0.6177235154730539,0.591556616090193,0.6134320010160392,0.8585438026959289,0.5824292200244545,0.5659673455691224,0.2521818778891466,0,,0,0,0,0,0,0,0,prm_contested_total,prm_pct_tribal,cob_energy_community,cob_persistent_poverty,cob_ghgrp_combustion_facilities_n,crb_clean_gen_mw
25023,Plymouth County,MA,0.5795930784678269,337,0.7051949222950223,0.5983155481705533,0.7320943259977153,0.7770506413861864,0.608735053523757,0.526269985900869,0.16916703481438716,0,,0,0,0,0,0,0,0,haz_karst_exposed_pct,prm_moratorium_active,prm_moratorium_proposed,pwr_ind_price_cents_kwh,cob_persistent_poverty,cob_energy_community
22047,Iberville Parish,LA,0.5794559372732062,338,0.8742605020644906,0.46018716878763744,0.671481585388406,0.8480693829509779,0.4157647161076522,0.4966447786497361,0.26134875322561985,0,,0,0,0,0,0,0,0,prm_contested_total,prm_moratorium_proposed,pwr_substations_230kv_n,cob_persistent_poverty,cob_energy_community,crb_clean_gen_mw
48077,Clay County,TX,0.5793788152287694,339,0.6178693992584645,0.7258385637200055,0.5614753483946412,0.8894803809103976,0.4286813534624455,0.5992876066697216,0.24136308237286258,0,,0,0,0,0,0,0,0,haz_karst_exposed_pct,prm_pct_tribal,prm_moratorium_active,cob_lowtemp_ind_heat_tbtu,cob_persistent_poverty,cob_ghgrp_combustion_facilities_n
18127,Porter County,IN,0.579319848790165,340,0.7817179617825679,0.5049303703752541,0.44171522750203474,0.5833667932499461,0.6837685040331611,0.733251633003917,0.38182903860791934,0,,0,0,0,0,0,0,0,prm_moratorium_active,haz_karst_exposed_pct,prm_moratorium_proposed,prm_nonattainment,cob_persistent_poverty,cob_lowtemp_ind_heat_tbtu
48505,Zapata County,TX,0.5790615612447791,341,0.6622653083297746,0.7334882254370939,0.4232678433615497,0.9028856131931453,0.39877748337636343,0.3557022785708659,0.5471167422019405,0,,0,0,0,0,0,0,0,prm_pct_tribal,prm_county_can_zone,prm_moratorium_proposed,haz_days_gt95f_2050,lnd_dist_cement_km,lnd_dist_brownfield_or_retired_km
23031,York County,ME,0.5788746507197116,342,0.6445903645221268,0.5997224259633506,0.8660218437603524,0.7794524564051974,0.6096240533650903,0.497350520752273,0.16573263405486582,0,,0,0,0,0,0,0,0,prm_contested_total,haz_karst_exposed_pct,prm_moratorium_active,cob_persistent_poverty,cob_energy_community,prm_price_growth_pct
06089,Shasta County,CA,0.5788482105933406,343,0.6110826324348454,0.725223583242766,0.6517361048534969,0.8083785071299152,0.5506672772180689,0.6567683186088242,0.16089641039999222,0,,0,0,0,0,0,0,0,prm_nonattainment,crb_clean_gen_mw,pwr_substations_230kv_n,pwr_ind_price_cents_kwh,cob_persistent_poverty,cob_energy_community
17107,Logan County,IL,0.5787707565813035,344,0.6722526234686228,0.5255443629158225,0.6063431909919229,0.7054226589037409,0.6397289241220215,0.5143266266728271,0.349470509814621,0,,0,0,0,0,0,0,0,prm_pct_tribal,prm_moratorium_proposed,haz_karst_exposed_pct,cob_ghgrp_combustion_facilities_n,cob_persistent_poverty,lnd_pct_cropland
41065,Wasco County,OR,0.5787566809819779,345,0.7024320418686955,0.754615296330325,0.5916545991153315,0.7733443533534567,0.6337013247727088,0.710088162547199,0.10931152733460162,0,,0,0,0,0,0,0,0,prm_moratorium_proposed,prm_moratorium_active,prm_pop_density_km2,cob_persistent_poverty,cob_energy_community,pwr_dist_retired_plant_km
39081,Jefferson County,OH,0.5783433275406815,346,0.7480095826984775,0.26569796805513046,0.7427311373340708,0.8097918606449863,0.6645783813190775,0.7142755265781715,0.38917342963057844,0,,0,0,0,0,0,0,0,wtr_bws_2050_score,wtr_bws_score,prm_moratorium_proposed,cob_persistent_poverty,crb_clean_gen_mw,cob_ghgrp_combustion_facilities_n
27141,Sherburne County,MN,0.5782498223315491,347,0.7470533751156438,0.5588459668176288,0.42496001782696935,0.806890452052245,0.7201030427670628,0.4957045654596384,0.31571421367040065,0,,0,0,0,0,0,0,0,prm_moratorium_active,prm_pct_tribal,cob_heat_demand,cob_persistent_poverty,cob_poverty_pct,cob_ghgrp_combustion_facilities_n
27091,Martin County,MN,0.5781880380912304,348,0.689044568781488,0.5422709675240542,0.48916676168050255,0.7742410080029003,0.744515345016548,0.5688465713785147,0.2887945779998248,0,,0,0,0,0,0,0,0,haz_karst_exposed_pct,cob_heat_demand,prm_moratorium_active,cob_persistent_poverty,lnd_pct_cropland,cob_energy_community
48159,Franklin County,TX,0.578095640910196,349,0.6241232464085403,0.6808971137481552,0.5219506630195998,0.8958510847166093,0.4316558185850979,0.7379183224185953,0.23062780164650087,0,,0,0,0,0,0,0,0,lnd_pct_buildable,prm_county_can_zone,prm_moratorium_proposed,cob_lowtemp_ind_heat_tbtu,cob_persistent_poverty,cob_ghgrp_combustion_facilities_n
38015,Burleigh County,ND,0.5780367697716574,350,0.78304891256157,0.4828063507639787,0.7658082331874292,0.863041166779405,0.6405224867816128,0.4851188426305764,0.15842287915818404,0,,0,0,0,0,0,0,0,prm_pct_tribal,prm_price_growth_pct,prm_moratorium_active,cob_ghgrp_combustion_facilities_n,cob_persistent_poverty,cob_energy_community
17193,White County,IL,0.5779461501636469,351,0.658392312057833,0.5119395228898987,0.6293446492817387,0.7287290332684279,0.5985782570472067,0.553003388350009,0.33851900640064175,0,,0,0,0,0,0,0,0,prm_pct_tribal,prm_nonattainment,prm_moratorium_active,cob_ghgrp_combustion_facilities_n,cob_persistent_poverty,cob_lowtemp_ind_heat_tbtu
16069,Nez Perce County,ID,0.5778491528962275,352,0.6584732512108824,0.5225256207238744,0.7465930518049979,0.7159393678740031,0.6926395899452843,0.4437599229023695,0.27872220865836717,0,,0,0,0,0,0,0,0,prm_moratorium_proposed,prm_moratorium_active,prm_nonattainment,crb_clean_gen_mw,lnd_dist_interstate_km,cob_energy_community
17063,Grundy County,IL,0.5777209793918087,353,0.8340374132340351,0.49023137734193245,0.41510665259789203,0.5910427726806183,0.6286906234590914,0.7328238741202552,0.39787506995954586,0,,0,0,0,0,0,0,0,prm_contested_total,prm_moratorium_proposed,cob_energy_community,cob_persistent_poverty,prm_nonattainment,cob_lowtemp_ind_heat_tbtu
42073,Lawrence County,PA,0.5774656118532622,354,0.6849167638506259,0.2590013685208986,0.7461597278207084,0.7927976155096759,0.7715299720301216,0.8292059676131132,0.3706021900956729,0,,0,0,0,0,0,0,0,prm_pct_tribal,prm_nonattainment,cob_energy_community,crb_clean_gen_mw,cob_persistent_poverty,cob_lowtemp_ind_heat_tbtu
16079,Shoshone County,ID,0.5774011863512544,355,0.6005556190161249,0.47546621189189137,0.6032273474905494,0.8744080860946842,0.6960741543432486,0.4782025672033105,0.3780802761381254,0,,0,0,0,0,0,0,0,prm_contested_total,cob_energy_community,prm_moratorium_active,lnd_dist_cement_km,cob_ghgrp_combustion_facilities_n,cob_persistent_poverty
22105,Tangipahoa Parish,LA,0.5772066470681444,356,0.6907510288793747,0.5101211208335158,0.5364012990800661,0.8439193519743364,0.3761382046766766,0.6004817810777491,0.4523352844920594,0,,0,0,0,0,0,0,0,prm_nonattainment,cob_persistent_poverty,cob_energy_community,cob_ghgrp_combustion_facilities_n,haz_alr_riverine_flood,cob_lowtemp_ind_heat_tbtu
05093,Mississippi County,AR,0.5771405777516266,357,0.6823787822634475,0.5855159405299988,0.38973243630208243,0.7495983954272417,0.5630468581847885,0.5826531045706761,0.4808868041905733,0,,0,0,0,0,0,0,0,prm_moratorium_proposed,prm_moratorium_active,cob_persistent_poverty,lnd_pct_cropland,cob_ghgrp_combustion_facilities_n,haz_alr_earthquake
18023,Clinton County,IN,0.5767428856244154,358,0.6052563945082446,0.5613153032978359,0.5737854042859976,0.7605176770367822,0.6870253957745388,0.7263324994427419,0.24159444193577084,0,,0,0,0,0,0,0,0,prm_nonattainment,prm_pct_tribal,haz_karst_exposed_pct,cob_persistent_poverty,cob_energy_community,lnd_pct_cropland
18145,Shelby County,IN,0.5767424181146579,359,0.7199433583290015,0.5446079298239042,0.5035564374766146,0.7396828366698737,0.6574628163766659,0.7423969207908848,0.22576862438834233,0,,0,0,0,0,0,0,0,prm_nonattainment,prm_pct_tribal,haz_karst_exposed_pct,cob_persistent_poverty,cob_energy_community,lnd_pct_cropland
26117,Montcalm County,MI,0.5765066295199607,360,0.6112607164171509,0.5500582896438584,0.7082687547965976,0.8016997455439739,0.8145498658811062,0.45483173920511044,0.22157763367203787,0,,0,0,0,0,0,0,0,prm_pct_tribal,haz_karst_exposed_pct,prm_moratorium_active,cob_ghgrp_combustion_facilities_n,cob_persistent_poverty,cob_energy_community
19061,Dubuque County,IA,0.5764386049417721,361,0.7072816478591902,0.47422068260380723,0.7660453693100611,0.8079644223515043,0.694647541410903,0.5334171291842786,0.18423022774045994,0,,0,0,0,0,0,0,0,prm_nonattainment,prm_moratorium_active,prm_moratorium_proposed,cob_persistent_poverty,cob_energy_community,lnd_dist_interstate_km
18019,Clark County,IN,0.5764330211841275,362,0.7582311552962969,0.47703442074691543,0.7730747993966463,0.7931546603435874,0.5900524573278623,0.8515052991081625,0.116973740001041,0,,0,0,0,0,0,0,0,prm_nonattainment,prm_moratorium_active,prm_moratorium_proposed,cob_ghgrp_combustion_facilities_n,cob_persistent_poverty,cob_energy_community
48467,Van Zandt County,TX,0.5763749829057011,363,0.5700093774406124,0.6851908463203498,0.51911299100142,0.8835316782199331,0.476070543408567,0.7756792088738438,0.2399222537668545,0,,0,0,0,0,0,0,0,prm_moratorium_proposed,prm_nonattainment,haz_karst_exposed_pct,cob_persistent_poverty,pwr_substations_230kv_n,cob_ghgrp_combustion_facilities_n
26079,Kalkaska County,MI,0.5763358207995648,364,0.5559638939985562,0.3971941142166979,0.6602133588786837,0.8763237743459705,0.8216424818790392,0.5319339456349784,0.4030738687847196,0,,0,0,0,0,0,0,0,prm_nonattainment,haz_karst_exposed_pct,cob_energy_community,cob_lowtemp_ind_heat_tbtu,crb_queue_clean_mw,pwr_dist_retired_plant_km
49057,Weber County,UT,0.576308648697136,365,0.6457298763875896,0.49922040054983324,0.6267864901673785,0.7058751400194906,0.6162315983057358,0.8689092499719576,0.234435617737858,0,,0,0,0,0,0,0,0,prm_pct_tribal,cob_heat_demand,prm_moratorium_active,cob_persistent_poverty,cob_energy_community,pwr_substations_230kv_n
26043,Dickinson County,MI,0.5760832385392289,366,0.6124813133724016,0.4454662227269452,0.6676939221519858,0.877377391032212,0.9022569676055081,0.30267882087706854,0.41440354807071633,0,,0,0,0,0,0,0,0,prm_pct_tribal,cob_heat_demand,cob_energy_community,lnd_dist_ixp_km,cob_persistent_poverty,lnd_dist_interstate_km
09150,Northeastern Connecticut Planning Region,CT,0.5760745093481168,367,0.6330512478539713,0.5905866676705045,0.650414855255711,0.7086192758487219,0.7007597913251703,0.6168836457950574,0.20995826355422964,0,,0,0,0,0,0,0,0,prm_moratorium_active,haz_karst_exposed_pct,prm_pct_tribal,pwr_ind_price_cents_kwh,cob_persistent_poverty,cob_energy_community
17141,Ogle County,IL,0.5756761959821991,368,0.714123362617242,0.4872786186008412,0.4086310576345592,0.7057007278859853,0.749680906995906,0.6682506572308654,0.3942199495799371,0,,0,0,0,0,0,0,0,prm_moratorium_active,prm_moratorium_proposed,cob_energy_community,cob_persistent_poverty,cob_lowtemp_ind_heat_tbtu,lnd_pct_cropland
19129,Mills County,IA,0.5756247996527804,369,0.6805410942327544,0.4640009974975892,0.573447602087192,0.8131308544693389,0.5906467599610361,0.6767070452533259,0.29152213807007515,0,,0,0,0,0,0,0,0,haz_karst_exposed_pct,prm_moratorium_active,prm_moratorium_proposed,cob_persistent_poverty,cob_ghgrp_combustion_facilities_n,pwr_substations_230kv_n
05057,Hempstead County,AR,0.5756038827350923,370,0.6390394225193143,0.4537643095082885,0.5265576372751692,0.8848721202599601,0.4202541969477452,0.6774355693861954,0.4896796072032496,0,,0,0,0,0,0,0,0,prm_moratorium_active,prm_pct_tribal,cob_persistent_poverty,crb_clean_gen_mw,cob_lowtemp_ind_heat_tbtu,lnd_dist_ixp_km
18055,Greene County,IN,0.575232383055392,371,0.676137274760333,0.5207708201740212,0.474836802974871,0.833261451496664,0.5570690007323572,0.697002175808354,0.31423963392556586,0,,0,0,0,0,0,0,0,prm_contested_total,prm_pct_tribal,cob_energy_community,cob_ghgrp_combustion_facilities_n,cob_persistent_poverty,cob_lowtemp_ind_heat_tbtu
17103,Lee County,IL,0.5752185206926896,372,0.7136813126508945,0.490742893755864,0.42000213262576214,0.7046329435281339,0.6972115236866355,0.7255733237692055,0.3683106995185011,0,,0,0,0,0,0,0,0,prm_contested_total,prm_pct_tribal,cob_energy_community,lnd_pct_cropland,cob_persistent_poverty,cob_ghgrp_combustion_facilities_n
29013,Bates County,MO,0.5751969392003354,373,0.6002475414443494,0.4925818740375858,0.5651135037661472,0.8173924389750741,0.5666365866166704,0.751518448114416,0.3260497918371027,0,,0,0,0,0,0,0,0,prm_moratorium_proposed,cob_energy_community,prm_pop_density_km2,crb_queue_clean_mw,pwr_substations_230kv_n,cob_persistent_poverty
17017,Cass County,IL,0.5751402877197994,374,0.6367214845503506,0.4940124172070945,0.6464499243926906,0.7341421729916923,0.6379553861574264,0.5003077071013459,0.3646034234146759,0,,0,0,0,0,0,0,0,prm_pct_tribal,prm_moratorium_proposed,haz_karst_exposed_pct,cob_persistent_poverty,pwr_substations_230kv_n,cob_lowtemp_ind_heat_tbtu
17105,Livingston County,IL,0.5751352947256049,375,0.7039720933728661,0.46387192276825057,0.5467381095576271,0.710686645958591,0.6965489053809026,0.6118115288501738,0.33098334955263015,0,,0,0,0,0,0,0,0,prm_contested_total,prm_moratorium_active,cob_energy_community,lnd_pct_cropland,cob_persistent_poverty,cob_ghgrp_combustion_facilities_n
06081,San Mateo County,CA,0.5750852211864519,376,0.5745598811918902,0.6331602924239101,0.6916789895728144,0.6324345860752899,0.6654072481706751,0.5300912875803853,0.29870419327116426,0,,0,0,0,0,0,0,0,wtr_wwtp_flow_mgd,prm_moratorium_active,cob_energy_community,pwr_ind_price_cents_kwh,cob_persistent_poverty,prm_price_growth_pct
48375,Potter County,TX,0.5750591384071719,377,0.7320532047192596,0.5775882788222215,0.5627508052570628,0.867427442197538,0.4304725633810619,0.5912001098577201,0.24306044945154726,0,,0,0,0,0,0,0,0,prm_moratorium_active,prm_county_can_zone,lnd_pct_buildable,cob_persistent_poverty,cob_energy_community,lnd_dist_cement_km
22061,Lincoln Parish,LA,0.5748573548500296,378,0.69876596579545,0.38828125125532187,0.6115952061965264,0.8545643464090816,0.4683061029726959,0.5144660919820683,0.5228868155255587,0,,0,0,0,0,0,0,0,prm_moratorium_proposed,prm_contested_total,haz_karst_exposed_pct,cob_ghgrp_combustion_facilities_n,crb_queue_clean_mw,crb_clean_gen_mw
21167,Mercer County,KY,0.5747425295889246,379,0.7385287957525623,0.33139799125541164,0.6837417135372497,0.8460740884575104,0.563013470139174,0.7109019027741378,0.31762601077729247,0,,0,0,0,0,0,0,0,prm_contested_total,cob_energy_community,prm_moratorium_active,cob_persistent_poverty,cob_lowtemp_ind_heat_tbtu,crb_lrmer_2035_kg_mwh
40063,Hughes County,OK,0.5747383372191682,380,0.5413395833902571,0.5500284144890267,0.5188791155253609,0.8725849448583363,0.440299912264393,0.6940154497025816,0.4780202805406888,0,,0,0,0,0,0,0,0,prm_nonattainment,haz_karst_exposed_pct,cob_persistent_poverty,pwr_substations_230kv_n,cob_ghgrp_combustion_facilities_n,crb_clean_gen_mw
17165,Saline County,IL,0.5747247637266306,381,0.5856146802092557,0.5178695279552533,0.710520823154799,0.7446228800631067,0.5396177679613342,0.6091777253128061,0.3297282237434379,0,,0,0,0,0,0,0,0,wtr_bws_2050_score,cob_energy_community,prm_moratorium_active,cob_ghgrp_combustion_facilities_n,pwr_substations_230kv_n,cob_persistent_poverty
19123,Mahaska County,IA,0.5745408734014096,382,0.6135473425119257,0.5359333640782347,0.7567946298503474,0.8197832080195625,0.6802083474549593,0.5516133442013129,0.19242069856275737,0,,0,0,0,0,0,0,0,prm_moratorium_active,prm_moratorium_proposed,haz_karst_exposed_pct,cob_persistent_poverty,cob_energy_community,pwr_substations_230kv_n
48149,Fayette County,TX,0.5744585370330155,383,0.6927517019378374,0.694198736858574,0.45271436232655227,0.9016682487356817,0.41807875268403655,0.7132793422122309,0.21768122067718176,0,,0,0,0,0,0,0,0,lnd_pct_buildable,prm_pct_tribal,haz_karst_exposed_pct,cob_persistent_poverty,cob_ghgrp_combustion_facilities_n,cob_lowtemp_ind_heat_tbtu
42013,Blair County,PA,0.5742759340011696,384,0.6443040296561549,0.40763754141766767,0.5461126496753728,0.7941136465314963,0.7355092770087478,0.6351666975372279,0.3868027682069905,0,,0,0,0,0,0,0,0,prm_moratorium_active,cob_energy_community,prm_moratorium_proposed,cob_persistent_poverty,cob_lowtemp_ind_heat_tbtu,crb_lrmer_2035_kg_mwh
22121,West Baton Rouge Parish,LA,0.5739671221597588,385,0.8067619798335166,0.502700594017082,0.6719742991875823,0.8156473123283017,0.48423138311049074,0.5644177744886816,0.19352500541037948,0,,0,0,0,0,0,0,0,prm_moratorium_proposed,prm_pct_tribal,wtr_bws_2050_score,lnd_dist_cement_km,cob_energy_community,cob_persistent_poverty
22087,St. Bernard Parish,LA,0.5739211880122025,386,0.7570069933048187,0.40444790712836287,0.809907714724871,0.746569017472949,0.4074783240566656,0.5480733472227429,0.3474951226089748,0,,0,0,0,0,0,0,0,prm_moratorium_active,cob_energy_community,wtr_wwtp_flow_mgd,prm_nonattainment,cob_ghgrp_combustion_facilities_n,cob_persistent_poverty
18067,Howard County,IN,0.5737262651982344,387,0.7089091904565245,0.5162493322395797,0.6054224415596832,0.7467275944345078,0.6411647266538292,0.6088968304170982,0.22816891375483983,0,,0,0,0,0,0,0,0,prm_pct_tribal,prm_nonattainment,prm_moratorium_active,cob_ghgrp_combustion_facilities_n,cob_persistent_poverty,cob_energy_community
13301,Warren County,GA,0.5736571960123302,388,0.6692223430646645,0.5257415831976701,0.4301722793226446,0.9366223574556191,0.5807729298069245,0.6191387492888403,0.3230535763553297,0,,0,0,0,0,0,0,0,prm_nonattainment,cob_persistent_poverty,prm_moratorium_active,cob_lowtemp_ind_heat_tbtu,cob_ghgrp_combustion_facilities_n,cob_energy_community
17145,Perry County,IL,0.5736242142900067,389,0.7233933496568827,0.5212432991416998,0.500620876408624,0.7425640894532024,0.6001198531009798,0.5568544796569649,0.33545471373959024,0,,0,0,0,0,0,0,0,haz_karst_exposed_pct,prm_moratorium_active,cob_energy_community,cob_ghgrp_combustion_facilities_n,cob_persistent_poverty,cob_lowtemp_ind_heat_tbtu
16035,Clearwater County,ID,0.5734573337155758,390,0.6092299601424651,0.5460744968068826,0.7023600857086276,0.8633252418679259,0.6779860579053503,0.34247325533102235,0.31009168991892655,0,,0,0,0,0,0,0,0,prm_moratorium_active,cob_energy_community,prm_pop_density_km2,cob_lowtemp_ind_heat_tbtu,cob_ghgrp_combustion_facilities_n,lnd_dist_interstate_km
37127,Nash County,NC,0.573341802392802,391,0.6979036385518959,0.5832674528020019,0.4689149894766036,0.8236100950497225,0.5293150352381646,0.6322769720572964,0.27821392197203576,0,,0,0,0,0,0,0,0,prm_pct_tribal,prm_nonattainment,cob_energy_community,cob_ghgrp_combustion_facilities_n,cob_persistent_poverty,cob_lowtemp_ind_heat_tbtu
22117,Washington Parish,LA,0.573223623377917,392,0.7162242905430561,0.49531632747953847,0.46713814039439133,0.8614502930352145,0.4227244555056007,0.5012289381472012,0.5226817101356729,0,,0,0,0,0,0,0,0,prm_moratorium_proposed,prm_pct_tribal,haz_karst_exposed_pct,cob_lowtemp_ind_heat_tbtu,haz_alr_hurricane,cob_heat_demand
13121,Fulton County,GA,0.5731737270319196,393,0.8598689670590288,0.4939961985817276,0.540588450492419,0.7895973002670766,0.6535840656798085,0.8028887179733614,0.12973101483011865,0,,0,0,0,0,0,0,0,prm_pct_tribal,prm_moratorium_active,pwr_substations_230kv_n,cob_ghgrp_combustion_facilities_n,cob_persistent_poverty,cob_energy_community
21143,Lyon County,KY,0.5729613891759383,394,0.573848473237164,0.5082148565422634,0.7172701700331864,0.8558552044178892,0.5003781703361324,0.6483352768038712,0.28040891146471797,0,,0,0,0,0,0,0,0,prm_nonattainment,cob_energy_community,prm_moratorium_active,cob_lowtemp_ind_heat_tbtu,cob_persistent_poverty,pwr_substations_230kv_n
47035,Cumberland County,TN,0.5726208627771305,395,0.6436813760237385,0.43286357168744677,0.5775983082930043,0.8639357006997951,0.6015855685617237,0.7204873760497518,0.29517456985458224,0,,0,0,0,0,0,0,0,prm_contested_total,cob_energy_community,prm_moratorium_active,cob_persistent_poverty,cob_ghgrp_combustion_facilities_n,crb_clean_gen_mw
42111,Somerset County,PA,0.5725429774977574,396,0.5985476560308708,0.4330324171426815,0.526819131953823,0.8260162205743097,0.7757530455401689,0.7278999002889798,0.32580417828344754,0,,0,0,0,0,0,0,0,prm_moratorium_active,cob_energy_community,prm_moratorium_proposed,cob_persistent_poverty,cob_ghgrp_combustion_facilities_n,cob_lowtemp_ind_heat_tbtu
04015,Mohave County,AZ,0.5724863821435388,397,0.6316366485905874,0.6658496225986459,0.5118775937654048,0.8212284354874022,0.3799287062689719,0.711219534669925,0.29335634250539483,0,,0,0,0,0,0,0,0,prm_nonattainment,prm_contested_total,lnd_pct_buildable,cob_persistent_poverty,cob_ghgrp_combustion_facilities_n,pwr_time_to_power_yrs
17195,Whiteside County,IL,0.5724313643279898,398,0.7065196479421834,0.43862200265856666,0.45789278298792624,0.6988815512637854,0.7290508762922827,0.7471681878981435,0.3626359548000645,0,,0,0,0,0,0,0,0,prm_moratorium_proposed,prm_contested_total,cob_energy_community,cob_persistent_poverty,cob_ghgrp_combustion_facilities_n,cob_lowtemp_ind_heat_tbtu
48273,Kleberg County,TX,0.572344136804032,399,0.6426458099687687,0.6283440083952244,0.4016347916928519,0.8768146238478155,0.3549370406192324,0.6311792325682596,0.4918883455085648,0,,0,0,0,0,0,0,0,lnd_pct_buildable,prm_pct_tribal,cob_persistent_poverty,cob_ghgrp_combustion_facilities_n,pwr_substations_230kv_n,crb_clean_gen_mw
16001,Ada County,ID,0.5721098592090957,400,0.6467942276232762,0.6806686568083532,0.4783784300641514,0.8055436432999333,0.6053853166415284,0.7715619239286808,0.17523901406226194,0,,0,0,0,0,0,0,0,prm_moratorium_proposed,prm_nonattainment,haz_karst_exposed_pct,cob_persistent_poverty,cob_energy_community,pwr_dist_retired_plant_km
37131,Northampton County,NC,0.5719982984516814,401,0.6368524329235246,0.5870404090247561,0.44028047376348567,0.8707074416059676,0.6190493465709365,0.5775244857414364,0.31100071938783136,0,,0,0,0,0,0,0,0,prm_pct_tribal,prm_nonattainment,prm_moratorium_proposed,cob_ghgrp_combustion_facilities_n,cob_energy_community,cob_lowtemp_ind_heat_tbtu
18171,Warren County,IN,0.5719764985379332,402,0.6837243583871473,0.4978364547050881,0.5136814346905939,0.7950124079813815,0.6183098920558139,0.5885254958463187,0.31967917059162565,0,,0,0,0,0,0,0,0,prm_moratorium_active,prm_pop_density_km2,prm_moratorium_proposed,cob_lowtemp_ind_heat_tbtu,cob_persistent_poverty,cob_ghgrp_combustion_facilities_n
26005,Allegan County,MI,0.5718949282420345,403,0.6174714039267793,0.5196496683465882,0.5039421088824587,0.6749018811154059,0.7643083484161958,0.5970131645215289,0.3880089660873338,0,,0,0,0,0,0,0,0,haz_karst_exposed_pct,cob_energy_community,prm_moratorium_active,cob_persistent_poverty,prm_nonattainment,cob_lowtemp_ind_heat_tbtu
48353,Nolan County,TX,0.5718889048259048,404,0.8196316694359089,0.767304781455637,0.4264827113839459,0.8834759725523477,0.4102132826313553,0.6926725147452443,0.1420794737893841,0,,0,0,0,0,0,0,0,prm_moratorium_active,lnd_pct_buildable,prm_county_can_zone,cob_persistent_poverty,cob_energy_community,cob_ghgrp_combustion_facilities_n
29127,Marion County,MO,0.5717858057934668,405,0.6552089020877084,0.44111407599764296,0.7084361059430508,0.8107300005372842,0.6656606637272534,0.6922800432434085,0.20597115856749565,0,,0,0,0,0,0,0,0,prm_nonattainment,prm_moratorium_active,wtr_bws_score,crb_clean_gen_mw,cob_persistent_poverty,cob_energy_community
20001,Allen County,KS,0.5717793130652815,406,0.4847320377376901,0.623886245600708,0.6722825798506022,0.8616155063041189,0.49090943973490037,0.6394239341206772,0.31038629234188697,0,,0,0,0,0,0,0,0,prm_pct_tribal,prm_nonattainment,lnd_pct_buildable,cob_ghgrp_combustion_facilities_n,lnd_dist_interstate_km,pwr_substations_230kv_n
53007,Chelan County,WA,0.5717274204351434,407,0.6988978928302255,0.6703174948991358,0.6886245921014226,0.8672105424106525,0.6448610366245642,0.626305560407899,0.09046112647726146,0,,0,0,0,0,0,0,0,pwr_ind_price_cents_kwh,prm_contested_total,crb_clean_gen_mw,lnd_dist_interstate_km,cob_energy_community,cob_ghgrp_combustion_facilities_n
27063,Jackson County,MN,0.5716555137527279,408,0.7490295472464477,0.5675082817110499,0.5613680102786249,0.7756040845026162,0.6974891725275968,0.5498436243735377,0.17708754818956934,0,,0,0,0,0,0,0,0,prm_moratorium_active,cob_heat_demand,haz_karst_exposed_pct,cob_persistent_poverty,cob_energy_community,cob_ghgrp_combustion_facilities_n
21035,Calloway County,KY,0.5716077976579217,409,0.6530697441227981,0.3971111312726495,0.7445471610468584,0.8096395387207908,0.5271519241727886,0.6231632841783854,0.32599816963319456,0,,0,0,0,0,0,0,0,prm_pct_tribal,cob_energy_community,prm_moratorium_active,cob_ghgrp_combustion_facilities_n,cob_persistent_poverty,pwr_substations_230kv_n
47093,Knox County,TN,0.5715997549249878,410,0.7339940959923378,0.34969154107049044,0.7774484890610611,0.8168940456333986,0.5930579546388632,0.7665614751994193,0.21176944955832802,0,,0,0,0,0,0,0,0,prm_contested_total,wtr_wwtp_flow_mgd,prm_moratorium_active,cob_persistent_poverty,crb_wind_cf,cob_energy_community
21183,Ohio County,KY,0.5715093725469647,411,0.6880123686344415,0.4568648228187103,0.5527091957867358,0.847034114747807,0.5614728985511717,0.5446688533574703,0.35387200431622456,0,,0,0,0,0,0,0,0,prm_moratorium_active,prm_moratorium_proposed,cob_energy_community,lnd_dist_interstate_km,crb_clean_gen_mw,cob_persistent_poverty
48313,Madison County,TX,0.5714781396449603,412,0.5838667216619451,0.6047270017867159,0.5827805381123243,0.8799355537773177,0.4307120299416488,0.7309299137380164,0.2595987438938724,0,,0,0,0,0,0,0,0,prm_moratorium_active,cob_energy_community,haz_karst_exposed_pct,cob_persistent_poverty,pwr_substations_230kv_n,cob_ghgrp_combustion_facilities_n
42037,Columbia County,PA,0.5714723546173927,413,0.7111998625444503,0.30648888382423667,0.6390332029842001,0.7776439083108976,0.7185988564168964,0.7417222123816543,0.3538669353625737,0,,0,0,0,0,0,0,0,prm_moratorium_proposed,cob_energy_community,prm_pct_tribal,cob_persistent_poverty,wtr_wwtp_flow_mgd,cob_ghgrp_combustion_facilities_n
17029,Coles County,IL,0.5713828099857969,414,0.649020196679573,0.5210638269147068,0.5650713291017306,0.7017307582846137,0.6141502349297734,0.6063132474851696,0.3338240464846947,0,,0,0,0,0,0,0,0,prm_nonattainment,cob_energy_community,prm_moratorium_active,cob_persistent_poverty,cob_ghgrp_combustion_facilities_n,cob_lowtemp_ind_heat_tbtu
48343,Morris County,TX,0.5712917882302472,415,0.6236692633403453,0.5275627678283016,0.575937538833277,0.8918160490310036,0.4519135376174151,0.6470017028914735,0.30736190335551733,0,,0,0,0,0,0,0,0,prm_moratorium_active,cob_energy_community,prm_county_can_zone,cob_lowtemp_ind_heat_tbtu,cob_persistent_poverty,pwr_substations_230kv_n
55063,La Crosse County,WI,0.57124014859403,416,0.6699705967093215,0.4520131596587914,0.7221569466470114,0.8101903920049307,0.7625407901579535,0.5919922589363606,0.1845803764288645,0,,0,0,0,0,0,0,0,prm_moratorium_active,prm_moratorium_proposed,prm_contested_total,cob_persistent_poverty,cob_energy_community,cob_ghgrp_combustion_facilities_n
17109,McDonough County,IL,0.5712364923576438,417,0.5234973906203992,0.5068606615534574,0.6910490506372617,0.7185736917131087,0.7472154768777648,0.5479407015576984,0.3644167529170918,0,,0,0,0,0,0,0,0,prm_pct_tribal,prm_moratorium_active,cob_energy_community,cob_ghgrp_combustion_facilities_n,lnd_dist_interstate_km,pwr_substations_230kv_n
40027,Cleveland County,OK,0.5712174559868024,418,0.7746499111273567,0.5898817641931746,0.635907624389192,0.8107517986420514,0.5054305385043014,0.7908804734661093,0.11334711039858958,0,,0,0,0,0,0,0,0,prm_moratorium_active,prm_pct_tribal,prm_nonattainment,cob_persistent_poverty,cob_energy_community,cob_ghgrp_combustion_facilities_n
17043,DuPage County,IL,0.5711964271262612,419,0.8352206149330408,0.3048077959427824,0.5355738645848069,0.6197180141303157,0.748311290712601,0.7882995016102248,0.41338189304393097,0,,0,0,0,0,0,0,0,prm_pct_tribal,wtr_wwtp_flow_mgd,prm_moratorium_active,cob_persistent_poverty,cob_ghgrp_combustion_facilities_n,prm_nonattainment
48367,Parker County,TX,0.5711791340313945,420,0.7674719752912564,0.6461918659508015,0.4707743575459043,0.7387588074847107,0.4178811031823978,0.8266479811225954,0.20492198535736403,0,,0,0,0,0,0,0,0,lnd_pct_buildable,cob_energy_community,prm_county_can_zone,cob_persistent_poverty,prm_nonattainment,cob_ghgrp_combustion_facilities_n
42031,Clarion County,PA,0.5711457501989912,421,0.6051361775341343,0.3616029894508287,0.576894202863999,0.8297614141799244,0.7266931579529944,0.7994771661570769,0.3616960490547865,0,,0,0,0,0,0,0,0,prm_pct_tribal,prm_nonattainment,cob_energy_community,wtr_wwtp_flow_mgd,cob_persistent_poverty,pwr_substations_230kv_n
20087,Jefferson County,KS,0.5711030505688302,422,0.6492745417911572,0.49823026565686224,0.575599465122549,0.8637897489893156,0.5352563815251069,0.6637016114431751,0.26859679022469146,0,,0,0,0,0,0,0,0,prm_moratorium_proposed,prm_nonattainment,prm_moratorium_active,cob_lowtemp_ind_heat_tbtu,cob_persistent_poverty,pwr_substations_230kv_n
19103,Johnson County,IA,0.5709417764765514,423,0.724325982148623,0.4854463768206685,0.5950551116725709,0.7967092191763212,0.5815982658219068,0.7729599419353024,0.18725928648999968,0,,0,0,0,0,0,0,0,haz_karst_exposed_pct,prm_pct_tribal,prm_moratorium_active,cob_persistent_poverty,cob_energy_community,cob_ghgrp_combustion_facilities_n
18103,Miami County,IN,0.5709001999385034,424,0.7464334260112632,0.5328018007701235,0.5044493674618924,0.7725385145297925,0.6962060146828245,0.6046547901908396,0.21225185460495508,0,,0,0,0,0,0,0,0,prm_nonattainment,prm_pct_tribal,prm_moratorium_active,cob_persistent_poverty,cob_energy_community,cob_ghgrp_combustion_facilities_n
18173,Warrick County,IN,0.5708958636683747,425,0.5889351574749845,0.4624227273625435,0.7402717124967457,0.8107233431539922,0.5954767833809387,0.6822599385122055,0.2501148890676988,0,,0,0,0,0,0,0,0,prm_nonattainment,prm_moratorium_active,cob_energy_community,cob_persistent_poverty,pwr_substations_230kv_n,cob_ghgrp_combustion_facilities_n
01073,Jefferson County,AL,0.5708624987192805,426,0.7647626361996739,0.3892761404575056,0.5790924688258018,0.808995426051658,0.4622956716836285,0.8517549570246398,0.2869571166304244,0,,0,0,0,0,0,0,0,prm_pct_tribal,cob_energy_community,prm_moratorium_active,crb_queue_clean_mw,crb_clean_gen_mw,cob_ghgrp_combustion_facilities_n
37017,Bladen County,NC,0.5706836057463164,427,0.7305721091554517,0.5705751228920637,0.4853664520868792,0.8865533468648407,0.41748794964965513,0.4357274663091338,0.39085101906512304,0,,0,0,0,0,0,0,0,prm_pct_tribal,cob_persistent_poverty,prm_moratorium_active,cob_energy_community,haz_alr_hurricane,cob_lowtemp_ind_heat_tbtu
42063,Indiana County,PA,0.5705939693306539,428,0.7692004991011603,0.32331737521691994,0.6693628585032328,0.7093195977828021,0.7315158059493058,0.5952702713268966,0.34910751961300196,0,,0,0,0,0,0,0,0,prm_pct_tribal,prm_contested_total,prm_moratorium_active,crb_clean_gen_mw,lnd_dist_interstate_km,cob_persistent_poverty
22081,Red River Parish,LA,0.5704870333806432,429,0.7362111993446729,0.4472688715683323,0.5063058826313653,0.872260980769806,0.4043194589047019,0.45957064352719074,0.5589369117280129,0,,0,0,0,0,0,0,0,haz_karst_exposed_pct,prm_pop_density_km2,prm_moratorium_proposed,crb_clean_gen_mw,cob_lowtemp_ind_heat_tbtu,wtr_wwtp_flow_mgd
22069,Natchitoches Parish,LA,0.57045917520922,430,0.6531454269598486,0.37316527978584974,0.6337918030318169,0.8700164476589607,0.4409061983609959,0.5442729733296429,0.5590203657862196,0,,0,0,0,0,0,0,0,prm_contested_total,cob_persistent_poverty,cob_energy_community,crb_queue_clean_mw,crb_clean_gen_mw,cob_heat_demand
01125,Tuscaloosa County,AL,0.5703752598160353,431,0.6725667903930477,0.44702857278923586,0.620526808808182,0.8322126028934719,0.4953614156226873,0.7783509128799083,0.2596542846638888,0,,0,0,0,0,0,0,0,prm_nonattainment,prm_pct_tribal,prm_moratorium_proposed,cob_persistent_poverty,cob_ghgrp_combustion_facilities_n,crb_queue_clean_mw
17011,Bureau County,IL,0.5703309491956088,432,0.5402261765533533,0.5226763473231596,0.5286035748894744,0.7100166373473343,0.6850553708651628,0.7514572283654014,0.3833151827540858,0,,0,0,0,0,0,0,0,prm_moratorium_proposed,haz_karst_exposed_pct,prm_contested_total,cob_persistent_poverty,cob_ghgrp_combustion_facilities_n,pwr_substations_230kv_n
13021,Bibb County,GA,0.5702673038509113,433,0.7182167300208537,0.45746708613997455,0.5127662231857892,0.8537603654854532,0.5825477790636329,0.6999617685002059,0.2606668948775098,0,,0,0,0,0,0,0,0,prm_tax_exemption_status,prm_pct_tribal,prm_moratorium_proposed,cob_persistent_poverty,cob_energy_community,crb_queue_clean_mw
56007,Carbon County,WY,0.5701918532619056,434,0.5301207514757837,0.6574495058071458,0.43891929597807733,0.8969786742813168,0.65501175290326,0.540604643278319,0.3569062317044308,0,,0,0,0,0,0,0,0,lnd_pct_buildable,prm_pct_tribal,cob_heat_demand,cob_ghgrp_combustion_facilities_n,pwr_dist_retired_plant_km,cob_persistent_poverty
45091,York County,SC,0.5700976020879962,435,0.763259738009513,0.5757328708688937,0.5285112157823983,0.8434059010512946,0.5678568150098848,0.7118945591304014,0.1475449457124002,0,,0,0,0,0,0,0,0,haz_karst_exposed_pct,prm_moratorium_active,prm_moratorium_proposed,cob_persistent_poverty,cob_energy_community,cob_lowtemp_ind_heat_tbtu
40031,Comanche County,OK,0.5700959174060075,436,0.6056219060457222,0.6529073113348797,0.4844172061158455,0.8297514041333286,0.37598540339177666,0.7386339124264519,0.3326990204773039,0,,0,0,0,0,0,0,0,prm_pct_tribal,lnd_pct_buildable,cob_energy_community,cob_persistent_poverty,cob_lowtemp_ind_heat_tbtu,pwr_dist_retired_plant_km
37071,Gaston County,NC,0.5700822998418512,437,0.7647928574735026,0.5621186928397361,0.6022712211245889,0.8509408143475339,0.6181829108397482,0.6974150430646091,0.11661198941178293,0,,0,0,0,0,0,0,0,prm_tax_exemption_status,prm_pct_tribal,prm_moratorium_proposed,cob_ghgrp_combustion_facilities_n,cob_energy_community,cob_persistent_poverty
13141,Hancock County,GA,0.5699499050357455,438,0.6584081948266279,0.5312464906142951,0.43534075886558077,0.938853948219888,0.5311379624471394,0.5201737483188053,0.39232645819608025,0,,0,0,0,0,0,0,0,prm_pop_density_km2,prm_moratorium_proposed,cob_persistent_poverty,cob_ghgrp_combustion_facilities_n,pwr_substations_230kv_n,cob_energy_community
42129,Westmoreland County,PA,0.5699046004087573,439,0.7313600016917167,0.3460782044948631,0.5932795088516167,0.6895608897196333,0.7302491226277842,0.7933787451080673,0.32042011214415944,0,,0,0,0,0,0,0,0,prm_contested_total,cob_energy_community,prm_moratorium_active,cob_ghgrp_combustion_facilities_n,prm_nonattainment,cob_persistent_poverty
17135,Montgomery County,IL,0.5698887920913207,440,0.6765138481531313,0.5025264100572926,0.5432538974859281,0.7201935983268902,0.6512472474130442,0.5525919815937815,0.33448588390490647,0,,0,0,0,0,0,0,0,prm_moratorium_proposed,cob_energy_community,prm_moratorium_active,cob_ghgrp_combustion_facilities_n,cob_persistent_poverty,cob_lowtemp_ind_heat_tbtu
42039,Crawford County,PA,0.5697823765894652,441,0.6608873123760767,0.3243273978821478,0.6787499537347614,0.7960747205259286,0.7111544962897809,0.7030043040954411,0.3428639709409938,0,,0,0,0,0,0,0,0,prm_pct_tribal,prm_nonattainment,haz_karst_exposed_pct,crb_clean_gen_mw,cob_ghgrp_combustion_facilities_n,cob_persistent_poverty
05107,Phillips County,AR,0.5697519691785174,442,0.6846918322292287,0.5508236495940511,0.6311075554589541,0.7934071770469188,0.41894088244330585,0.2945421696353339,0.5549411154699985,0,,0,0,0,0,0,0,0,prm_nonattainment,haz_karst_exposed_pct,prm_moratorium_proposed,cob_lowtemp_ind_heat_tbtu,cob_ghgrp_combustion_facilities_n,lnd_dist_ixp_km
48187,Guadalupe County,TX,0.5694115658649187,443,0.8068264328792046,0.6512282696035222,0.37580438214863604,0.8233015643536812,0.3944290328494369,0.8686970152941264,0.2108668777450863,0,,0,0,0,0,0,0,0,prm_pct_tribal,cob_energy_community,prm_moratorium_active,cob_persistent_poverty,cob_ghgrp_combustion_facilities_n,haz_alr_riverine_flood
26149,St. Joseph County,MI,0.5693981848073981,444,0.483381548031914,0.40117684448351776,0.7296521689039406,0.781679367404963,0.7616305465506211,0.6612928064936872,0.4230221872466746,0,,0,0,0,0,0,0,0,prm_nonattainment,haz_karst_exposed_pct,cob_energy_community,cob_persistent_poverty,pwr_substations_230kv_n,pwr_dist_retired_plant_km
42019,Butler County,PA,0.5693074784142087,445,0.6896657336167805,0.3042814299184896,0.750854070632506,0.6944717006857114,0.7479909466340853,0.8175533815512662,0.29946112646830825,0,,0,0,0,0,0,0,0,prm_pct_tribal,prm_moratorium_active,cob_energy_community,cob_ghgrp_combustion_facilities_n,prm_nonattainment,cob_persistent_poverty
42085,Mercer County,PA,0.5692792270944856,446,0.6288777208674244,0.2923757365714326,0.7407664245992662,0.7789382745692632,0.794647433047867,0.7478680967716427,0.3482870464258019,0,,0,0,0,0,0,0,0,prm_pct_tribal,prm_nonattainment,prm_moratorium_active,crb_clean_gen_mw,cob_persistent_poverty,cob_ghgrp_combustion_facilities_n
41035,Klamath County,OR,0.5692687454802777,447,0.6081983562058687,0.7315364978004506,0.5445035792654491,0.7470319011686016,0.615294188673474,0.4887851184216176,0.24012559555827687,0,,0,0,0,0,0,0,0,prm_moratorium_active,haz_karst_exposed_pct,prm_moratorium_proposed,cob_persistent_poverty,cob_energy_community,prm_nonattainment
50021,Rutland County,VT,0.569196988924191,448,0.5495461181985267,0.5481177217473953,0.8639972942982439,0.8764840571370178,0.6708611703391588,0.46935733247749534,0.1895060308008783,0,,0,0,0,0,0,0,0,prm_moratorium_active,cob_heat_demand,prm_moratorium_proposed,cob_persistent_poverty,cob_energy_community,pwr_dist_retired_plant_km
20103,Leavenworth County,KS,0.5691225813077229,449,0.6824189144193505,0.5554856465580762,0.673654626991324,0.842992810739869,0.5477888687969371,0.73230397561523,0.13868784264438117,0,,0,0,0,0,0,0,0,prm_moratorium_active,prm_nonattainment,haz_karst_exposed_pct,cob_persistent_poverty,cob_energy_community,cob_ghgrp_combustion_facilities_n
42131,Wyoming County,PA,0.5690388440076686,450,0.6282062916315895,0.32881769772724184,0.6496497133621155,0.7886628461011663,0.7143096242064123,0.5801031586265645,0.4823109278703271,0,,0,0,0,0,0,0,0,prm_pct_tribal,wtr_drought_d2plus_pct_weeks,cob_energy_community,wtr_wwtp_flow_mgd,cob_persistent_poverty,crb_queue_clean_mw
17025,Clay County,IL,0.5690023329528312,451,0.724885598966661,0.5248360171154984,0.5693557703159207,0.7365321939691423,0.5638280698900782,0.4262106843686834,0.35307817966084165,0,,0,0,0,0,0,0,0,prm_moratorium_active,prm_contested_total,cob_energy_community,cob_persistent_poverty,cob_ghgrp_combustion_facilities_n,cob_lowtemp_ind_heat_tbtu
17125,Mason County,IL,0.5688188470574904,452,0.624739801026971,0.5293598682220187,0.580279692640172,0.7246855210423387,0.6153838371133938,0.5252553744967403,0.35583834261851044,0,,0,0,0,0,0,0,0,prm_pct_tribal,prm_nonattainment,prm_moratorium_active,cob_ghgrp_combustion_facilities_n,cob_persistent_poverty,pwr_substations_230kv_n
42109,Snyder County,PA,0.5687776422401197,453,0.7908284692441843,0.3451856739452387,0.662637716986941,0.7987731106465955,0.6767522671792834,0.576823518357978,0.26799524067913266,0,,0,0,0,0,0,0,0,prm_pct_tribal,prm_moratorium_active,cob_energy_community,cob_persistent_poverty,cob_ghgrp_combustion_facilities_n,wtr_wwtp_flow_mgd
13261,Sumter County,GA,0.5686867653982978,454,0.6826830173784642,0.5010097102665592,0.5337377687892536,0.8773300406924521,0.5217138038682652,0.5387746946090369,0.3156096082355069,0,,0,0,0,0,0,0,0,prm_nonattainment,prm_pct_tribal,prm_moratorium_proposed,cob_energy_community,cob_ghgrp_combustion_facilities_n,cob_lowtemp_ind_heat_tbtu
48119,Delta County,TX,0.5686173235282435,455,0.5780045496281347,0.6866566548224583,0.5060080981908086,0.8737258628466584,0.4598281647738685,0.6422200001855206,0.26744986296644796,0,,0,0,0,0,0,0,0,prm_nonattainment,cob_energy_community,lnd_pct_buildable,cob_lowtemp_ind_heat_tbtu,cob_persistent_poverty,pwr_substations_230kv_n
23025,Somerset County,ME,0.5685534297636778,456,0.4876092617747531,0.6088102001982761,0.8452429188208542,0.8187747292123205,0.632129967032519,0.3848527480075734,0.29892839599657217,0,,0,0,0,0,0,0,0,wtr_bws_score,cob_heat_demand,wtr_bws_2050_score,cob_persistent_poverty,cob_energy_community,pwr_substations_230kv_n
19127,Marshall County,IA,0.5685290959759618,457,0.5698497239622949,0.5578239673618389,0.6057279499415726,0.7934832047234712,0.6818936411264481,0.5528840310237787,0.2767486958427232,0,,0,0,0,0,0,0,0,prm_pct_tribal,prm_nonattainment,prm_moratorium_active,cob_persistent_poverty,cob_energy_community,lnd_pct_cropland
53059,Skamania County,WA,0.5685065037225647,458,0.6535254432075671,0.6329591245007714,0.6982001162618123,0.8476735676875101,0.6823883956126653,0.6643896963461585,0.09920494442777683,0,,0,0,0,0,0,0,0,prm_pct_tribal,haz_karst_exposed_pct,wtr_bws_score,cob_ghgrp_combustion_facilities_n,cob_persistent_poverty,cob_energy_community
44003,Kent County,RI,0.5683082106277045,459,0.6545113940731341,0.5693705782912525,0.7033652514898908,0.7701382991953571,0.6533371627882082,0.5875574128324766,0.16080453178200008,0,,0,0,0,0,0,0,0,haz_karst_exposed_pct,prm_moratorium_active,prm_moratorium_proposed,pwr_ind_price_cents_kwh,cob_persistent_poverty,cob_energy_community
17187,Warren County,IL,0.5681517633749585,460,0.5178238835672404,0.4669872149862255,0.6386566670804563,0.7143396693520773,0.7216627709293334,0.6660260205159968,0.3963786090311493,0,,0,0,0,0,0,0,0,prm_pct_tribal,prm_nonattainment,prm_moratorium_active,cob_persistent_poverty,pwr_substations_230kv_n,lnd_pct_cropland
22095,St. John the Baptist Parish,LA,0.5680811573217843,461,0.8300072817960636,0.4403338239373523,0.5841389726357871,0.8351287713799403,0.3779497541292869,0.5551181825188278,0.32291781991080903,0,,0,0,0,0,0,0,0,prm_pct_tribal,prm_nonattainment,haz_karst_exposed_pct,crb_clean_gen_mw,cob_persistent_poverty,cob_lowtemp_ind_heat_tbtu
28107,Panola County,MS,0.5680193850268869,462,0.5649360771650003,0.4816400850198382,0.6645726550327264,0.83523678376483,0.39640606239200404,0.5690616988663516,0.49034822065642975,0,,0,0,0,0,0,0,0,wtr_bws_score,prm_nonattainment,cob_persistent_poverty,cob_ghgrp_combustion_facilities_n,lnd_dist_ixp_km,cob_lowtemp_ind_heat_tbtu
21083,Graves County,KY,0.5679372632856777,463,0.5599102946172533,0.4649948846564464,0.7097106179174799,0.7974236704105199,0.5145585533727718,0.6628235647948725,0.3417810284097908,0,,0,0,0,0,0,0,0,prm_pct_tribal,prm_moratorium_active,prm_moratorium_proposed,cob_persistent_poverty,pwr_substations_230kv_n,cob_ghgrp_combustion_facilities_n
39013,Belmont County,OH,0.5675548959267391,464,0.729139373205136,0.2645780032716878,0.6951636773461793,0.8154513030349188,0.6467421347707529,0.7837291770282512,0.35170130926289284,0,,0,0,0,0,0,0,0,cob_energy_community,prm_moratorium_active,prm_moratorium_proposed,cob_ghgrp_combustion_facilities_n,crb_clean_gen_mw,cob_persistent_poverty
41053,Polk County,OR,0.5674106866792606,465,0.5184644245556538,0.6496608216408186,0.7404505373750632,0.8104247647372849,0.7824839566133335,0.65151894853452,0.13459897383797248,0,,0,0,0,0,0,0,0,prm_moratorium_proposed,wtr_bws_score,haz_alr_coastal_flood,cob_ghgrp_combustion_facilities_n,cob_persistent_poverty,cob_energy_community
40013,Bryan County,OK,0.5673787336652448,466,0.6226124561242425,0.5921447401099511,0.6347031378680803,0.8565201915785575,0.36103353989809867,0.6641276074310755,0.2620111232796773,0,,0,0,0,0,0,0,0,prm_pct_tribal,lnd_pct_buildable,cob_energy_community,cob_persistent_poverty,pwr_substations_230kv_n,lnd_dist_interstate_km
32031,Washoe County,NV,0.5673484918232256,467,0.8008785777716356,0.5932719032116542,0.3971094046127315,0.7785624423141289,0.5203326318402625,0.8053379101708433,0.2000925469342974,0,,0,0,0,0,0,0,0,prm_nonattainment,lnd_pct_buildable,prm_moratorium_active,lnd_dist_eaf_steel_km,cob_persistent_poverty,cob_energy_community
22065,Madison Parish,LA,0.5673270982463519,468,0.7005462805701416,0.40336411136147376,0.6679627361771577,0.8039230899737559,0.3810393759036911,0.4532128353321831,0.5700291006387049,0,,0,0,0,0,0,0,0,prm_moratorium_proposed,prm_moratorium_active,wtr_bws_2050_score,cob_lowtemp_ind_heat_tbtu,crb_queue_clean_mw,crb_clean_gen_mw
17185,Wabash County,IL,0.5672575738804212,469,0.6484929927215675,0.44179629729970865,0.7021586880939048,0.7118583370479703,0.6594177724291036,0.5316362594984868,0.3141905754975933,0,,0,0,0,0,0,0,0,prm_contested_total,cob_energy_community,prm_moratorium_active,cob_ghgrp_combustion_facilities_n,cob_persistent_poverty,crb_clean_gen_mw
29057,Dade County,MO,0.5669697221162253,470,0.6510806307242621,0.5410125990499746,0.5286002760461364,0.866961531799878,0.4824838194178262,0.62600594471952,0.2844964487569492,0,,0,0,0,0,0,0,0,lnd_pct_buildable,prm_pct_tribal,prm_moratorium_active,cob_ghgrp_combustion_facilities_n,cob_persistent_poverty,crb_clean_gen_mw
40107,Okfuskee County,OK,0.5667045036108865,471,0.594476869248541,0.5625053526091364,0.4437914929539611,0.8723371981207256,0.4282773052089896,0.8050440621421043,0.3638329088738788,0,,0,0,0,0,0,0,0,prm_pop_density_km2,prm_moratorium_active,cob_persistent_poverty,cob_lowtemp_ind_heat_tbtu,cob_energy_community,pwr_substations_230kv_n
27139,Scott County,MN,0.5666964192526109,472,0.7629357605419445,0.43394367155630825,0.7468864422021714,0.752760519214444,0.6958856090072599,0.57794030845121,0.16419621670396417,0,,0,0,0,0,0,0,0,prm_moratorium_active,cob_heat_demand,haz_karst_exposed_pct,cob_persistent_poverty,cob_energy_community,cob_poverty_pct
13245,Richmond County,GA,0.5666115327189682,473,0.7175561389323949,0.4458446318996277,0.5002234818268281,0.8729747765117933,0.5111192638176983,0.6735117150155152,0.3050174724731587,0,,0,0,0,0,0,0,0,prm_pct_tribal,prm_moratorium_active,prm_tax_exemption_status,cob_persistent_poverty,cob_energy_community,crb_queue_clean_mw
01127,Walker County,AL,0.566587923630406,474,0.6474340885604851,0.5008953691733632,0.5051005629490966,0.8487676260483535,0.5456422097463546,0.777713346656505,0.2585358484632694,0,,0,0,0,0,0,0,0,prm_nonattainment,cob_energy_community,prm_moratorium_active,cob_ghgrp_combustion_facilities_n,cob_persistent_poverty,cob_lowtemp_ind_heat_tbtu
17051,Fayette County,IL,0.5665392108527131,475,0.6232355673348478,0.510512749128617,0.5051539616319464,0.7418732626582447,0.6213954762628755,0.6207135871507398,0.36539567076350216,0,,0,0,0,0,0,0,0,prm_contested_total,cob_energy_community,prm_moratorium_active,cob_ghgrp_combustion_facilities_n,cob_persistent_poverty,cob_lowtemp_ind_heat_tbtu
37007,Anson County,NC,0.5665290891417927,476,0.7133577219834313,0.4910619121856528,0.594084924940579,0.8976965364734454,0.474326038314994,0.6445218944437295,0.2163310807537704,0,,0,0,0,0,0,0,0,prm_pct_tribal,prm_moratorium_active,prm_moratorium_proposed,cob_persistent_poverty,cob_energy_community,crb_queue_clean_mw
48397,Rockwall County,TX,0.5665000403099749,477,0.7429050891487605,0.6257211697845328,0.4757575882526467,0.7164410968477567,0.45788127791359334,0.8187137719002885,0.20404515495693776,0,,0,0,0,0,0,0,0,prm_contested_total,cob_energy_community,prm_moratorium_active,cob_persistent_poverty,cob_poverty_pct,prm_nonattainment
18045,Fountain County,IN,0.5664749574528999,478,0.7244961172349736,0.5689026595882608,0.5467321653489299,0.7897027042145455,0.6235874104723013,0.6428738099317943,0.16779500748282483,0,,0,0,0,0,0,0,0,prm_pct_tribal,prm_nonattainment,prm_moratorium_active,cob_ghgrp_combustion_facilities_n,cob_persistent_poverty,cob_energy_community
39027,Clinton County,OH,0.5664219567553821,479,0.7073614613508532,0.351129943907436,0.6867625191434341,0.7319882727782325,0.6745383353071711,0.6373521309273961,0.3126046467799383,0,,0,0,0,0,0,0,0,haz_karst_exposed_pct,cob_energy_community,prm_moratorium_active,cob_ghgrp_combustion_facilities_n,cob_persistent_poverty,cob_lowtemp_ind_heat_tbtu
37045,Cleveland County,NC,0.5664033339340482,480,0.7556234470705638,0.4952369149342801,0.4773260551517894,0.8690051306500067,0.6136348268599895,0.6904649405047953,0.1970220358356075,0,,0,0,0,0,0,0,0,prm_pct_tribal,prm_moratorium_active,prm_moratorium_proposed,cob_persistent_poverty,cob_energy_community,crb_wind_cf
53035,Kitsap County,WA,0.5664004370916976,481,0.5594863947798683,0.5958487772542542,0.8445659576513892,0.7964268058874657,0.7219938847615541,0.7374735914387626,0.10541557543758526,0,,0,0,0,0,0,0,0,prm_contested_total,wtr_bws_score,haz_karst_exposed_pct,cob_ghgrp_combustion_facilities_n,cob_persistent_poverty,cob_energy_community
17003,Alexander County,IL,0.5663613116097422,482,0.6702298262664115,0.35492115440411554,0.6875640898941624,0.7755833419968915,0.4605631733704532,0.6680969872064496,0.441026750637226,0,,0,0,0,0,0,0,0,prm_pct_tribal,wtr_bws_score,prm_moratorium_active,crb_clean_gen_mw,cob_energy_community,pwr_substations_230kv_n
18007,Benton County,IN,0.5662115571763416,483,0.7464158435190832,0.5745205667478313,0.48046141546895066,0.7823852828385661,0.7017578306955786,0.609959687539435,0.17716266311229495,0,,0,0,0,0,0,0,0,prm_nonattainment,prm_moratorium_active,prm_moratorium_proposed,cob_ghgrp_combustion_facilities_n,cob_persistent_poverty,cob_energy_community
40121,Pittsburg County,OK,0.5661577427635002,484,0.6077720593685283,0.554126864712766,0.6180512774157683,0.8688198401518197,0.4219025688672763,0.580943304300294,0.3036484408043604,0,,0,0,0,0,0,0,0,prm_moratorium_active,prm_moratorium_proposed,prm_contested_total,cob_persistent_poverty,lnd_dist_interstate_km,cob_ghgrp_combustion_facilities_n
47085,Humphreys County,TN,0.5661404781020654,485,0.7570527838157209,0.38420178199660926,0.5686302038473225,0.8781722240911042,0.47652424614805494,0.5816950921166785,0.35691336501497944,0,,0,0,0,0,0,0,0,prm_moratorium_proposed,cob_energy_community,prm_moratorium_active,cob_persistent_poverty,crb_clean_gen_mw,crb_queue_clean_mw
17201,Winnebago County,IL,0.5660151162859908,486,0.7614549695512666,0.4289561927893609,0.47826069506666713,0.6969525631600857,0.7325816727253105,0.7058544867162263,0.28343051903764094,0,,0,0,0,0,0,0,0,prm_contested_total,prm_nonattainment,prm_moratorium_active,cob_persistent_poverty,cob_energy_community,cob_ghgrp_combustion_facilities_n
41059,Umatilla County,OR,0.5657825542831258,487,0.6799483002634268,0.7441244337101066,0.42752749758243275,0.8019581466858617,0.5919748743143651,0.5734258567041189,0.19616989469362336,0,,0,0,0,0,0,0,0,prm_nonattainment,prm_moratorium_active,prm_moratorium_proposed,cob_persistent_poverty,cob_energy_community,cob_lowtemp_ind_heat_tbtu
47153,Sequatchie County,TN,0.5655987888788485,488,0.6300682563663589,0.4011408097269925,0.6306025183117135,0.8708402693758265,0.5881002971654967,0.621533782284631,0.32213671101899416,0,,0,0,0,0,0,0,0,prm_pct_tribal,prm_moratorium_active,cob_energy_community,cob_lowtemp_ind_heat_tbtu,cob_ghgrp_combustion_facilities_n,cob_persistent_poverty
42091,Montgomery County,PA,0.5655719487980757,489,0.858318566355587,0.36528993133981114,0.5840418920446202,0.6576777479839228,0.7263673606137734,0.8032385513561716,0.2067366372509411,0,,0,0,0,0,0,0,0,prm_moratorium_active,pwr_substations_230kv_n,crb_clean_gen_mw,cob_persistent_poverty,cob_energy_community,prm_nonattainment
26021,Berrien County,MI,0.565389201282395,490,0.6403807232971281,0.48314176455814534,0.6865605763016716,0.5973152531136992,0.7616205412271918,0.6924593881909957,0.23796881084758997,0,,0,0,0,0,0,0,0,crb_clean_gen_mw,haz_karst_exposed_pct,prm_moratorium_active,cob_persistent_poverty,cob_energy_community,prm_nonattainment
27163,Washington County,MN,0.5652462337728962,491,0.7450191924429738,0.49386124269282233,0.5218886445614542,0.7750729142364225,0.7232323581189318,0.6096805778061617,0.19969106742309906,0,,0,0,0,0,0,0,0,haz_karst_exposed_pct,prm_pct_tribal,prm_moratorium_proposed,cob_persistent_poverty,cob_energy_community,cob_poverty_pct
39099,Mahoning County,OH,0.5652457745819968,492,0.6992595098670049,0.22439906745236354,0.8029255970224671,0.7460449695081558,0.7376346360063518,0.7850897765518972,0.4012451837865235,0,,0,0,0,0,0,0,0,haz_karst_exposed_pct,cob_energy_community,prm_moratorium_active,crb_queue_clean_mw,cob_persistent_poverty,cob_ghgrp_combustion_facilities_n
46017,Buffalo County,SD,0.5651949385867113,493,0.5822890926365836,0.42064133991832914,0.6731693288154281,0.7628838629290968,0.6314980500452607,0.47352338397615484,0.4721157811120693,0,,0,0,0,0,0,0,0,wtr_bws_score,prm_nonattainment,lnd_pct_buildable,cob_energy_community,lnd_dist_ixp_km,pwr_dist_retired_plant_km
19059,Dickinson County,IA,0.5651292903009258,494,0.6013976718013477,0.5461235554372907,0.7248637350126184,0.8109592873586613,0.7513365397115513,0.4528881347840848,0.19701083500759614,0,,0,0,0,0,0,0,0,prm_contested_total,prm_moratorium_active,prm_moratorium_proposed,cob_persistent_poverty,cob_energy_community,pwr_substations_230kv_n
21161,Mason County,KY,0.5651070020220197,495,0.7143151586114355,0.2732177659703442,0.7536539279832964,0.8514130712740614,0.578228361528071,0.6445745683538021,0.3755710580424558,0,,0,0,0,0,0,0,0,prm_moratorium_proposed,cob_energy_community,wtr_bws_score,lnd_dist_interstate_km,cob_persistent_poverty,cob_ghgrp_combustion_facilities_n
27027,Clay County,MN,0.5648710174631466,496,0.6073768830072783,0.5319146914845148,0.6496687169986723,0.7693032578262332,0.6654885752782864,0.5161562755775123,0.25425123740930367,0,,0,0,0,0,0,0,0,prm_nonattainment,prm_pct_tribal,haz_karst_exposed_pct,cob_persistent_poverty,cob_energy_community,lnd_dist_eaf_steel_km
48015,Austin County,TX,0.5647360516440603,497,0.5127994595329655,0.652060582743032,0.6259769680650944,0.8888070828948372,0.37180717374671146,0.7969008595008594,0.25181485378311286,0,,0,0,0,0,0,0,0,prm_moratorium_active,cob_energy_community,prm_county_can_zone,cob_persistent_poverty,cob_ghgrp_combustion_facilities_n,pwr_substations_230kv_n
48249,Jim Wells County,TX,0.5647077580812438,498,0.5918385663407902,0.6832453448764174,0.44321247359752824,0.8718224140035623,0.3492932243820943,0.5232515976025814,0.47281539395670596,0,,0,0,0,0,0,0,0,lnd_pct_buildable,prm_nonattainment,cob_persistent_poverty,cob_lowtemp_ind_heat_tbtu,cob_ghgrp_combustion_facilities_n,pwr_substations_230kv_n
27049,Goodhue County,MN,0.5647047364523555,499,0.6910984228414628,0.5723157684567237,0.7038969855177998,0.7422057254705478,0.7084188795286003,0.4044840641231797,0.18760334931752265,0,,0,0,0,0,0,0,0,prm_moratorium_proposed,cob_heat_demand,prm_moratorium_active,cob_persistent_poverty,cob_energy_community,cob_ghgrp_combustion_facilities_n
01025,Clarke County,AL,0.5646081145004592,500,0.5910000268553092,0.4381329299587275,0.631063081368817,0.8706140180129808,0.4660342177998357,0.47862547039367964,0.509127769766144,0,,0,0,0,0,0,0,0,prm_pct_tribal,prm_moratorium_proposed,cob_persistent_poverty,crb_clean_gen_mw,lnd_dist_interstate_km,cob_lowtemp_ind_heat_tbtu
27013,Blue Earth County,MN,0.5645884436372665,501,0.6188864963414361,0.5219066609485017,0.5593603251357027,0.7570439918810326,0.7483040678207744,0.4381839948181298,0.3374075044267679,0,,0,0,0,0,0,0,0,prm_moratorium_proposed,prm_pct_tribal,cob_heat_demand,cob_persistent_poverty,cob_energy_community,lnd_dist_interstate_km
21233,Webster County,KY,0.5644656086782616,502,0.6782247881764493,0.47734805467390123,0.6367838302495341,0.7104702792651387,0.5435179648874476,0.5684246877425031,0.3106388626014359,0,,0,0,0,0,0,0,0,haz_karst_exposed_pct,cob_energy_community,prm_moratorium_active,prm_nonattainment,cob_persistent_poverty,crb_clean_gen_mw
29031,Cape Girardeau County,MO,0.5644453838171745,503,0.7092175371274295,0.4409134103332432,0.6251305250238443,0.8176184282584152,0.44520791355432243,0.7906897296692762,0.237310763851646,0,,0,0,0,0,0,0,0,prm_contested_total,prm_moratorium_active,prm_moratorium_proposed,cob_persistent_poverty,cob_energy_community,haz_alr_earthquake
48297,Live Oak County,TX,0.5642293960452696,504,0.5950893558812272,0.6158364329943625,0.5579035182389626,0.8999794877359032,0.36363447313778147,0.6795844297086009,0.27883197312219904,0,,0,0,0,0,0,0,0,prm_pct_tribal,prm_pop_density_km2,lnd_pct_buildable,cob_lowtemp_ind_heat_tbtu,cob_persistent_poverty,cob_ghgrp_combustion_facilities_n
40019,Carter County,OK,0.5641794703656121,505,0.6327707951703152,0.5630842878781323,0.5392610731497163,0.8559716153061212,0.3778255875007519,0.7890761961148042,0.268906036730753,0,,0,0,0,0,0,0,0,prm_nonattainment,cob_energy_community,lnd_pct_buildable,cob_persistent_poverty,cob_ghgrp_combustion_facilities_n,crb_clean_gen_mw
39035,Cuyahoga County,OH,0.5641614417165723,506,0.823959310830113,0.25934651328358604,0.6798861991140165,0.7533082962449085,0.788661072915318,0.7392747262971485,0.26561148335862617,0,,0,0,0,0,0,0,0,haz_karst_exposed_pct,prm_moratorium_active,prm_moratorium_proposed,cob_persistent_poverty,cob_energy_community,cob_ghgrp_combustion_facilities_n
39085,Lake County,OH,0.5641378776036359,507,0.8113837271038219,0.327045886687926,0.637726153288655,0.7699819951290197,0.751524931054271,0.707873022026248,0.21119720334140207,0,,0,0,0,0,0,0,0,prm_moratorium_active,haz_karst_exposed_pct,prm_pct_tribal,cob_persistent_poverty,cob_energy_community,crb_queue_clean_mw
19149,Plymouth County,IA,0.5641291208614493,508,0.7249658703672122,0.5458724108923009,0.6339536585405317,0.8074979012256209,0.6779090280375631,0.497601982954643,0.15939349787920795,0,,0,0,0,0,0,0,0,prm_contested_total,haz_karst_exposed_pct,prm_moratorium_active,lnd_pct_cropland,cob_persistent_poverty,cob_energy_community
13067,Cobb County,GA,0.5640574366960646,509,0.8578443021353589,0.4066276687521876,0.5193449085942587,0.8505355748753024,0.6426795534852573,0.7496638430057946,0.16315357700405214,0,,0,0,0,0,0,0,0,lnd_pct_cropland,haz_karst_exposed_pct,prm_moratorium_active,cob_persistent_poverty,cob_energy_community,crb_queue_clean_mw
48287,Lee County,TX,0.5640368910015335,510,0.590457861205104,0.6044060977205125,0.62087873117217,0.9017023411848075,0.40240594808768165,0.6618461282894702,0.23043115644343265,0,,0,0,0,0,0,0,0,prm_contested_total,prm_county_can_zone,prm_moratorium_active,cob_persistent_poverty,pwr_substations_230kv_n,lnd_dist_interstate_km
39151,Stark County,OH,0.5639694170414143,511,0.6790145586632551,0.2432058463787071,0.6487206158894516,0.758569101548599,0.7404717959195833,0.7991678559940955,0.4758198184528615,0,,0,0,0,0,0,0,0,prm_pct_tribal,prm_moratorium_active,cob_energy_community,cob_persistent_poverty,crb_queue_clean_mw,crb_lrmer_2035_kg_mwh
38093,Stutsman County,ND,0.5639018038552275,512,0.5998733095343496,0.5456250798350547,0.7401973939045983,0.8495802062862535,0.7100992374223914,0.3480188858501218,0.24162635569489382,0,,0,0,0,0,0,0,0,prm_pct_tribal,prm_pop_density_km2,prm_moratorium_active,cob_persistent_poverty,cob_energy_community,lnd_dist_eaf_steel_km
17023,Clark County,IL,0.5637444684074285,513,0.6438133309392198,0.5191795028856294,0.5126756990862754,0.7372549711351389,0.5883790706720708,0.6423449581120876,0.31649237016126,0,,0,0,0,0,0,0,0,prm_pct_tribal,prm_nonattainment,prm_moratorium_active,cob_ghgrp_combustion_facilities_n,pwr_substations_230kv_n,cob_persistent_poverty
17123,Marshall County,IL,0.5637260351562818,514,0.5501066571140548,0.5042755555063276,0.527412491317693,0.7230809532341806,0.6636191429178147,0.6800120463595123,0.3894520418173163,0,,0,0,0,0,0,0,0,prm_moratorium_proposed,prm_pct_tribal,haz_karst_exposed_pct,cob_persistent_poverty,pwr_substations_230kv_n,cob_lowtemp_ind_heat_tbtu
17021,Christian County,IL,0.5636915205435569,515,0.7074290502202046,0.4958442344575671,0.6417628425433834,0.7044359176385072,0.6174799577281697,0.3961925287226622,0.32971442064659345,0,,0,0,0,0,0,0,0,prm_moratorium_active,cob_energy_community,haz_karst_exposed_pct,lnd_pct_cropland,cob_persistent_poverty,cob_ghgrp_combustion_facilities_n
31173,Thurston County,NE,0.5635897059706582,516,0.7455142721240579,0.4356541570064908,0.5264227361880846,0.715538477431324,0.5736351357637338,0.6142799534985602,0.3379235965051493,0,,0,0,0,0,0,0,0,prm_pop_density_km2,haz_karst_exposed_pct,cob_persistent_poverty,cob_lowtemp_ind_heat_tbtu,cob_energy_community,cob_ghgrp_combustion_facilities_n
55101,Racine County,WI,0.5635274253755724,517,0.7361012316095011,0.4505124524327936,0.5093432367478088,0.6344481213165143,0.7939429977958488,0.7619089703611688,0.2395594639769238,0,,0,0,0,0,0,0,0,prm_pct_tribal,haz_karst_exposed_pct,prm_moratorium_active,cob_persistent_poverty,cob_energy_community,prm_nonattainment
06067,Sacramento County,CA,0.5634667120457053,518,0.6168852730809814,0.7286387290235476,0.6655225422275748,0.5963870778377602,0.6563844561287495,0.5995908607361934,0.16774945583679374,0,,0,0,0,0,0,0,0,prm_pct_tribal,haz_alr_coastal_flood,prm_moratorium_active,pwr_ind_price_cents_kwh,cob_persistent_poverty,cob_energy_community
19133,Monona County,IA,0.5634453041841541,519,0.6044083586648943,0.4259334056678529,0.6761310466985504,0.8156547076080034,0.6587582100502722,0.5677979571692567,0.29617599221456675,0,,0,0,0,0,0,0,0,prm_moratorium_proposed,cob_energy_community,haz_karst_exposed_pct,cob_ghgrp_combustion_facilities_n,pwr_substations_230kv_n,cob_persistent_poverty
48401,Rusk County,TX,0.5634110251478741,520,0.6835287736110419,0.5964037573573184,0.5460745314197014,0.7831629292599318,0.4411746968565008,0.5664105859896429,0.2700335705805467,0,,0,0,0,0,0,0,0,prm_moratorium_active,prm_pct_tribal,cob_energy_community,pwr_saidi_min,cob_persistent_poverty,prm_nonattainment
48063,Camp County,TX,0.5633119427562889,521,0.6401921802460196,0.4650516861720114,0.5731587428477096,0.8859884663608106,0.4418205626531248,0.6704138382918777,0.3176590286035526,0,,0,0,0,0,0,0,0,haz_karst_exposed_pct,wtr_bws_score,prm_moratorium_proposed,cob_persistent_poverty,pwr_substations_230kv_n,cob_ghgrp_combustion_facilities_n
50001,Addison County,VT,0.5632966760082696,522,0.5622912009624048,0.5561461024798915,0.8186176208937314,0.8716159509443039,0.7094038986273314,0.5288912893103417,0.14512681481005366,0,,0,0,0,0,0,0,0,prm_pct_tribal,prm_moratorium_active,prm_moratorium_proposed,cob_persistent_poverty,cob_energy_community,cob_unemp_rate
47005,Benton County,TN,0.5632424787450526,523,0.6407696944936428,0.38489228953865956,0.6906595645334351,0.8730968425758471,0.5305994401063681,0.6003954214676748,0.3198197505351402,0,,0,0,0,0,0,0,0,prm_moratorium_active,prm_moratorium_proposed,prm_contested_total,cob_persistent_poverty,pwr_substations_230kv_n,cob_ghgrp_combustion_facilities_n
45053,Jasper County,SC,0.5632104698389477,524,0.7828485239082296,0.5013348144886817,0.5042930498939218,0.8854930397793105,0.4056488706402549,0.5689523101986294,0.2769221401654354,0,,0,0,0,0,0,0,0,prm_pct_tribal,prm_nonattainment,cob_energy_community,crb_queue_clean_mw,cob_persistent_poverty,cob_ghgrp_combustion_facilities_n
31127,Nemaha County,NE,0.5631726616284796,525,0.6602223205700486,0.5990096036543179,0.634585537452059,0.8246623464842432,0.5742210555511633,0.6258222218814016,0.14792336872231227,0,,0,0,0,0,0,0,0,prm_pct_tribal,prm_pop_density_km2,prm_moratorium_active,cob_ghgrp_combustion_facilities_n,cob_energy_community,cob_persistent_poverty
18021,Clay County,IN,0.563121367638408,526,0.6531371642164209,0.5066372267243651,0.4792928232875916,0.796911666209664,0.5786130204581112,0.7487377471565715,0.2721579499933402,0,,0,0,0,0,0,0,0,prm_moratorium_active,cob_energy_community,haz_karst_exposed_pct,cob_ghgrp_combustion_facilities_n,cob_persistent_poverty,cob_lowtemp_ind_heat_tbtu
18043,Floyd County,IN,0.5630892046054705,527,0.7938450687758791,0.39294383238342484,0.7520678740694859,0.8208712528115634,0.5669207055442264,0.8600829080164868,0.12097558732226557,0,,0,0,0,0,0,0,0,prm_pct_tribal,prm_moratorium_active,prm_moratorium_proposed,crb_clean_gen_mw,crb_queue_clean_mw,cob_energy_community
45067,Marion County,SC,0.5630632425816418,528,0.6195770394610495,0.5596068613094254,0.5476915357875209,0.8600329947405668,0.45951295837202705,0.47656332939084756,0.3687886307777765,0,,0,0,0,0,0,0,0,prm_pct_tribal,prm_moratorium_active,cob_persistent_poverty,cob_energy_community,cob_ghgrp_combustion_facilities_n,wtr_wwtp_flow_mgd
41017,Deschutes County,OR,0.563021729585008,529,0.5860427994059565,0.7254165715229165,0.5469059189380636,0.837604964028645,0.7111602774196625,0.5875297794405717,0.14266728818586044,0,,0,0,0,0,0,0,0,prm_moratorium_active,prm_nonattainment,haz_karst_exposed_pct,cob_persistent_poverty,cob_energy_community,pwr_dist_retired_plant_km
17047,Edwards County,IL,0.5628938922661506,530,0.6601053617586224,0.4305473542492134,0.6122109502297808,0.73123228249955,0.6865057477451166,0.5366330260204385,0.3289442329080056,0,,0,0,0,0,0,0,0,haz_karst_exposed_pct,prm_moratorium_active,cob_energy_community,cob_persistent_poverty,cob_ghgrp_combustion_facilities_n,crb_clean_gen_mw
49041,Sevier County,UT,0.5628910526245804,531,0.6150947484813465,0.5436952687630583,0.3805750635723598,0.8689180286513567,0.603345291511086,0.6993410934998622,0.34717411254568714,0,,0,0,0,0,0,0,0,prm_contested_total,cob_energy_community,prm_moratorium_active,cob_ghgrp_combustion_facilities_n,cob_persistent_poverty,cob_lowtemp_ind_heat_tbtu
18001,Adams County,IN,0.5628358686777484,532,0.5999930919532769,0.472902391731948,0.6530977432088694,0.7606183253452488,0.6813993659223169,0.6601270354822473,0.23991671175406443,0,,0,0,0,0,0,0,0,prm_nonattainment,prm_pct_tribal,haz_karst_exposed_pct,cob_persistent_poverty,cob_energy_community,pwr_substations_230kv_n
48057,Calhoun County,TX,0.5627393506746542,533,0.6528075137350012,0.6888491711238359,0.5078052485717779,0.8779241378393268,0.38434954948145134,0.49473646447057473,0.28124869824597765,0,,0,0,0,0,0,0,0,prm_contested_total,prm_nonattainment,haz_karst_exposed_pct,cob_persistent_poverty,pwr_substations_230kv_n,lnd_dist_interstate_km
10003,New Castle County,DE,0.5627220483611203,534,0.8252020643816069,0.40210591230228837,0.6117506638159951,0.6354323053489628,0.619090464075237,0.7712766251855602,0.21640332343149538,0,,0,0,0,0,0,0,0,wtr_wwtp_flow_mgd,prm_contested_total,prm_moratorium_active,prm_nonattainment,cob_persistent_poverty,cob_energy_community
39017,Butler County,OH,0.5627162196129178,535,0.8203954309094745,0.29663082195250234,0.6355587209736125,0.707557321378463,0.6924733879398982,0.7347352550217331,0.2858538140397571,0,,0,0,0,0,0,0,0,prm_moratorium_active,prm_moratorium_proposed,wtr_wwtp_flow_mgd,cob_persistent_poverty,cob_energy_community,crb_lrmer_2035_kg_mwh
45041,Florence County,SC,0.5627000559367922,536,0.6293639971847774,0.5416257839098229,0.7415077459048977,0.8305897350544352,0.4727351361361844,0.6271839111374221,0.18546435315618878,0,,0,0,0,0,0,0,0,prm_moratorium_proposed,prm_moratorium_active,haz_alr_coastal_flood,cob_persistent_poverty,cob_energy_community,cob_heat_demand
48237,Jack County,TX,0.5626706352103396,537,0.7067686819523485,0.7474417144849534,0.3674646108771841,0.9008509320805347,0.39863418309437665,0.527406130313028,0.28785307072273614,0,,0,0,0,0,0,0,0,prm_nonattainment,cob_energy_community,lnd_pct_buildable,cob_lowtemp_ind_heat_tbtu,cob_persistent_poverty,lnd_dist_interstate_km
45075,Orangeburg County,SC,0.562664010911533,538,0.596452281589953,0.5865077613631968,0.46391698370432016,0.827003676414974,0.40852309165499534,0.6931364642988954,0.38492412257091063,0,,0,0,0,0,0,0,0,prm_nonattainment,prm_moratorium_active,cob_persistent_poverty,cob_energy_community,wtr_wwtp_flow_mgd,cob_lowtemp_ind_heat_tbtu
26165,Wexford County,MI,0.5624842713086037,539,0.441431990809395,0.5021040736068039,0.7132843652865481,0.8606162465135391,0.8247274582158427,0.41688658372666465,0.4004404855336332,0,,0,0,0,0,0,0,0,prm_pct_tribal,wtr_bws_score,prm_moratorium_active,cob_ghgrp_combustion_facilities_n,cob_persistent_poverty,lnd_dist_interstate_km
08107,Routt County,CO,0.5623189616337629,540,0.6539822476087187,0.42249015541263074,0.6065243099100243,0.8780516414006894,0.6725673388416263,0.46325334100839477,0.3133325860403342,0,,0,0,0,0,0,0,0,prm_pop_density_km2,prm_moratorium_active,cob_energy_community,crb_queue_clean_mw,cob_persistent_poverty,lnd_dist_interstate_km
05029,Conway County,AR,0.5622540063811976,541,0.6549714343087002,0.461632933688907,0.6479341224807926,0.869267993338338,0.3740805130461459,0.6020655697412306,0.3382723463897475,0,,0,0,0,0,0,0,0,prm_moratorium_proposed,prm_pct_tribal,haz_karst_exposed_pct,cob_persistent_poverty,cob_lowtemp_ind_heat_tbtu,haz_alr_tornado
27109,Olmsted County,MN,0.5622453266262525,542,0.6142385298540091,0.5265704413396175,0.7193224576179935,0.742153973236494,0.7128954014622377,0.6236006781271342,0.16874717716866244,0,,0,0,0,0,0,0,0,prm_moratorium_proposed,prm_pct_tribal,cob_heat_demand,cob_persistent_poverty,cob_energy_community,cob_ghgrp_combustion_facilities_n
29107,Lafayette County,MO,0.5621766812357646,543,0.6771156712077105,0.4912225502041485,0.7282261190673655,0.8005740830011888,0.6203164009864597,0.7088950445167018,0.13654385708672637,0,,0,0,0,0,0,0,0,prm_pct_tribal,prm_moratorium_active,prm_moratorium_proposed,cob_ghgrp_combustion_facilities_n,crb_queue_clean_mw,cob_persistent_poverty
40105,Nowata County,OK,0.5620752971250322,544,0.7277475807106334,0.5687745824424021,0.49979750069174533,0.8706004081925119,0.4000215659121957,0.5400951628698719,0.2819823041321131,0,,0,0,0,0,0,0,0,prm_moratorium_proposed,prm_pct_tribal,cob_energy_community,crb_clean_gen_mw,cob_persistent_poverty,cob_ghgrp_combustion_facilities_n
37181,Vance County,NC,0.5619910877866077,545,0.6871926968579471,0.5247144066889254,0.5524836410129224,0.8728654484161504,0.6669027099957503,0.6689766028064272,0.15328040098165369,0,,0,0,0,0,0,0,0,prm_pct_tribal,prm_tax_exemption_status,prm_moratorium_active,cob_ghgrp_combustion_facilities_n,cob_energy_community,cob_persistent_poverty
22101,St. Mary Parish,LA,0.5619770917631134,546,0.6269960113227949,0.4304042804385156,0.7433986127796387,0.8369863745662132,0.4147296525248774,0.35891344065714,0.5477227176814246,0,,0,0,0,0,0,0,0,wtr_bws_2050_score,haz_karst_exposed_pct,prm_moratorium_proposed,lnd_dist_interstate_km,lnd_dist_cement_km,crb_clean_gen_mw
48471,Walker County,TX,0.5619190701514901,547,0.63551897074388,0.5793409773345701,0.5665594814869238,0.8767723573419461,0.3579947648846569,0.658243339128301,0.2754936760715121,0,,0,0,0,0,0,0,0,prm_pct_tribal,haz_karst_exposed_pct,cob_energy_community,cob_persistent_poverty,cob_ghgrp_combustion_facilities_n,crb_clean_gen_mw
35039,Rio Arriba County,NM,0.5618698954133855,548,0.5984678281635947,0.5228346546663267,0.45522928438164517,0.8817238395456679,0.5891785620548222,0.5383473548443459,0.38650784617557654,0,,0,0,0,0,0,0,0,prm_nonattainment,cob_energy_community,prm_moratorium_active,crb_queue_clean_mw,lnd_dist_interstate_km,cob_persistent_poverty
53071,Walla Walla County,WA,0.5617411184736416,549,0.6194179197957869,0.7317147864190785,0.5080658463549085,0.7857971640762813,0.6541203573365475,0.4676872623288098,0.20404392607366834,0,,0,0,0,0,0,0,0,haz_karst_exposed_pct,prm_nonattainment,prm_moratorium_active,cob_persistent_poverty,cob_energy_community,pwr_dist_retired_plant_km
01049,DeKalb County,AL,0.561649973743155,550,0.546466647989955,0.4352217533948955,0.6590713257201652,0.843721261231467,0.5777762780311472,0.7947144132852105,0.27712160957024473,0,,0,0,0,0,0,0,0,prm_nonattainment,cob_energy_community,prm_moratorium_active,cob_persistent_poverty,pwr_substations_230kv_n,cob_ghgrp_combustion_facilities_n
29195,Saline County,MO,0.5616375208282695,551,0.6051902522650812,0.5145831814791071,0.7332699293803456,0.8015056260213601,0.561590165827644,0.5993280392445647,0.20556022224739823,0,,0,0,0,0,0,0,0,prm_moratorium_active,wtr_bws_score,wtr_bws_2050_score,cob_persistent_poverty,cob_energy_community,pwr_substations_230kv_n
48021,Bastrop County,TX,0.5614819739157161,552,0.786802649156847,0.6930918913254263,0.4709972792463111,0.8736338547772612,0.389287723155762,0.7804586813176715,0.12731732758170372,0,,0,0,0,0,0,0,0,lnd_pct_buildable,prm_county_can_zone,prm_moratorium_proposed,cob_persistent_poverty,cob_energy_community,cob_lowtemp_ind_heat_tbtu
16017,Bonner County,ID,0.5614745685412227,553,0.5180115753640261,0.5416198284173902,0.7299744353400037,0.8725183913706528,0.7122454446520047,0.3567995154583592,0.3089773058952217,0,,0,0,0,0,0,0,0,prm_moratorium_proposed,cob_energy_community,prm_moratorium_active,lnd_dist_interstate_km,cob_ghgrp_combustion_facilities_n,lnd_dist_cement_km
54019,Fayette County,WV,0.5613528553163685,554,0.5147298767596163,0.33107662658503656,0.7088056536165322,0.8407446807294235,0.6695979253518145,0.6668655017655047,0.4768415488662414,0,,0,0,0,0,0,0,0,prm_contested_total,cob_persistent_poverty,cob_energy_community,pwr_substations_230kv_n,cob_ghgrp_combustion_facilities_n,cob_lowtemp_ind_heat_tbtu
17077,Jackson County,IL,0.5613246742273987,555,0.5662799227301523,0.42596829365879263,0.5775164186269973,0.755227308252293,0.5770046686142916,0.6122133254836155,0.49550556747074703,0,,0,0,0,0,0,0,0,prm_pct_tribal,prm_moratorium_active,cob_persistent_poverty,cob_ghgrp_combustion_facilities_n,pwr_substations_230kv_n,crb_clean_gen_mw
48487,Wilbarger County,TX,0.5612053445478304,556,0.8262762383825141,0.7349688817775178,0.33088630110553924,0.8587911136139457,0.40234973106184396,0.44686166694686547,0.3013921795918552,0,,0,0,0,0,0,0,0,lnd_pct_buildable,prm_nonattainment,cob_energy_community,cob_persistent_poverty,lnd_dist_interstate_km,cob_ghgrp_combustion_facilities_n
13193,Macon County,GA,0.5610480749902303,557,0.5411810646576262,0.5157677683931262,0.5104085566956584,0.8995383652771304,0.5475951206971424,0.6097865936927356,0.37816872313845484,0,,0,0,0,0,0,0,0,prm_contested_total,prm_moratorium_proposed,cob_persistent_poverty,cob_energy_community,pwr_substations_230kv_n,cob_lowtemp_ind_heat_tbtu
26087,Lapeer County,MI,0.5607742558348087,558,0.6762377495159541,0.5268929264308843,0.4439205570780538,0.7845712951818339,0.7630125333993831,0.6901791392231664,0.21289315756970373,0,,0,0,0,0,0,0,0,prm_pct_tribal,haz_karst_exposed_pct,prm_moratorium_active,cob_ghgrp_combustion_facilities_n,cob_persistent_poverty,cob_energy_community
47095,Lake County,TN,0.5606479220238598,559,0.5356645660581087,0.5319392984592122,0.6221595307584399,0.7986260388218218,0.5057482792259583,0.5503938811059074,0.3870884044840092,0,,0,0,0,0,0,0,0,prm_moratorium_active,cob_persistent_poverty,cob_poverty_pct,cob_lowtemp_ind_heat_tbtu,cob_ghgrp_combustion_facilities_n,cob_energy_community
42121,Venango County,PA,0.560646788096406,560,0.621296478789792,0.3519533679180912,0.581513289111214,0.8278154660149663,0.7236493892602709,0.6653973346618377,0.3561341077892313,0,,0,0,0,0,0,0,0,prm_pct_tribal,prm_moratorium_active,cob_energy_community,cob_persistent_poverty,cob_ghgrp_combustion_facilities_n,cob_lowtemp_ind_heat_tbtu
29007,Audrain County,MO,0.5605288576852113,561,0.5301657973884836,0.5308664216396988,0.7064931938818192,0.7974989140255833,0.6704881940782078,0.5637616126902554,0.24185595596532333,0,,0,0,0,0,0,0,0,wtr_bws_2050_score,wtr_bws_score,prm_moratorium_proposed,cob_persistent_poverty,cob_energy_community,pwr_dist_retired_plant_km
19029,Cass County,IA,0.560500669783761,562,0.6417400808061499,0.5467801890135988,0.5304808509168716,0.8175225623303154,0.6676960526698926,0.5307405349067083,0.23784441317411775,0,,0,0,0,0,0,0,0,prm_pop_density_km2,prm_nonattainment,prm_moratorium_active,cob_persistent_poverty,cob_energy_community,cob_lowtemp_ind_heat_tbtu
40001,Adair County,OK,0.5604827774617523,563,0.622161318848102,0.47150400367609857,0.6821720492587746,0.8684854222375606,0.3593247738650869,0.6349618336879178,0.32325328759272537,0,,0,0,0,0,0,0,0,wtr_bws_score,prm_pct_tribal,wtr_bws_2050_score,crb_queue_clean_mw,crb_clean_gen_mw,pwr_substations_230kv_n
48027,Bell County,TX,0.5604195357381699,564,0.7184754128364081,0.7349481482684769,0.5653585783537758,0.8301467852263815,0.40707810361586655,0.7695088905457826,0.10930869192336523,0,,0,0,0,0,0,0,0,prm_moratorium_active,prm_county_can_zone,prm_pct_tribal,cob_persistent_poverty,cob_energy_community,cob_ghgrp_combustion_facilities_n
27105,Nobles County,MN,0.5604051178018844,565,0.6210626904714306,0.5753889907217352,0.5344572596040005,0.7723584983018601,0.669379618331746,0.4665788989988546,0.2844439682304798,0,,0,0,0,0,0,0,0,prm_contested_total,prm_pct_tribal,cob_heat_demand,cob_persistent_poverty,cob_energy_community,lnd_pct_cropland
18113,Noble County,IN,0.5603300383936183,566,0.6224756233708634,0.48219702073969356,0.6924672595530685,0.7881140851642797,0.7218691643991526,0.6945504414529866,0.15919189697863426,0,,0,0,0,0,0,0,0,haz_karst_exposed_pct,prm_contested_total,prm_moratorium_active,cob_ghgrp_combustion_facilities_n,cob_persistent_poverty,cob_energy_community
39133,Portage County,OH,0.5603152654265846,567,0.717071108303526,0.2519719011492794,0.6934679744620574,0.760665337272199,0.7574051661000001,0.7664443955807637,0.3408120019235416,0,,0,0,0,0,0,0,0,haz_karst_exposed_pct,prm_pct_tribal,prm_moratorium_active,cob_persistent_poverty,cob_ghgrp_combustion_facilities_n,crb_queue_clean_mw
09160,Northwest Hills Planning Region,CT,0.5602790410668662,568,0.5007892335723546,0.5767451779814384,0.7811622348361917,0.7137857149960215,0.7300515881464276,0.6127579606082912,0.20180201761882838,0,,0,0,0,0,0,0,0,haz_karst_exposed_pct,prm_moratorium_active,prm_moratorium_proposed,pwr_ind_price_cents_kwh,cob_persistent_poverty,cob_energy_community
19055,Delaware County,IA,0.5599859530702122,569,0.6566410523423326,0.4703888453655227,0.6819380627043531,0.8140329724789028,0.6627635650940253,0.530370934394088,0.20450705960898105,0,,0,0,0,0,0,0,0,prm_pct_tribal,prm_moratorium_active,prm_moratorium_proposed,cob_persistent_poverty,cob_energy_community,pwr_substations_230kv_n
06099,Stanislaus County,CA,0.5599286402660322,570,0.6091482942009309,0.7208014064458202,0.5114726513531576,0.6056914453176877,0.5982061642779888,0.4523310411318963,0.34829718442176183,0,,0,0,0,0,0,0,0,prm_moratorium_proposed,prm_pct_tribal,haz_karst_exposed_pct,pwr_ind_price_cents_kwh,cob_persistent_poverty,cob_energy_community
23023,Sagadahoc County,ME,0.5598505817559042,571,0.6168002755713896,0.535169098294072,0.8184876657448944,0.7875744859387268,0.6542014984464234,0.46265511736717313,0.17226414224465067,0,,0,0,0,0,0,0,0,haz_karst_exposed_pct,prm_moratorium_active,prm_moratorium_proposed,cob_persistent_poverty,cob_energy_community,pwr_substations_230kv_n
35055,Taos County,NM,0.5597182476917251,572,0.5495782364121963,0.5003854800169063,0.47873331841743294,0.9085296380341297,0.6748080637836487,0.5590500639374846,0.3619104697450512,0,,0,0,0,0,0,0,0,prm_price_growth_pct,prm_moratorium_active,cob_energy_community,cob_persistent_poverty,lnd_dist_interstate_km,cob_ghgrp_combustion_facilities_n
18053,Grant County,IN,0.5596197219746087,573,0.5890251216885112,0.5161380587359011,0.5460049841014044,0.7596168020173331,0.6500782665666912,0.7198862958450976,0.2539456724969794,0,,0,0,0,0,0,0,0,prm_pct_tribal,haz_karst_exposed_pct,prm_moratorium_active,cob_persistent_poverty,pwr_substations_230kv_n,cob_energy_community
40123,Pontotoc County,OK,0.559494549269599,574,0.5554796235562015,0.5792400045016782,0.6176959600107272,0.8598986227169607,0.43420441234570173,0.692110202839252,0.2516754276422548,0,,0,0,0,0,0,0,0,prm_moratorium_active,prm_pct_tribal,lnd_pct_buildable,cob_persistent_poverty,pwr_substations_230kv_n,lnd_dist_interstate_km
26011,Arenac County,MI,0.559472220056542,575,0.5725706986647712,0.46362450898327623,0.481410677903642,0.8335609078380287,0.7132771272500369,0.5375255129977327,0.4193964456579534,0,,0,0,0,0,0,0,0,prm_moratorium_active,cob_energy_community,prm_moratorium_proposed,cob_persistent_poverty,cob_ghgrp_combustion_facilities_n,crb_clean_gen_mw
17073,Henry County,IL,0.5593492334117782,576,0.5988679193067171,0.5400096341128695,0.5298400619082007,0.7000945456858716,0.685080489934402,0.6876732261243359,0.26381744138257224,0,,0,0,0,0,0,0,0,prm_pct_tribal,prm_nonattainment,prm_moratorium_active,cob_persistent_poverty,lnd_pct_cropland,cob_energy_community
42003,Allegheny County,PA,0.5593301590409697,577,0.769535951319561,0.28638487630714454,0.7590007367638945,0.6618368727632107,0.79503816566601,0.8043503833913143,0.22240555531320064,0,,0,0,0,0,0,0,0,wtr_wwtp_flow_mgd,prm_moratorium_active,prm_moratorium_proposed,cob_persistent_poverty,cob_energy_community,prm_nonattainment
38017,Cass County,ND,0.5592391763929847,578,0.689584076368141,0.4830367683829985,0.6986562715100233,0.7937540506159743,0.6294319769756298,0.48845967418348524,0.19779615541033216,0,,0,0,0,0,0,0,0,prm_contested_total,prm_moratorium_proposed,haz_karst_exposed_pct,cob_persistent_poverty,cob_energy_community,lnd_dist_eaf_steel_km
04017,Navajo County,AZ,0.5591812411053911,579,0.6616867052758282,0.6498905783488305,0.26673000374293393,0.7303513593455792,0.5139075952383284,0.6828910021034725,0.5337479345787884,0,,0,0,0,0,0,0,0,prm_moratorium_proposed,prm_pop_density_km2,lnd_pct_buildable,cob_ghgrp_combustion_facilities_n,pwr_time_to_power_yrs,prm_pct_tribal
17055,Franklin County,IL,0.5591701269042605,580,0.7017014288973372,0.45574061112520586,0.506986520692423,0.7373826641756362,0.5629009881100117,0.6288498185865117,0.3312833067953241,0,,0,0,0,0,0,0,0,prm_pct_tribal,haz_karst_exposed_pct,prm_moratorium_active,cob_ghgrp_combustion_facilities_n,cob_persistent_poverty,cob_lowtemp_ind_heat_tbtu
37021,Buncombe County,NC,0.5591656624393324,581,0.6572086874042687,0.514300961005346,0.6935971393180075,0.8612660219037519,0.622242991921716,0.7029712546327623,0.12331104983917199,0,,0,0,0,0,0,0,0,prm_contested_total,prm_moratorium_active,prm_moratorium_proposed,cob_ghgrp_combustion_facilities_n,cob_energy_community,cob_persistent_poverty
20003,Anderson County,KS,0.5591255979127885,582,0.573250226186425,0.4933913719432453,0.5659438362413757,0.8584559787688049,0.48175632466570606,0.679874895864521,0.32658645772383427,0,,0,0,0,0,0,0,0,prm_contested_total,cob_energy_community,prm_pop_density_km2,crb_clean_gen_mw,crb_queue_clean_mw,cob_persistent_poverty
49023,Juab County,UT,0.5590669513407872,583,0.7116988449364926,0.5665481193734605,0.4519027713737522,0.8660649153949348,0.5743913478702429,0.8240178577521852,0.15125944230297694,0,,0,0,0,0,0,0,0,prm_pop_density_km2,prm_moratorium_active,prm_moratorium_proposed,cob_ghgrp_combustion_facilities_n,cob_persistent_poverty,cob_energy_community
45007,Anderson County,SC,0.5590510195779057,584,0.7197101100809338,0.5059848043423701,0.4621256235155194,0.8515974767764132,0.6176372188909606,0.7283796401289568,0.1886850004997318,0,,0,0,0,0,0,0,0,haz_karst_exposed_pct,prm_moratorium_active,prm_moratorium_proposed,cob_persistent_poverty,cob_energy_community,crb_wind_cf
29097,Jasper County,MO,0.5590018510808884,585,0.6531671543295724,0.5679166350212921,0.6136332443421519,0.8185840497461593,0.44744162440159463,0.7640578708530636,0.1729998720948771,0,,0,0,0,0,0,0,0,prm_moratorium_active,prm_moratorium_proposed,prm_contested_total,cob_persistent_poverty,cob_energy_community,cob_ghgrp_combustion_facilities_n
55139,Winnebago County,WI,0.5589598617531181,586,0.6283833987379313,0.40912666568951267,0.5941685593711007,0.7786523237322924,0.7825816225064226,0.4939279267886456,0.3398558597856593,0,,0,0,0,0,0,0,0,prm_pct_tribal,prm_nonattainment,prm_moratorium_active,crb_clean_gen_mw,cob_persistent_poverty,cob_energy_community
55035,Eau Claire County,WI,0.55886702648497,587,0.728212322115973,0.42591452317881895,0.5520532721699809,0.8078859026105023,0.741705908299193,0.5501612434151387,0.2283592185881508,0,,0,0,0,0,0,0,0,prm_nonattainment,prm_moratorium_active,prm_moratorium_proposed,crb_queue_clean_mw,cob_persistent_poverty,cob_energy_community
26009,Antrim County,MI,0.5588523385400722,588,0.4970596551563415,0.4010806204123045,0.6786221492061311,0.8592366454897256,0.8666654805355062,0.5017342383940543,0.36992910796592016,0,,0,0,0,0,0,0,0,prm_nonattainment,haz_alr_coastal_flood,haz_karst_exposed_pct,crb_clean_gen_mw,crb_queue_clean_mw,pwr_dist_retired_plant_km
18091,LaPorte County,IN,0.5587086447567982,589,0.7218725622453129,0.4959470409296773,0.45133907411179897,0.6877713686504878,0.6974140204436008,0.7629354835448724,0.23310852752207942,0,,0,0,0,0,0,0,0,prm_pct_tribal,prm_moratorium_active,prm_moratorium_proposed,cob_ghgrp_combustion_facilities_n,cob_persistent_poverty,cob_energy_community
35001,Bernalillo County,NM,0.5586954706745001,590,0.639458294918167,0.6437882341045297,0.35888749959383687,0.7999332164523885,0.6525791325048466,0.8441413036641413,0.20661446343516013,0,,0,0,0,0,0,0,0,prm_moratorium_active,lnd_pct_buildable,prm_price_growth_pct,cob_ghgrp_combustion_facilities_n,cob_persistent_poverty,cob_energy_community
16057,Latah County,ID,0.5586764479819835,591,0.6043416278810818,0.4790749031923032,0.6965714459463157,0.8294696081457303,0.6830377808589739,0.3868551349290455,0.2906789900615023,0,,0,0,0,0,0,0,0,prm_moratorium_proposed,cob_energy_community,haz_karst_exposed_pct,lnd_dist_interstate_km,cob_ghgrp_combustion_facilities_n,cob_persistent_poverty
29037,Cass County,MO,0.5586647756675351,592,0.734583256484903,0.545398308150354,0.6120884992548433,0.7992253187996096,0.5697999576152494,0.7888946599480385,0.11302414132285302,0,,0,0,0,0,0,0,0,prm_moratorium_proposed,prm_moratorium_active,prm_pct_tribal,cob_ghgrp_combustion_facilities_n,crb_clean_gen_mw,cob_persistent_poverty
49037,San Juan County,UT,0.5584461536729403,593,0.5442805315905045,0.5774554562952583,0.5058228285609903,0.8180624858326909,0.7273260880237177,0.3254824025096273,0.47955184463002465,0,,0,0,0,0,0,0,0,prm_contested_total,lnd_pct_buildable,prm_moratorium_active,cob_lowtemp_ind_heat_tbtu,cob_ghgrp_combustion_facilities_n,lnd_dist_ixp_km
48071,Chambers County,TX,0.5583425156282599,594,0.7468320320122722,0.4795755035174398,0.4593041815801972,0.7650807836904823,0.36255210183122355,0.8248529535167032,0.3372216452905537,0,,0,0,0,0,0,0,0,prm_pct_tribal,prm_county_can_zone,prm_moratorium_active,cob_persistent_poverty,prm_nonattainment,crb_clean_gen_mw
48453,Travis County,TX,0.5583262586906302,595,0.7860439560181692,0.7037872361288301,0.543579109077627,0.7991098400395451,0.4140580804154155,0.8685536191030542,0.09137791763859024,0,,0,0,0,0,0,0,0,prm_moratorium_active,wtr_wwtp_flow_mgd,prm_county_can_zone,cob_persistent_poverty,cob_energy_community,cob_ghgrp_combustion_facilities_n
17037,DeKalb County,IL,0.5582916337611361,596,0.6117304563664941,0.4683506836414485,0.43223989197506524,0.680640790748446,0.7631203366029666,0.7311987401061922,0.38155591940224787,0,,0,0,0,0,0,0,0,prm_moratorium_proposed,cob_energy_community,haz_karst_exposed_pct,cob_persistent_poverty,pwr_substations_230kv_n,lnd_pct_cropland
41013,Crook County,OR,0.5582523043719375,597,0.6305585053178422,0.7411382215839103,0.4738714954558721,0.8549984156797809,0.6643800187610592,0.5796714664741082,0.13997596863961875,0,,0,0,0,0,0,0,0,prm_moratorium_proposed,prm_moratorium_active,crb_queue_clean_mw,cob_persistent_poverty,cob_energy_community,pwr_dist_retired_plant_km
40005,Atoka County,OK,0.5582365251478771,598,0.591449326703023,0.5476347438990917,0.6113455925785176,0.8735754317019256,0.43100923025370796,0.5907900933937297,0.2775744811647225,0,,0,0,0,0,0,0,0,prm_moratorium_active,wtr_bws_score,cob_energy_community,cob_persistent_poverty,pwr_substations_230kv_n,lnd_dist_interstate_km
39049,Franklin County,OH,0.558155390153215,599,0.7784660387110974,0.295763187809274,0.6091851382034256,0.7158573998630655,0.7458267195021251,0.7150754144447474,0.29700997141828245,0,,0,0,0,0,0,0,0,prm_pct_tribal,prm_moratorium_active,prm_moratorium_proposed,cob_persistent_poverty,cob_energy_community,crb_clean_gen_mw
19179,Wapello County,IA,0.5581496483320971,600,0.525143468973352,0.4614854823141382,0.7191111711270702,0.8390784826912667,0.6453049822987161,0.5569912097142021,0.2890009407617853,0,,0,0,0,0,0,0,0,prm_nonattainment,prm_moratorium_active,prm_moratorium_proposed,cob_persistent_poverty,cob_energy_community,pwr_dist_retired_plant_km
08117,Summit County,CO,0.5580287308369238,601,0.5676601501118503,0.464607998761124,0.6538180856087367,0.8661019337494702,0.7786424399394998,0.7150610889826625,0.1704491924237251,0,,0,0,0,0,0,0,0,prm_pct_tribal,cob_heat_demand,prm_moratorium_active,cob_ghgrp_combustion_facilities_n,cob_persistent_poverty,cob_energy_community
48163,Frio County,TX,0.5580270417660782,602,0.5886936794123248,0.6936929943538892,0.2778555448901883,0.889549889576627,0.3779592405071977,0.8302908540945002,0.4704737391581725,0,,0,0,0,0,0,0,0,lnd_pct_buildable,prm_county_can_zone,prm_moratorium_proposed,haz_days_gt95f_2050,cob_ghgrp_combustion_facilities_n,pwr_substations_230kv_n
27053,Hennepin County,MN,0.5580199669376769,603,0.76263502909445,0.4517318742114572,0.4623738598255095,0.7081190631536614,0.7463422139061644,0.5903903796469162,0.26908444943754545,0,,0,0,0,0,0,0,0,prm_pct_tribal,cob_heat_demand,haz_karst_exposed_pct,cob_persistent_poverty,cob_energy_community,cob_ghgrp_combustion_facilities_n
13127,Glynn County,GA,0.5579471569614114,604,0.7339811317368532,0.5198039484116161,0.6319156468181747,0.8990349919390408,0.41583617768475484,0.632429232638272,0.16646576179271283,0,,0,0,0,0,0,0,0,prm_moratorium_proposed,prm_moratorium_active,prm_tax_exemption_status,cob_persistent_poverty,cob_energy_community,cob_heat_demand
55083,Oconto County,WI,0.5579329977780997,605,0.6915057688383403,0.4257824846917527,0.645417617077705,0.8366897741611475,0.7710817175861763,0.4259570402028004,0.2347780829140432,0,,0,0,0,0,0,0,0,prm_nonattainment,cob_heat_demand,prm_moratorium_active,cob_persistent_poverty,cob_energy_community,lnd_pct_buildable
17155,Putnam County,IL,0.5578793979951951,606,0.5329239399065555,0.4536172411386423,0.5074394307831599,0.7399767240994416,0.7293692997678133,0.7372306460027808,0.3910607866433755,0,,0,0,0,0,0,0,0,prm_pct_tribal,prm_moratorium_active,haz_karst_exposed_pct,cob_lowtemp_ind_heat_tbtu,cob_persistent_poverty,pwr_substations_230kv_n
24017,Charles County,MD,0.5575633013769354,607,0.7967035468199973,0.41177046066716383,0.6784462032987799,0.602796517609519,0.69819140103868,0.5835892011336878,0.221870033838019,0,,0,0,0,0,0,0,0,prm_moratorium_active,cob_energy_community,prm_moratorium_proposed,cob_persistent_poverty,cob_ghgrp_combustion_facilities_n,prm_nonattainment
21225,Union County,KY,0.5575380099506512,608,0.5799693005209473,0.42044642411476474,0.7566116610613355,0.7932585084881343,0.5810629912160654,0.5400180512010767,0.31369778547462657,0,,0,0,0,0,0,0,0,prm_moratorium_active,wtr_bws_score,cob_energy_community,pwr_substations_230kv_n,cob_ghgrp_combustion_facilities_n,cob_persistent_poverty
19035,Cherokee County,IA,0.5574501298219448,609,0.6016058178795486,0.550140392315938,0.7025148632528518,0.8100837139941044,0.6327574619503026,0.42935668731457827,0.22278592789934082,0,,0,0,0,0,0,0,0,prm_pop_density_km2,prm_pct_tribal,prm_moratorium_active,cob_persistent_poverty,lnd_dist_interstate_km,cob_energy_community
48049,Brown County,TX,0.5574115926533754,610,0.5984762046212716,0.733272509791522,0.45803289975560146,0.8887528147854556,0.41305984953239455,0.5677673724730093,0.25708644468578074,0,,0,0,0,0,0,0,0,prm_moratorium_proposed,cob_energy_community,lnd_pct_buildable,cob_persistent_poverty,lnd_dist_interstate_km,cob_ghgrp_combustion_facilities_n
48225,Houston County,TX,0.5573848554193227,611,0.6135788635398249,0.6059344086882039,0.5867280990342166,0.902572225178471,0.4135077681347485,0.4741881300162962,0.2764127347901944,0,,0,0,0,0,0,0,0,prm_moratorium_proposed,cob_energy_community,haz_karst_exposed_pct,cob_persistent_poverty,lnd_dist_brownfield_or_retired_km,cob_ghgrp_combustion_facilities_n
37165,Scotland County,NC,0.5573473115335621,612,0.7300695223283948,0.5629802172268656,0.5831758853267566,0.8613718646106893,0.36907586762082606,0.6128363930216445,0.20184808183952363,0,,0,0,0,0,0,0,0,prm_tax_exemption_status,prm_pct_tribal,prm_moratorium_proposed,cob_persistent_poverty,cob_energy_community,cob_ghgrp_combustion_facilities_n
47067,Hancock County,TN,0.5572756605567905,613,0.6031039405397276,0.3768657662635778,0.5136704346218856,0.8851592087311471,0.5771626631206636,0.5696387415608714,0.5049463749392955,0,,0,0,0,0,0,0,0,prm_pct_tribal,cob_persistent_poverty,cob_energy_community,cob_lowtemp_ind_heat_tbtu,cob_ghgrp_combustion_facilities_n,crb_queue_clean_mw
55039,Fond du Lac County,WI,0.5572395783270204,614,0.6903904905743776,0.4932804290223326,0.5896558547588382,0.7719449883105161,0.7314647136713747,0.5517514144075991,0.18777064936767268,0,,0,0,0,0,0,0,0,prm_nonattainment,cob_heat_demand,prm_moratorium_active,cob_persistent_poverty,cob_energy_community,cob_ghgrp_combustion_facilities_n
39153,Summit County,OH,0.5572342994705628,615,0.652408637565377,0.23477236588747125,0.6688917673843076,0.7667240760510048,0.7578025629525593,0.7285126812035178,0.4946350546862857,0,,0,0,0,0,0,0,0,prm_pct_tribal,haz_karst_exposed_pct,cob_energy_community,cob_persistent_poverty,crb_queue_clean_mw,crb_lrmer_2035_kg_mwh
05059,Hot Spring County,AR,0.5572052106040398,616,0.7669122368959034,0.4693465996401557,0.5150430533067036,0.871192655546454,0.41724105720246957,0.5693191201279308,0.2827113141032849,0,,0,0,0,0,0,0,0,prm_contested_total,prm_moratorium_proposed,cob_energy_community,cob_ghgrp_combustion_facilities_n,cob_persistent_poverty,lnd_dist_ixp_km
19157,Poweshiek County,IA,0.5571942825184871,617,0.7054660668851727,0.4971911188273667,0.5765974778034659,0.8116923387194838,0.6730039188557609,0.6496262689993909,0.1561706899653309,0,,0,0,0,0,0,0,0,haz_karst_exposed_pct,prm_moratorium_active,prm_moratorium_proposed,cob_persistent_poverty,cob_energy_community,crb_queue_clean_mw
18087,LaGrange County,IN,0.5571400866434438,618,0.5785925584573145,0.5202823284114819,0.7005402383213799,0.7988982737322008,0.7159093981747314,0.7022361810766853,0.14789904317342464,0,,0,0,0,0,0,0,0,prm_moratorium_active,prm_moratorium_proposed,prm_contested_total,cob_persistent_poverty,cob_energy_community,cob_ghgrp_combustion_facilities_n
42065,Jefferson County,PA,0.5570870260638635,619,0.6224886981430628,0.3223495136620368,0.5921712192811889,0.8288848036970677,0.6976785728814824,0.6959203844049205,0.37542692789506527,0,,0,0,0,0,0,0,0,prm_pct_tribal,prm_nonattainment,prm_moratorium_active,crb_clean_gen_mw,cob_ghgrp_combustion_facilities_n,cob_persistent_poverty
26039,Crawford County,MI,0.5570277177806071,620,0.4400238297901247,0.39730972176655444,0.663668930261506,0.8839713412478623,0.7816421880756459,0.6155239875906084,0.4264326042417889,0,,0,0,0,0,0,0,0,prm_pct_tribal,prm_nonattainment,cob_heat_demand,crb_clean_gen_mw,crb_queue_clean_mw,pwr_dist_retired_plant_km
48441,Taylor County,TX,0.5569823167596497,621,0.7282084780263212,0.773153893681447,0.48870814633156534,0.8433550223276504,0.4726176873423688,0.7058728930864221,0.10393127703258898,0,,0,0,0,0,0,0,0,prm_pct_tribal,lnd_pct_buildable,prm_moratorium_active,cob_persistent_poverty,cob_energy_community,cob_ghgrp_combustion_facilities_n
19049,Dallas County,IA,0.5569089252692045,622,0.6680273019342549,0.486284987857936,0.6569541076785759,0.7943081089303484,0.68323275508261,0.6179686710704716,0.16035030176550727,0,,0,0,0,0,0,0,0,haz_karst_exposed_pct,prm_pct_tribal,prm_moratorium_active,cob_persistent_poverty,cob_energy_community,pwr_dist_retired_plant_km
42027,Centre County,PA,0.5568808537021676,623,0.6201364532199364,0.38478952296454333,0.6005972965476709,0.8088681353633286,0.7877223920214902,0.551362458751597,0.31134867935658567,0,,0,0,0,0,0,0,0,prm_moratorium_active,prm_moratorium_proposed,cob_energy_community,cob_ghgrp_combustion_facilities_n,cob_persistent_poverty,cob_lowtemp_ind_heat_tbtu
48379,Rains County,TX,0.5567844292126706,624,0.5686433109626475,0.6086797000713029,0.5074081712978338,0.8891599715037362,0.4342864629761089,0.7497375635199445,0.24554521931496331,0,,0,0,0,0,0,0,0,prm_moratorium_proposed,haz_karst_exposed_pct,cob_energy_community,cob_lowtemp_ind_heat_tbtu,cob_persistent_poverty,pwr_substations_230kv_n
48093,Comanche County,TX,0.556779725208245,625,0.6406150387499284,0.7283916403881869,0.4605398012222697,0.8939753891241582,0.4050807153586311,0.52091040489759,0.24203034728317321,0,,0,0,0,0,0,0,0,prm_contested_total,cob_energy_community,lnd_pct_buildable,cob_persistent_poverty,lnd_dist_interstate_km,cob_ghgrp_combustion_facilities_n
42071,Lancaster County,PA,0.5567751960540237,626,0.7405645306976767,0.3727606255110879,0.7555406938047838,0.6373897045172601,0.6863981946838501,0.7327600757372479,0.19482920222775568,0,,0,0,0,0,0,0,0,prm_pct_tribal,prm_moratorium_active,prm_moratorium_proposed,crb_queue_clean_mw,cob_persistent_poverty,cob_energy_community
31131,Otoe County,NE,0.5565992415545445,627,0.7173044886796106,0.4948688103593744,0.7066701083837992,0.8233819253084467,0.5875803230511614,0.6420528273599585,0.12558306084749005,0,,0,0,0,0,0,0,0,prm_contested_total,prm_moratorium_active,prm_moratorium_proposed,cob_ghgrp_combustion_facilities_n,crb_clean_gen_mw,cob_persistent_poverty
21097,Harrison County,KY,0.5564694511509146,628,0.5970202255071877,0.3342912222421225,0.7369697482937712,0.8586197265808665,0.5275690233082428,0.7451946963265934,0.32165299506664136,0,,0,0,0,0,0,0,0,prm_pct_tribal,prm_moratorium_active,prm_moratorium_proposed,cob_ghgrp_combustion_facilities_n,cob_persistent_poverty,pwr_substations_230kv_n
17111,McHenry County,IL,0.5563406085780981,629,0.7136928013852643,0.4548325164315479,0.45621616418207456,0.5970696517662258,0.7632848760423363,0.6587023413834663,0.34465187380038975,0,,0,0,0,0,0,0,0,prm_moratorium_proposed,prm_pct_tribal,cob_heat_demand,cob_persistent_poverty,cob_ghgrp_combustion_facilities_n,prm_nonattainment
47107,McMinn County,TN,0.5562524964266358,630,0.6068465072151767,0.43376968125621473,0.7504006105317594,0.8545269248824048,0.5416088268862567,0.7651397883772452,0.17985593897363988,0,,0,0,0,0,0,0,0,prm_contested_total,wtr_bws_score,wtr_bws_2050_score,pwr_substations_230kv_n,cob_persistent_poverty,cob_energy_community
13149,Heard County,GA,0.5561723825947137,631,0.7971584361512738,0.4537670121603073,0.36535947432057503,0.9101334829287729,0.53940948138108,0.6533876340644295,0.28613371407694893,0,,0,0,0,0,0,0,0,prm_moratorium_active,cob_energy_community,prm_tax_exemption_status,cob_lowtemp_ind_heat_tbtu,cob_persistent_poverty,cob_ghgrp_combustion_facilities_n
48239,Jackson County,TX,0.5560526702002329,632,0.6531017559607581,0.6770279987673293,0.4818198628011645,0.8646241830695583,0.35383549306741174,0.6023121868831302,0.2540494959936772,0,,0,0,0,0,0,0,0,prm_pop_density_km2,prm_moratorium_active,prm_moratorium_proposed,cob_persistent_poverty,pwr_substations_230kv_n,lnd_dist_interstate_km
24005,Baltimore County,MD,0.555995523294396,633,0.7659182913035031,0.39996316250673164,0.7518897984151088,0.6374214456950003,0.7131132476775162,0.8173675756989587,0.13659298104219253,0,,0,0,0,0,0,0,0,prm_moratorium_proposed,wtr_wwtp_flow_mgd,prm_pct_tribal,cob_ghgrp_combustion_facilities_n,cob_persistent_poverty,cob_energy_community
47121,Meigs County,TN,0.5559301621699321,634,0.6663109784634527,0.3482921560258031,0.6716813328251958,0.8688919762564954,0.5466012454187352,0.6875666410826845,0.2744323985955437,0,,0,0,0,0,0,0,0,prm_moratorium_active,prm_pct_tribal,cob_energy_community,cob_ghgrp_combustion_facilities_n,crb_queue_clean_mw,cob_persistent_poverty
19099,Jasper County,IA,0.5557015651491163,635,0.6769335895810248,0.41420048978173024,0.7565675745798564,0.8070405390697905,0.6867453121888184,0.641141373896218,0.15412448712194127,0,,0,0,0,0,0,0,0,prm_moratorium_proposed,haz_karst_exposed_pct,prm_moratorium_active,cob_persistent_poverty,cob_energy_community,pwr_substations_230kv_n
19047,Crawford County,IA,0.5556647210565757,636,0.524399977593602,0.5562236282022,0.6808894781438082,0.8100837139941044,0.597752230439924,0.5101346093660739,0.2671810314689545,0,,0,0,0,0,0,0,0,prm_contested_total,haz_karst_exposed_pct,prm_moratorium_active,lnd_pct_cropland,lnd_dist_interstate_km,cob_energy_community
17019,Champaign County,IL,0.5555997553601149,637,0.6872740181068385,0.5044185125162158,0.6469697725061724,0.6754810098096481,0.6450344635769186,0.5483654294627526,0.21454188994674797,0,,0,0,0,0,0,0,0,prm_moratorium_active,prm_moratorium_proposed,prm_contested_total,cob_ghgrp_combustion_facilities_n,cob_persistent_poverty,cob_energy_community
39061,Hamilton County,OH,0.5554488316479227,638,0.7685511314227066,0.23386996313156333,0.7627843048421376,0.7342018382858233,0.7072689195420785,0.7375886062283262,0.3119477720808903,0,,0,0,0,0,0,0,0,prm_moratorium_active,prm_moratorium_proposed,prm_nonattainment,cob_persistent_poverty,cob_energy_community,crb_queue_clean_mw
48141,El Paso County,TX,0.5553885311949495,639,0.6317070006267447,0.6344998432808521,0.404547554378774,0.7216072060585956,0.5133471741499602,0.6489097506584461,0.3310980957110266,0,,0,0,0,0,0,0,0,lnd_pct_buildable,prm_county_can_zone,prm_moratorium_proposed,cob_persistent_poverty,prm_nonattainment,lnd_dist_cement_km
21049,Clark County,KY,0.5553669284939943,640,0.7516727663236012,0.27519721627783705,0.6581121821426317,0.8426279220917124,0.5755748437658312,0.7827139821117469,0.28679324851234894,0,,0,0,0,0,0,0,0,lnd_pct_buildable,prm_pct_tribal,prm_moratorium_active,cob_persistent_poverty,cob_ghgrp_combustion_facilities_n,cob_lowtemp_ind_heat_tbtu
29005,Atchison County,MO,0.5552442545081918,641,0.6672189512018705,0.6271073958084193,0.64357761025416,0.7813548718213322,0.5450146887894701,0.5811746846446818,0.13910606918649374,0,,0,0,0,0,0,0,0,haz_karst_exposed_pct,prm_pct_tribal,prm_moratorium_active,cob_ghgrp_combustion_facilities_n,cob_persistent_poverty,cob_energy_community
26159,Van Buren County,MI,0.555186562136715,642,0.61507757516583,0.38911649457094855,0.6511184275959359,0.8079691729842535,0.7365389236146899,0.6577552029887301,0.23974975776507557,0,,0,0,0,0,0,0,0,haz_karst_exposed_pct,prm_nonattainment,prm_moratorium_active,cob_ghgrp_combustion_facilities_n,crb_clean_gen_mw,cob_persistent_poverty
33017,Strafford County,NH,0.5551678968038559,643,0.5826747899621132,0.5484080337957338,0.824684596406232,0.8121309941496095,0.6850609153496481,0.4592324343625223,0.15605805610463494,0,,0,0,0,0,0,0,0,haz_karst_exposed_pct,prm_moratorium_active,prm_moratorium_proposed,pwr_ind_price_cents_kwh,cob_persistent_poverty,cob_energy_community
42041,Cumberland County,PA,0.5551166918269935,644,0.7579059456670288,0.33442871447965183,0.6945999036204838,0.7656331509922324,0.6927756430692372,0.7488198481287313,0.18253226196296443,0,,0,0,0,0,0,0,0,prm_nonattainment,prm_moratorium_active,prm_moratorium_proposed,cob_persistent_poverty,cob_energy_community,cob_poverty_pct
19147,Palo Alto County,IA,0.5551098938993994,645,0.6647224263378108,0.5614348652373504,0.5362618048728531,0.8100837139941044,0.6138438061209471,0.4668563143806459,0.23503947249178203,0,,0,0,0,0,0,0,0,prm_moratorium_active,prm_nonattainment,prm_moratorium_proposed,lnd_dist_interstate_km,cob_persistent_poverty,cob_energy_community
05077,Lee County,AR,0.5550354220939469,646,0.6706678410791639,0.5468666822812897,0.4717050378406304,0.7946147406600288,0.4100389352219933,0.39357036751999813,0.5347068158011657,0,,0,0,0,0,0,0,0,prm_contested_total,prm_nonattainment,haz_karst_exposed_pct,cob_lowtemp_ind_heat_tbtu,cob_ghgrp_combustion_facilities_n,lnd_dist_ixp_km
42093,Montour County,PA,0.5550303553155597,647,0.7248479654135476,0.30278430171060344,0.652630482403192,0.7818193362756368,0.7368227677572751,0.6910751557108764,0.26063643507764406,0,,0,0,0,0,0,0,0,prm_moratorium_active,prm_moratorium_proposed,cob_energy_community,cob_persistent_poverty,cob_ghgrp_combustion_facilities_n,crb_clean_gen_mw
18121,Parke County,IN,0.5548443240480243,648,0.6360058068703813,0.41794892308206677,0.5338925301110535,0.8229173259897277,0.5776402621308839,0.6394672663902058,0.33449102452166635,0,,0,0,0,0,0,0,0,prm_moratorium_active,cob_energy_community,prm_pct_tribal,crb_queue_clean_mw,cob_ghgrp_combustion_facilities_n,cob_persistent_poverty
26111,Midland County,MI,0.5548080401565272,649,0.6992320318454884,0.4664901102539905,0.4849041465349971,0.8181578867836476,0.7127200733027946,0.4971706703087137,0.2705080257952227,0,,0,0,0,0,0,0,0,haz_karst_exposed_pct,prm_moratorium_active,prm_moratorium_proposed,cob_persistent_poverty,cob_energy_community,crb_clean_gen_mw
17169,Schuyler County,IL,0.5547489346822262,650,0.6531403745795303,0.37221625344107423,0.654718064593584,0.7621519778339672,0.6408793541499056,0.4862874229950467,0.3799317823140793,0,,0,0,0,0,0,0,0,prm_moratorium_active,cob_energy_community,wtr_bws_score,crb_queue_clean_mw,crb_clean_gen_mw,pwr_substations_230kv_n
26077,Kalamazoo County,MI,0.5547078898667017,651,0.5124852308914187,0.38260163394142,0.7030067338955663,0.7891681628090396,0.7465129842596044,0.6954777818901863,0.3154176464606947,0,,0,0,0,0,0,0,0,prm_pct_tribal,haz_karst_exposed_pct,prm_moratorium_active,cob_persistent_poverty,cob_energy_community,pwr_substations_230kv_n
27033,Cottonwood County,MN,0.5545083178362116,652,0.5832184658324984,0.5712353345049171,0.5911544107701524,0.7756040845026162,0.7032356260524814,0.38976472521970323,0.2897809440481981,0,,0,0,0,0,0,0,0,prm_pop_density_km2,haz_karst_exposed_pct,cob_heat_demand,cob_persistent_poverty,lnd_pct_cropland,cob_energy_community
16083,Twin Falls County,ID,0.5544998508573274,653,0.5537503780588687,0.6152976545071993,0.4153848004990257,0.8319446621546445,0.6848889155036105,0.6258165254013427,0.2776420647022281,0,,0,0,0,0,0,0,0,prm_pct_tribal,prm_moratorium_active,prm_moratorium_proposed,crb_queue_clean_mw,cob_persistent_poverty,cob_energy_community
54039,Kanawha County,WV,0.5543372649233165,654,0.5479971162159963,0.3078956459891436,0.7733743317879533,0.8173438405541401,0.6303072522737737,0.682085565780178,0.39693479972359236,0,,0,0,0,0,0,0,0,prm_nonattainment,prm_contested_total,haz_karst_exposed_pct,cob_persistent_poverty,cob_lowtemp_ind_heat_tbtu,pwr_saidi_min
17163,St. Clair County,IL,0.5541698164031772,655,0.7432928264163899,0.4892960803896164,0.680836381105979,0.5975853443851985,0.6189761221786656,0.6697773822682369,0.17655469332989174,0,,0,0,0,0,0,0,0,prm_moratorium_active,prm_moratorium_proposed,prm_contested_total,cob_ghgrp_combustion_facilities_n,cob_persistent_poverty,cob_energy_community
39063,Hancock County,OH,0.554150814720203,656,0.6515377098864679,0.33887132497458267,0.7611901417169396,0.7128694895543337,0.6500945332471801,0.6992059162164623,0.27052890573765387,0,,0,0,0,0,0,0,0,prm_pct_tribal,prm_moratorium_active,prm_moratorium_proposed,cob_persistent_poverty,cob_energy_community,lnd_pct_cropland
37047,Columbus County,NC,0.5540156737332821,657,0.6428867883458078,0.5583893776144964,0.547318780315716,0.8703685759243981,0.4030063998650468,0.4504966047991013,0.34428567466226506,0,,0,0,0,0,0,0,0,prm_pct_tribal,prm_moratorium_active,cob_persistent_poverty,cob_energy_community,haz_alr_hurricane,lnd_dist_interstate_km
21093,Hardin County,KY,0.5539280375939271,658,0.7262562946246202,0.2876911563242361,0.7079608478803039,0.8206782789296649,0.522687645885133,0.8236895581220476,0.2715119142344837,0,,0,0,0,0,0,0,0,prm_moratorium_proposed,cob_energy_community,prm_moratorium_active,cob_lowtemp_ind_heat_tbtu,crb_clean_gen_mw,cob_persistent_poverty
19115,Louisa County,IA,0.5539021740861902,659,0.58889829889675,0.5270829067078152,0.6875635126607953,0.8350398920747895,0.5770650308359649,0.5476856078598439,0.20071221616499632,0,,0,0,0,0,0,0,0,prm_moratorium_active,prm_moratorium_proposed,prm_contested_total,cob_persistent_poverty,cob_energy_community,pwr_substations_230kv_n
27131,Rice County,MN,0.5538961594842061,660,0.5567022920621053,0.4590347695532146,0.7357794591074234,0.7320479728796115,0.7125179436556964,0.587271040362784,0.24211721872047073,0,,0,0,0,0,0,0,0,prm_moratorium_active,prm_pct_tribal,cob_heat_demand,cob_persistent_poverty,cob_energy_community,pwr_substations_230kv_n
55025,Dane County,WI,0.5535151370513811,661,0.6936053202398956,0.4712998289136717,0.47571453364599786,0.7641344776134844,0.7458750525359205,0.7317975612514792,0.19547050562472354,0,,0,0,0,0,0,0,0,prm_contested_total,prm_moratorium_active,prm_moratorium_proposed,cob_persistent_poverty,cob_energy_community,cob_ghgrp_combustion_facilities_n
19109,Kossuth County,IA,0.5533186191242531,662,0.7430886679075172,0.5482031993565758,0.5134796499870232,0.8100837139941044,0.6657968918536766,0.4026656307962777,0.21208140373952475,0,,0,0,0,0,0,0,0,prm_moratorium_active,prm_pct_tribal,cob_heat_demand,lnd_dist_interstate_km,cob_persistent_poverty,cob_energy_community
17045,Edgar County,IL,0.5532791250597323,663,0.6512869713019117,0.4723020366150449,0.5361966907211002,0.7152874422921031,0.6236653356055878,0.5511583803643195,0.3262967892688559,0,,0,0,0,0,0,0,0,haz_karst_exposed_pct,prm_moratorium_active,cob_energy_community,lnd_pct_cropland,pwr_substations_230kv_n,cob_ghgrp_combustion_facilities_n
47061,Grundy County,TN,0.5532710370456904,664,0.6501411150239386,0.3857164013652764,0.5448776421789978,0.8784822320710309,0.5720191097827395,0.657333447972258,0.30919734465216897,0,,0,0,0,0,0,0,0,cob_energy_community,prm_moratorium_active,prm_moratorium_proposed,cob_ghgrp_combustion_facilities_n,cob_persistent_poverty,pwr_substations_230kv_n
17035,Cumberland County,IL,0.5532696007532343,665,0.6746537710382231,0.5216892497623389,0.4999612338573545,0.7326715044274827,0.5910772377860176,0.5364990314663599,0.2931345227493299,0,,0,0,0,0,0,0,0,prm_pct_tribal,prm_moratorium_active,cob_energy_community,cob_ghgrp_combustion_facilities_n,cob_persistent_poverty,pwr_substations_230kv_n
39003,Allen County,OH,0.5531417607054057,666,0.6185743881178398,0.24003926954618246,0.783539716788882,0.7161343162227439,0.74406615167672,0.716988732009704,0.44883525164339433,0,,0,0,0,0,0,0,0,prm_nonattainment,prm_contested_total,haz_karst_exposed_pct,cob_persistent_poverty,pwr_dist_retired_plant_km,crb_queue_clean_mw
56025,Natrona County,WY,0.5531392807759828,667,0.5336473577828017,0.6157341503796347,0.3957752375095195,0.8965041506583499,0.6513959141936123,0.5597666189657554,0.3316073604616793,0,,0,0,0,0,0,0,0,prm_moratorium_proposed,cob_energy_community,prm_moratorium_active,cob_ghgrp_combustion_facilities_n,lnd_dist_ixp_km,cob_persistent_poverty
28149,Warren County,MS,0.5530821150088747,668,0.6889524686594447,0.3944746783228005,0.7137393780062248,0.8400422389449953,0.41691028024521504,0.48911959754271755,0.3426308784677181,0,,0,0,0,0,0,0,0,prm_contested_total,prm_pct_tribal,prm_moratorium_active,cob_persistent_poverty,crb_queue_clean_mw,crb_clean_gen_mw
27111,Otter Tail County,MN,0.5530573709724159,669,0.7014120617036674,0.5272149718534072,0.5501256120950757,0.8294417770972997,0.7724461690866172,0.33001789782317603,0.23534525498672793,0,,0,0,0,0,0,0,0,haz_karst_exposed_pct,prm_moratorium_active,prm_moratorium_proposed,cob_persistent_poverty,cob_energy_community,lnd_dist_cement_km
42119,Union County,PA,0.5529907330076085,670,0.7055801432508108,0.3196321896509343,0.6585848405183524,0.7943073962638404,0.6558248481878581,0.6188967185691546,0.29221270501424695,0,,0,0,0,0,0,0,0,prm_moratorium_proposed,cob_energy_community,prm_moratorium_active,cob_ghgrp_combustion_facilities_n,cob_persistent_poverty,pwr_substations_230kv_n
39147,Seneca County,OH,0.5528674194037119,671,0.63741178758217,0.2915691492741547,0.7674622602681788,0.7206455857906464,0.7399152436411716,0.5850345949660339,0.3710387687184113,0,,0,0,0,0,0,0,0,prm_moratorium_active,haz_karst_exposed_pct,prm_moratorium_proposed,cob_persistent_poverty,crb_clean_gen_mw,cob_lowtemp_ind_heat_tbtu
39077,Huron County,OH,0.5528387267465769,672,0.603664364567954,0.3023200902646985,0.6957461691168259,0.7297711282068107,0.713357399536754,0.6408454455626712,0.42157714090178944,0,,0,0,0,0,0,0,0,prm_moratorium_active,haz_karst_exposed_pct,prm_moratorium_proposed,cob_persistent_poverty,pwr_substations_230kv_n,lnd_pct_buildable
21155,Marion County,KY,0.5527684108120916,673,0.6555655816474567,0.2885825673561485,0.7439028657784149,0.8493129107799398,0.5622064952588154,0.6777296788450778,0.3300366567635874,0,,0,0,0,0,0,0,0,prm_contested_total,prm_moratorium_active,cob_energy_community,cob_persistent_poverty,cob_ghgrp_combustion_facilities_n,pwr_substations_230kv_n
13205,Mitchell County,GA,0.5526699026128858,674,0.7753627795370459,0.5632357990963702,0.49590795199448906,0.8628104107973136,0.36167623744829747,0.40839997896846447,0.3163183911543395,0,,0,0,0,0,0,0,0,prm_moratorium_proposed,prm_moratorium_active,cob_persistent_poverty,cob_energy_community,lnd_dist_interstate_km,cob_ghgrp_combustion_facilities_n
39093,Lorain County,OH,0.5525542059527075,675,0.8112835095019808,0.3003747027063591,0.657449922767866,0.7422461991278336,0.7322052659574989,0.7567378352896114,0.19390130807819633,0,,0,0,0,0,0,0,0,haz_karst_exposed_pct,prm_moratorium_active,prm_moratorium_proposed,cob_persistent_poverty,cob_energy_community,cob_ghgrp_combustion_facilities_n
19097,Jackson County,IA,0.552490587820167,676,0.6280589787305101,0.4150263207992815,0.6897803662719537,0.853686553415255,0.6788946931268467,0.6055343064164296,0.1932665399376179,0,,0,0,0,0,0,0,0,prm_pct_tribal,prm_moratorium_active,prm_moratorium_proposed,cob_ghgrp_combustion_facilities_n,cob_persistent_poverty,cob_energy_community
48333,Mills County,TX,0.55238951132732,677,0.6439930674825315,0.730518296686657,0.41753983412826273,0.8996333065295322,0.5403845129370869,0.46469186502979004,0.21201496381253898,0,,0,0,0,0,0,0,0,prm_moratorium_proposed,cob_energy_community,prm_moratorium_active,cob_persistent_poverty,pwr_dist_retired_plant_km,lnd_dist_interstate_km
26125,Oakland County,MI,0.5523097722251824,678,0.7076418746718193,0.4103859325927658,0.6646845342961305,0.6123136059953346,0.7457515160634903,0.7653519736456817,0.1895184544760813,0,,0,0,0,0,0,0,0,haz_karst_exposed_pct,prm_moratorium_active,prm_moratorium_proposed,cob_persistent_poverty,cob_energy_community,prm_nonattainment
01047,Dallas County,AL,0.552309451205466,679,0.526396285203473,0.3886209997538378,0.5953793681838697,0.8571514152704471,0.4476004840114372,0.6372667168368674,0.5712161838608268,0,,0,0,0,0,0,0,0,prm_pct_tribal,prm_nonattainment,prm_moratorium_proposed,crb_clean_gen_mw,lnd_dist_interstate_km,crb_queue_clean_mw
34033,Salem County,NJ,0.5521850275789809,680,0.7612268265521985,0.4640886900590903,0.5285237236752878,0.6520284354342146,0.48581670204400507,0.7287193204953617,0.2670571734695303,0,,0,0,0,0,0,0,0,prm_moratorium_active,crb_clean_gen_mw,prm_pct_tribal,cob_persistent_poverty,cob_energy_community,prm_nonattainment
17033,Crawford County,IL,0.5520895253281873,681,0.6214573337773929,0.46738961426432857,0.5473114342098218,0.7286685071405561,0.6120582811712245,0.5270608990623159,0.3625496693096747,0,,0,0,0,0,0,0,0,prm_moratorium_proposed,cob_energy_community,prm_moratorium_active,pwr_substations_230kv_n,cob_persistent_poverty,cob_lowtemp_ind_heat_tbtu
33005,Cheshire County,NH,0.5520725302197668,682,0.5976522361914249,0.5249702770313206,0.7321717593240248,0.8354466997612284,0.6275921351872636,0.5534141792963233,0.1566775353353705,0,,0,0,0,0,0,0,0,prm_pct_tribal,haz_karst_exposed_pct,prm_moratorium_active,pwr_ind_price_cents_kwh,cob_persistent_poverty,cob_energy_community
29165,Platte County,MO,0.5518429808519686,683,0.715759983580549,0.48279206820572124,0.7404163229340713,0.7976317766268802,0.5554301644047369,0.7324608542658518,0.10979110631581795,0,,0,0,0,0,0,0,0,prm_moratorium_proposed,prm_moratorium_active,wtr_bws_score,crb_queue_clean_mw,crb_clean_gen_mw,cob_energy_community
56009,Converse County,WY,0.5518346106156337,684,0.5712107788418884,0.7049321369516506,0.31468279165216273,0.8961266110206292,0.6270524193555806,0.5343177870501871,0.33574155600894173,0,,0,0,0,0,0,0,0,prm_pct_tribal,lnd_pct_buildable,cob_energy_community,cob_ghgrp_combustion_facilities_n,cob_persistent_poverty,lnd_dist_eaf_steel_km
19093,Ida County,IA,0.551822863911042,685,0.711437586950618,0.5041350510362668,0.6732022247378777,0.8100837139941044,0.704221463200464,0.33733926511071394,0.19857391964206744,0,,0,0,0,0,0,0,0,prm_pop_density_km2,prm_moratorium_proposed,prm_moratorium_active,lnd_pct_cropland,lnd_dist_interstate_km,cob_persistent_poverty
05139,Union County,AR,0.5517977441982634,686,0.6400354514781629,0.47612526363250396,0.579047691927911,0.8792219147284218,0.4888267175475011,0.3563235274628504,0.419791306837572,0,,0,0,0,0,0,0,0,prm_moratorium_active,prm_nonattainment,cob_energy_community,cob_persistent_poverty,lnd_dist_interstate_km,lnd_dist_ixp_km
55073,Marathon County,WI,0.5517414711557908,687,0.7631915339827443,0.43626904490249696,0.45093148644373376,0.8073887944404401,0.8217262437816134,0.49003632169996486,0.2383741860326677,0,,0,0,0,0,0,0,0,haz_karst_exposed_pct,cob_heat_demand,prm_moratorium_active,cob_persistent_poverty,cob_energy_community,cob_unemp_rate
48261,Kenedy County,TX,0.5516582773123497,688,0.7250568830854095,0.7362242632424072,0.27940580419310923,0.9032962643704824,0.49549356381387166,0.4327785317603878,0.33795774457516337,0,,0,0,0,0,0,0,0,lnd_pct_buildable,prm_pop_density_km2,prm_moratorium_proposed,haz_days_gt95f_2050,lnd_dist_interstate_km,cob_ghgrp_combustion_facilities_n
39029,Columbiana County,OH,0.5516430486585044,689,0.7506885268577015,0.21286227059342014,0.7398282516527719,0.7860547673350978,0.7225210884886839,0.7062256138923889,0.3510126558891705,0,,0,0,0,0,0,0,0,prm_moratorium_proposed,cob_energy_community,haz_karst_exposed_pct,cob_ghgrp_combustion_facilities_n,cob_persistent_poverty,crb_queue_clean_mw
09130,Lower Connecticut River Valley Planning Region,CT,0.5515301421602281,690,0.6696201696909398,0.5429272911432751,0.7378225012608206,0.6929235433828643,0.6727915006133292,0.5962708102846257,0.1288412379801151,0,,0,0,0,0,0,0,0,prm_moratorium_active,prm_moratorium_proposed,prm_contested_total,pwr_ind_price_cents_kwh,cob_persistent_poverty,cob_energy_community
17119,Madison County,IL,0.5514656570675386,691,0.7506497471200425,0.4699893706232565,0.6308772232124167,0.5798536448722477,0.620426132396156,0.6727266682657723,0.20608221414567407,0,,0,0,0,0,0,0,0,prm_pct_tribal,prm_moratorium_active,prm_moratorium_proposed,prm_nonattainment,cob_persistent_poverty,cob_energy_community
18177,Wayne County,IN,0.5514604083237525,692,0.5990745746839787,0.5304986578695929,0.5448128880165812,0.7597244010898934,0.6573547659624934,0.6982199210257173,0.2056394728732528,0,,0,0,0,0,0,0,0,prm_moratorium_active,prm_moratorium_proposed,prm_nonattainment,cob_persistent_poverty,cob_energy_community,pwr_substations_230kv_n
48199,Hardin County,TX,0.551392305008154,693,0.6998119094663346,0.4599473336636993,0.570873755152199,0.88574019508083,0.3902277910561517,0.5692735768132522,0.2886453911620418,0,,0,0,0,0,0,0,0,prm_moratorium_active,prm_nonattainment,haz_karst_exposed_pct,cob_persistent_poverty,crb_clean_gen_mw,cob_lowtemp_ind_heat_tbtu
05091,Miller County,AR,0.5513400632237663,694,0.5871089818052141,0.4624684543242168,0.5752790539660061,0.8472838650395026,0.4144432888111764,0.6551211265132704,0.36326081668412474,0,,0,0,0,0,0,0,0,prm_pct_tribal,cob_energy_community,prm_moratorium_active,cob_persistent_poverty,pwr_substations_230kv_n,cob_lowtemp_ind_heat_tbtu
49019,Grand County,UT,0.5512857927896929,695,0.5946637788623957,0.4394443911898234,0.6415897810638386,0.8544682866494903,0.5831700578555427,0.4135670293298732,0.3650669031606799,0,,0,0,0,0,0,0,0,prm_nonattainment,prm_pop_density_km2,prm_moratorium_active,cob_ghgrp_combustion_facilities_n,cob_persistent_poverty,crb_queue_clean_mw
05081,Little River County,AR,0.5512289986724962,696,0.5578790120633569,0.4465274525062428,0.6348022577044163,0.8759888317264919,0.46797702202869296,0.6359216022401717,0.3234984194455983,0,,0,0,0,0,0,0,0,prm_contested_total,wtr_bws_score,cob_energy_community,cob_persistent_poverty,pwr_substations_230kv_n,crb_clean_gen_mw
41003,Benton County,OR,0.5511065265826958,697,0.49890975019621603,0.5714106846261771,0.7066439895277238,0.8150434163793484,0.7373139627855149,0.6295312248719358,0.16104908627914633,0,,0,0,0,0,0,0,0,prm_moratorium_proposed,wtr_bws_2050_score,haz_alr_coastal_flood,lnd_dist_cement_km,cob_ghgrp_combustion_facilities_n,cob_persistent_poverty
42025,Carbon County,PA,0.5510701211075956,698,0.7005986724788427,0.37864802042324597,0.4686661515551299,0.6850330377250916,0.7461541061292055,0.7484898630500446,0.31939991995136496,0,,0,0,0,0,0,0,0,prm_moratorium_active,cob_energy_community,prm_moratorium_proposed,cob_ghgrp_combustion_facilities_n,cob_persistent_poverty,prm_nonattainment
08083,Montezuma County,CO,0.5510292332865169,699,0.6258042606994019,0.5560085575557533,0.43758041541948806,0.8021422661766837,0.6802630964086449,0.37464516994443914,0.39280231749320643,0,,0,0,0,0,0,0,0,prm_pop_density_km2,haz_karst_exposed_pct,prm_moratorium_active,lnd_dist_ixp_km,cob_persistent_poverty,lnd_dist_cement_km
19037,Chickasaw County,IA,0.5510289872931557,700,0.6378339636688655,0.47761246857744644,0.6885546051426004,0.8100837139941044,0.6931697621531473,0.45327928821388613,0.20051346877907167,0,,0,0,0,0,0,0,0,prm_pop_density_km2,prm_pct_tribal,prm_moratorium_active,lnd_dist_interstate_km,cob_persistent_poverty,cob_energy_community
05123,St. Francis County,AR,0.5509594155440487,701,0.7082175105941885,0.5548445509977576,0.34236659506253087,0.7913062412766201,0.43989066457738984,0.48256053693994244,0.5310929587727455,0,,0,0,0,0,0,0,0,prm_nonattainment,haz_karst_exposed_pct,prm_moratorium_active,cob_ghgrp_combustion_facilities_n,pwr_substations_230kv_n,lnd_dist_ixp_km
28049,Hinds County,MS,0.5508676464230321,702,0.6988417824832472,0.459069889682581,0.7374413182127328,0.823158819859617,0.4053669456661683,0.6135170750011654,0.19541849609031073,0,,0,0,0,0,0,0,0,prm_moratorium_proposed,prm_pct_tribal,prm_moratorium_active,pwr_saidi_min,crb_clean_gen_mw,cob_persistent_poverty
06077,San Joaquin County,CA,0.550838996846051,703,0.6428278993671072,0.7068626181917789,0.5060104079232695,0.5708832366918343,0.6175468923461007,0.5240797499324841,0.2526433966957446,0,,0,0,0,0,0,0,0,prm_moratorium_proposed,prm_moratorium_active,haz_karst_exposed_pct,pwr_ind_price_cents_kwh,cob_persistent_poverty,cob_energy_community
29163,Pike County,MO,0.5508172410738843,704,0.50263606864714,0.43042914606366695,0.6867788176594026,0.8403330196725733,0.599548007327409,0.5847616276473764,0.3464087924409905,0,,0,0,0,0,0,0,0,haz_karst_exposed_pct,prm_pct_tribal,prm_moratorium_active,crb_queue_clean_mw,pwr_substations_230kv_n,cob_persistent_poverty
29177,Ray County,MO,0.5507121591339008,705,0.6325506159340196,0.5143554687327945,0.6995166441868241,0.8326948034901118,0.5300843180074323,0.6626994898867612,0.1489277152716809,0,,0,0,0,0,0,0,0,haz_karst_exposed_pct,prm_moratorium_active,prm_moratorium_proposed,cob_lowtemp_ind_heat_tbtu,cob_ghgrp_combustion_facilities_n,crb_clean_gen_mw
31153,Sarpy County,NE,0.5506805583471481,706,0.8124991348526349,0.4319843032130235,0.6183138589462709,0.798370195824065,0.5912699522199794,0.7549208639325554,0.1185052314990353,0,,0,0,0,0,0,0,0,prm_pct_tribal,prm_contested_total,haz_karst_exposed_pct,cob_persistent_poverty,cob_energy_community,crb_queue_clean_mw
17089,Kane County,IL,0.5504822795890522,707,0.6621980801358308,0.4213406140617783,0.48728191311420177,0.5861065002743132,0.7509378003085956,0.6846261524575596,0.38214425622131326,0,,0,0,0,0,0,0,0,prm_contested_total,prm_pct_tribal,cob_energy_community,cob_persistent_poverty,pwr_substations_230kv_n,cob_ghgrp_combustion_facilities_n
22045,Iberia Parish,LA,0.5504573096140012,708,0.6582908164912551,0.44320095821522115,0.7367356896898352,0.8253707754703143,0.41642551625392543,0.44486425561275217,0.31559491483399377,0,,0,0,0,0,0,0,0,prm_moratorium_proposed,cob_persistent_poverty,haz_karst_exposed_pct,lnd_dist_cement_km,cob_energy_community,cob_ghgrp_combustion_facilities_n
48499,Wood County,TX,0.5502747362675774,709,0.545607240101973,0.5215824833671316,0.5502840300774763,0.8839001494394522,0.5222488905824221,0.5842997911505102,0.3009398089216417,0,,0,0,0,0,0,0,0,prm_moratorium_active,cob_energy_community,prm_county_can_zone,cob_persistent_poverty,pwr_substations_230kv_n,crb_queue_clean_mw
18025,Crawford County,IN,0.5502735283773773,710,0.6640757576687433,0.4116865867503051,0.6551036066735465,0.8764380045457333,0.45192328618352673,0.7749129952928921,0.2031528358425748,0,,0,0,0,0,0,0,0,prm_moratorium_active,wtr_bws_score,wtr_bws_2050_score,cob_lowtemp_ind_heat_tbtu,crb_clean_gen_mw,pwr_substations_230kv_n
48315,Marion County,TX,0.5502682108301489,711,0.6137898537008006,0.5155353192007941,0.586409659258636,0.9032824893590179,0.46784882372948133,0.44205914897952425,0.3079021650022377,0,,0,0,0,0,0,0,0,wtr_bws_score,prm_nonattainment,cob_energy_community,cob_persistent_poverty,cob_ghgrp_combustion_facilities_n,crb_clean_gen_mw
28021,Claiborne County,MS,0.5501751362050309,712,0.5608850337255668,0.48678539830844586,0.6127351742991486,0.870421298361662,0.4603162927873846,0.3312124649551784,0.5579728205142988,0,,0,0,0,0,0,0,0,prm_contested_total,prm_pop_density_km2,prm_moratorium_active,cob_lowtemp_ind_heat_tbtu,pwr_saidi_min,lnd_dist_cement_km
40147,Washington County,OK,0.5501318946507308,713,0.6065451172689266,0.5436179710830591,0.5541602911033593,0.8373157778928053,0.407129491896213,0.6011967511063608,0.29532781113860385,0,,0,0,0,0,0,0,0,cob_energy_community,lnd_pct_buildable,prm_moratorium_active,cob_persistent_poverty,pwr_substations_230kv_n,lnd_dist_interstate_km
19089,Howard County,IA,0.5501089530268664,714,0.5486247335497129,0.5403395883382756,0.6805300131559348,0.8100837139941044,0.7263276484551218,0.4830246505025853,0.20049955966483568,0,,0,0,0,0,0,0,0,prm_nonattainment,prm_pop_density_km2,cob_heat_demand,cob_persistent_poverty,cob_energy_community,pwr_substations_230kv_n
37067,Forsyth County,NC,0.5500829374252955,715,0.643882438237437,0.4498477782378824,0.545131907724463,0.8434865024066089,0.6775006102689135,0.6835857203036624,0.19490228846883872,0,,0,0,0,0,0,0,0,prm_nonattainment,prm_moratorium_active,prm_moratorium_proposed,crb_queue_clean_mw,cob_energy_community,cob_persistent_poverty
41033,Josephine County,OR,0.5500620550363705,716,0.5222549080697204,0.585021243948826,0.6957313002113363,0.8425685869847008,0.5392845682111315,0.6686045172526623,0.17171524321524612,0,,0,0,0,0,0,0,0,prm_contested_total,prm_moratorium_active,prm_moratorium_proposed,cob_persistent_poverty,cob_energy_community,pwr_dist_retired_plant_km
18135,Randolph County,IN,0.5499506354411001,717,0.6325169586346863,0.5833359872836918,0.47835809643842975,0.7697304291455765,0.6495277206833945,0.5802667953330282,0.21720080285061646,0,,0,0,0,0,0,0,0,prm_pct_tribal,prm_moratorium_active,prm_moratorium_proposed,cob_persistent_poverty,cob_energy_community,cob_lowtemp_ind_heat_tbtu
01063,Greene County,AL,0.549947088611763,718,0.4993272491081792,0.45289152315721404,0.5042143085806307,0.8701929435871754,0.42381755978210284,0.707792855817852,0.5565968366896148,0,,0,0,0,0,0,0,0,prm_nonattainment,prm_pop_density_km2,prm_moratorium_active,cob_ghgrp_combustion_facilities_n,crb_clean_gen_mw,cob_lowtemp_ind_heat_tbtu
13115,Floyd County,GA,0.5498820150994419,719,0.7409500495940061,0.44984350304512544,0.5087890798626412,0.8974205779288045,0.516941423487511,0.7162566675755042,0.18023460186893095,0,,0,0,0,0,0,0,0,prm_tax_exemption_status,prm_pct_tribal,prm_moratorium_proposed,crb_clean_gen_mw,cob_persistent_poverty,cob_energy_community
01105,Perry County,AL,0.549862742165109,720,0.5069154313181147,0.4591541385885458,0.4668482714645199,0.8660280143253565,0.5009492929318685,0.6391839669473102,0.5554926523288816,0,,0,0,0,0,0,0,0,prm_nonattainment,prm_pct_tribal,prm_moratorium_active,cob_ghgrp_combustion_facilities_n,pwr_substations_230kv_n,lnd_dist_interstate_km
39007,Ashtabula County,OH,0.5497710551386169,721,0.7262777873644889,0.21798677634181135,0.6493593439740121,0.771343001864565,0.720001461165883,0.7088404654316377,0.43725776331418076,0,,0,0,0,0,0,0,0,haz_karst_exposed_pct,prm_moratorium_active,prm_moratorium_proposed,cob_persistent_poverty,crb_queue_clean_mw,crb_clean_gen_mw
48233,Hutchinson County,TX,0.5497570102873681,722,0.7691377322199484,0.5879362567305343,0.5051880761722488,0.773203328467272,0.4318799516334209,0.47155347418809085,0.2350661325045517,0,,0,0,0,0,0,0,0,prm_moratorium_active,prm_pop_density_km2,lnd_pct_buildable,cob_persistent_poverty,cob_energy_community,prm_nonattainment
17131,Mercer County,IL,0.5497213307428229,723,0.60870250403931,0.47061346053008773,0.6651029719569144,0.7262791043788811,0.6969742873236833,0.6186690610205106,0.20150000696478332,0,,0,0,0,0,0,0,0,prm_moratorium_active,haz_karst_exposed_pct,prm_moratorium_proposed,cob_ghgrp_combustion_facilities_n,cob_persistent_poverty,cob_energy_community
48023,Baylor County,TX,0.5496706819338382,724,0.6779026639295483,0.7396355565050443,0.43687335377685177,0.8722599003669814,0.3735544690406553,0.3832621996037569,0.3026031599854343,0,,0,0,0,0,0,0,0,prm_contested_total,cob_energy_community,lnd_pct_buildable,cob_persistent_poverty,lnd_dist_interstate_km,cob_ghgrp_combustion_facilities_n
16019,Bonneville County,ID,0.5496210454693544,725,0.5057127164485634,0.6351697024237495,0.5230699846218785,0.8311262862218074,0.6927196060250568,0.5763203820701822,0.2229881255091713,0,,0,0,0,0,0,0,0,prm_pct_tribal,prm_moratorium_active,prm_moratorium_proposed,cob_persistent_poverty,cob_energy_community,pwr_substations_230kv_n
45021,Cherokee County,SC,0.5495723444105348,726,0.7315565527727911,0.49689715826373215,0.3567917012889218,0.8449591214270223,0.6139713009116393,0.7018158380366751,0.24681791865986305,0,,0,0,0,0,0,0,0,prm_pct_tribal,prm_moratorium_active,prm_moratorium_proposed,cob_persistent_poverty,cob_energy_community,wtr_wwtp_flow_mgd
23015,Lincoln County,ME,0.5495309968219213,727,0.6567845644462057,0.5185549024023792,0.7703703571765115,0.799812027463443,0.639305483238272,0.39467244772620497,0.16923276891577443,0,,0,0,0,0,0,0,0,prm_moratorium_proposed,prm_moratorium_active,prm_pct_tribal,cob_persistent_poverty,cob_energy_community,prm_price_growth_pct
18035,Delaware County,IN,0.5494223586110147,728,0.63165682313853,0.4829960781484798,0.5235263240849273,0.7569735604113014,0.6645608308799326,0.6852307812806542,0.22464963838060145,0,,0,0,0,0,0,0,0,prm_moratorium_proposed,prm_moratorium_active,haz_karst_exposed_pct,cob_ghgrp_combustion_facilities_n,cob_persistent_poverty,cob_energy_community
26051,Gladwin County,MI,0.5494075588613363,729,0.5305040428341936,0.49247395287437207,0.43732056481684917,0.8519999289248732,0.8069496032604986,0.476599739528561,0.4135060687808614,0,,0,0,0,0,0,0,0,prm_moratorium_proposed,cob_energy_community,prm_moratorium_active,cob_persistent_poverty,cob_ghgrp_combustion_facilities_n,pwr_substations_230kv_n
49027,Millard County,UT,0.5493751923021742,730,0.7415018018510081,0.6017243590143994,0.4198204596959096,0.8691152733868129,0.584429879747083,0.60969843114389,0.15362749580666718,0,,0,0,0,0,0,0,0,prm_nonattainment,lnd_pct_buildable,prm_moratorium_active,cob_persistent_poverty,cob_energy_community,cob_ghgrp_combustion_facilities_n
55043,Grant County,WI,0.5493315405066135,731,0.5510681784541788,0.4654347358453612,0.5430864083093685,0.8214629324276634,0.671417420807031,0.5342630922700199,0.34404452984421297,0,,0,0,0,0,0,0,0,prm_contested_total,prm_pct_tribal,prm_moratorium_active,cob_persistent_poverty,cob_ghgrp_combustion_facilities_n,lnd_dist_interstate_km
48291,Liberty County,TX,0.5493123497220895,732,0.6408551908386473,0.536688993108756,0.5743635842744645,0.7712454768114564,0.3616751413337727,0.6465209430045206,0.2960400361739369,0,,0,0,0,0,0,0,0,prm_pct_tribal,haz_karst_exposed_pct,cob_energy_community,cob_persistent_poverty,prm_nonattainment,cob_ghgrp_combustion_facilities_n
45003,Aiken County,SC,0.5492986570239611,733,0.6626172989579329,0.5573612625656036,0.4373494700291139,0.8560460329922325,0.527876278802588,0.6775480358926188,0.2161724026534801,0,,0,0,0,0,0,0,0,prm_contested_total,prm_nonattainment,prm_moratorium_active,cob_persistent_poverty,cob_energy_community,wtr_wwtp_flow_mgd
27145,Stearns County,MN,0.5492938024974882,734,0.7163860719332407,0.47504599949720083,0.48115356959217853,0.7822973239909522,0.7295014120111318,0.4799908222980523,0.24595558786782729,0,,0,0,0,0,0,0,0,prm_contested_total,prm_pct_tribal,haz_karst_exposed_pct,cob_persistent_poverty,cob_energy_community,crb_queue_clean_mw
23027,Waldo County,ME,0.549286238729689,735,0.5995222980607119,0.5257984196894618,0.7882081132610815,0.8065215747594144,0.6510312860113023,0.3850387612266645,0.1929074919304378,0,,0,0,0,0,0,0,0,prm_nonattainment,prm_moratorium_active,prm_moratorium_proposed,cob_persistent_poverty,cob_energy_community,pwr_substations_230kv_n
38035,Grand Forks County,ND,0.5492733703870754,736,0.6571546722763764,0.4717425318940183,0.6424863305972972,0.8134849153899516,0.6627255764387276,0.42188344991727766,0.23041001245854842,0,,0,0,0,0,0,0,0,prm_price_growth_pct,prm_moratorium_active,prm_moratorium_proposed,cob_persistent_poverty,cob_energy_community,lnd_dist_eaf_steel_km
54029,Hancock County,WV,0.5491861587597321,737,0.6948993751209243,0.23590772623705686,0.688106888375713,0.8059877143606646,0.6835631272296703,0.7137806249931048,0.3712887870943886,0,,0,0,0,0,0,0,0,prm_pct_tribal,prm_moratorium_active,cob_energy_community,crb_clean_gen_mw,cob_ghgrp_combustion_facilities_n,cob_persistent_poverty
39033,Crawford County,OH,0.5491203809679238,738,0.5838687174256876,0.3576706542437095,0.6775497240301795,0.7210113925126447,0.7388055343437129,0.5781694770884992,0.3553055317238344,0,,0,0,0,0,0,0,0,haz_karst_exposed_pct,prm_pct_tribal,prm_moratorium_active,cob_persistent_poverty,cob_ghgrp_combustion_facilities_n,pwr_substations_230kv_n
24033,Prince George's County,MD,0.5489933123522286,739,0.8053539708283182,0.411201642748625,0.7325880554442492,0.636650590755539,0.7004510322823875,0.7556091094703712,0.11759379951148803,0,,0,0,0,0,0,0,0,prm_pct_tribal,prm_contested_total,prm_moratorium_active,cob_persistent_poverty,cob_energy_community,prm_nonattainment
26085,Lake County,MI,0.5489525365397449,740,0.45604878193206344,0.3980870320932153,0.629956878252135,0.881219179585273,0.823279047525734,0.4772304596092121,0.45153901799133567,0,,0,0,0,0,0,0,0,prm_pct_tribal,haz_karst_exposed_pct,cob_energy_community,crb_clean_gen_mw,lnd_dist_interstate_km,wtr_wwtp_flow_mgd
20161,Riley County,KS,0.5489137857442622,741,0.586707766663739,0.4961590923799668,0.5345788134193958,0.8493796186863194,0.42428656350193983,0.6433422117807801,0.33933130436626024,0,,0,0,0,0,0,0,0,prm_pct_tribal,lnd_pct_buildable,prm_moratorium_active,crb_queue_clean_mw,cob_energy_community,crb_clean_gen_mw
55011,Buffalo County,WI,0.5488508018251302,742,0.6455588380015682,0.4039800992145818,0.5914882753218669,0.8452869888719938,0.7046658129674328,0.39785273345732725,0.33504660200846886,0,,0,0,0,0,0,0,0,prm_pct_tribal,prm_pop_density_km2,prm_moratorium_active,cob_persistent_poverty,pwr_substations_230kv_n,crb_queue_clean_mw
01095,Marshall County,AL,0.5488046937191077,743,0.6758478250601441,0.45085364446793424,0.6847368242009051,0.8319988390938206,0.554797060238164,0.6122877144043478,0.16853386857018213,0,,0,0,0,0,0,0,0,prm_moratorium_active,prm_moratorium_proposed,prm_pct_tribal,crb_queue_clean_mw,cob_persistent_poverty,cob_energy_community
38077,Richland County,ND,0.548711474012129,744,0.6794252647621454,0.46957133662137407,0.5588624071262643,0.8184922042030425,0.5823648690187251,0.4455608399122006,0.28124480127735535,0,,0,0,0,0,0,0,0,prm_price_growth_pct,prm_moratorium_active,prm_moratorium_proposed,crb_clean_gen_mw,cob_energy_community,lnd_dist_cement_km
48413,Schleicher County,TX,0.5486152894943097,745,0.6822500089464721,0.7490592409894147,0.3772138930546142,0.9001618712417444,0.4893632339933243,0.4037303072580656,0.24648416865543263,0,,0,0,0,0,0,0,0,prm_moratorium_active,cob_energy_community,prm_county_can_zone,cob_lowtemp_ind_heat_tbtu,cob_persistent_poverty,lnd_dist_brownfield_or_retired_km
17081,Jefferson County,IL,0.5485939405025715,746,0.6438818255632486,0.45876194130677383,0.5333744513243681,0.7491440748284837,0.5816658494413,0.5727139154635542,0.31424731083904367,0,,0,0,0,0,0,0,0,haz_karst_exposed_pct,prm_nonattainment,cob_energy_community,cob_ghgrp_combustion_facilities_n,cob_persistent_poverty,cob_lowtemp_ind_heat_tbtu
48073,Cherokee County,TX,0.5485873497276288,747,0.5159546182845054,0.5777006835327592,0.6263235034191088,0.8914745571245671,0.43706601819537166,0.5409690991628658,0.2881153506922384,0,,0,0,0,0,0,0,0,prm_nonattainment,haz_karst_exposed_pct,cob_energy_community,pwr_saidi_min,cob_persistent_poverty,lnd_dist_interstate_km
13089,DeKalb County,GA,0.5485762235522629,748,0.83771255516262,0.42194261228037333,0.48486889865009025,0.824831058655504,0.6408144369647625,0.7852548753266416,0.13532490298248026,0,,0,0,0,0,0,0,0,prm_tax_exemption_status,prm_moratorium_active,prm_moratorium_proposed,crb_queue_clean_mw,cob_persistent_poverty,cob_energy_community
48175,Goliad County,TX,0.5485440080808878,749,0.7140412553035208,0.6991192222544507,0.41780551748766903,0.9007912367149921,0.35751400476890294,0.5409687177667178,0.22073365277210968,0,,0,0,0,0,0,0,0,prm_moratorium_active,cob_energy_community,haz_karst_exposed_pct,cob_lowtemp_ind_heat_tbtu,cob_persistent_poverty,lnd_dist_interstate_km
55097,Portage County,WI,0.54848976700987,750,0.6794159381266487,0.4419289587301898,0.3884782476458294,0.8093827919530716,0.7719481827044459,0.5987952889115943,0.307754721750007,0,,0,0,0,0,0,0,0,haz_karst_exposed_pct,cob_heat_demand,prm_moratorium_active,cob_persistent_poverty,cob_energy_community,wtr_grid_water_l_kwh
34027,Morris County,NJ,0.5483876061839842,751,0.736265833170954,0.3457116624100512,0.7209003175474301,0.6622977302412661,0.6815432273546611,0.7591248459902281,0.19121215366314648,0,,0,0,0,0,0,0,0,prm_pct_tribal,prm_moratorium_active,prm_moratorium_proposed,cob_persistent_poverty,cob_energy_community,prm_nonattainment
49043,Summit County,UT,0.5482175849090454,752,0.556179457758366,0.5114256600942026,0.5597195514305796,0.8726409110469111,0.6786100372145777,0.8515123987576793,0.15108727617599743,0,,0,0,0,0,0,0,0,prm_pop_density_km2,cob_heat_demand,prm_moratorium_active,cob_ghgrp_combustion_facilities_n,cob_persistent_poverty,cob_poverty_pct
17079,Jasper County,IL,0.5482069225960848,753,0.7123486395917953,0.44634037216417816,0.509796002418007,0.7302984763476037,0.64430976421836,0.5093043418073805,0.2962818212267889,0,,0,0,0,0,0,0,0,prm_moratorium_proposed,cob_energy_community,prm_pop_density_km2,cob_ghgrp_combustion_facilities_n,cob_persistent_poverty,crb_clean_gen_mw
26027,Cass County,MI,0.548029879498393,754,0.5845027680686324,0.39004351222079514,0.6898048623196862,0.7975889238188533,0.76365332129662,0.6329604057931469,0.2198252493294302,0,,0,0,0,0,0,0,0,wtr_bws_score,haz_karst_exposed_pct,wtr_bws_2050_score,cob_persistent_poverty,cob_energy_community,cob_ghgrp_combustion_facilities_n
05071,Johnson County,AR,0.5479501558945153,755,0.4866243382367581,0.4816183778375122,0.6703168585936468,0.8767784288889388,0.4595012431741368,0.6573272560056544,0.32575816543600145,0,,0,0,0,0,0,0,0,wtr_bws_2050_score,wtr_bws_score,prm_moratorium_proposed,crb_queue_clean_mw,cob_ghgrp_combustion_facilities_n,pwr_dist_retired_plant_km
16027,Canyon County,ID,0.5479179043920486,756,0.6045583895673101,0.6017854723698546,0.421504776799558,0.7424224102308971,0.6499892957653868,0.6310182097218229,0.25637002807649606,0,,0,0,0,0,0,0,0,prm_moratorium_active,haz_karst_exposed_pct,prm_pct_tribal,cob_persistent_poverty,cob_energy_community,pwr_dist_retired_plant_km
17009,Brown County,IL,0.5478181042660817,757,0.6313153142092466,0.3747486271775625,0.657275532672658,0.770330639233105,0.7484930246262009,0.5438231249404373,0.2671821358059832,0,,0,0,0,0,0,0,0,prm_pop_density_km2,prm_pct_tribal,prm_moratorium_active,crb_queue_clean_mw,crb_clean_gen_mw,pwr_substations_230kv_n
20015,Butler County,KS,0.5475677912598291,758,0.7190423498286627,0.6563949447099453,0.5320005753500552,0.8678615137326466,0.4305514114803571,0.6402794921702021,0.12350464554017801,0,,0,0,0,0,0,0,0,prm_contested_total,lnd_pct_buildable,crb_wind_cf,cob_persistent_poverty,cob_energy_community,cob_ghgrp_combustion_facilities_n
55141,Wood County,WI,0.5474741602316476,759,0.6594324069527872,0.45220343935346,0.4323888524940697,0.8221397288498574,0.712702019186636,0.434775925440277,0.38411124154700815,0,,0,0,0,0,0,0,0,prm_contested_total,cob_heat_demand,haz_karst_exposed_pct,cob_persistent_poverty,cob_energy_community,wtr_grid_water_l_kwh
21039,Carlisle County,KY,0.5473876885435757,760,0.5671003518643689,0.4046616595148266,0.6861051137926794,0.8131436799643563,0.48285903424796933,0.6534692994859838,0.3260245173707257,0,,0,0,0,0,0,0,0,haz_karst_exposed_pct,prm_contested_total,cob_energy_community,cob_lowtemp_ind_heat_tbtu,cob_ghgrp_combustion_facilities_n,cob_persistent_poverty
37015,Bertie County,NC,0.5473324926308034,761,0.5208049889777808,0.5662512657277632,0.6215225068871845,0.8858742400245907,0.5079972394047223,0.3768507516213551,0.360691857657525,0,,0,0,0,0,0,0,0,prm_moratorium_active,cob_persistent_poverty,prm_tax_exemption_status,cob_energy_community,lnd_dist_interstate_km,lnd_dist_cement_km
21085,Grayson County,KY,0.5473168311009772,762,0.5600984542004797,0.4067083313893418,0.5515266805996732,0.8553508767705946,0.6051482031970186,0.679467644842191,0.32726541653954855,0,,0,0,0,0,0,0,0,prm_contested_total,prm_moratorium_active,cob_energy_community,cob_ghgrp_combustion_facilities_n,cob_persistent_poverty,pwr_substations_230kv_n
18183,Whitley County,IN,0.5473149311344645,763,0.6840936775759735,0.4927066223349425,0.5076337506187292,0.7772965803156925,0.7083574427161415,0.7132312903867191,0.1587708812630338,0,,0,0,0,0,0,0,0,prm_contested_total,prm_moratorium_active,prm_moratorium_proposed,cob_ghgrp_combustion_facilities_n,cob_persistent_poverty,cob_energy_community
34007,Camden County,NJ,0.5473134740452569,764,0.7586706938504523,0.39702612874417087,0.6244775387542415,0.6427060977108857,0.5724235985947389,0.7922457828466744,0.2025342291069985,0,,0,0,0,0,0,0,0,prm_moratorium_active,prm_moratorium_proposed,prm_contested_total,cob_persistent_poverty,cob_energy_community,prm_nonattainment
05047,Franklin County,AR,0.547289158107673,765,0.4351254797988671,0.5851318533151891,0.6486296468162515,0.8833756812892034,0.45337765708108496,0.6886086166745095,0.29141631547298946,0,,0,0,0,0,0,0,0,prm_contested_total,haz_karst_exposed_pct,cob_energy_community,cob_persistent_poverty,pwr_substations_230kv_n,pwr_dist_retired_plant_km
48095,Concho County,TX,0.5472477674678844,766,0.6429873587439279,0.7474398175447297,0.33875915511656596,0.8839486644895234,0.5013962136723511,0.522756617703665,0.25026475862775693,0,,0,0,0,0,0,0,0,prm_moratorium_active,lnd_pct_buildable,prm_moratorium_proposed,cob_lowtemp_ind_heat_tbtu,cob_persistent_poverty,lnd_dist_interstate_km
05027,Columbia County,AR,0.5471934691634954,767,0.6935160485767146,0.4607924290562385,0.3997836030887687,0.8835305585570388,0.501523862595438,0.40650574230603453,0.5073959556105293,0,,0,0,0,0,0,0,0,prm_moratorium_proposed,prm_contested_total,haz_karst_exposed_pct,lnd_dist_interstate_km,lnd_dist_ixp_km,crb_clean_gen_mw
21069,Fleming County,KY,0.5471335666198577,768,0.6331126770099507,0.28874655931392873,0.7170655400579568,0.8649861261380479,0.5071304157193118,0.7007942249192283,0.3541464871926422,0,,0,0,0,0,0,0,0,prm_nonattainment,lnd_pct_buildable,prm_moratorium_active,cob_persistent_poverty,pwr_substations_230kv_n,cob_ghgrp_combustion_facilities_n
42047,Elk County,PA,0.5469785155429645,769,0.6522205725849339,0.3020133041987398,0.613474843729201,0.8432224089677254,0.831194127447316,0.4416240280684009,0.38781477820884386,0,,0,0,0,0,0,0,0,prm_moratorium_active,prm_moratorium_proposed,cob_energy_community,cob_persistent_poverty,crb_clean_gen_mw,pwr_dist_retired_plant_km
20099,Labette County,KS,0.5469769357682851,770,0.6547906763375609,0.5696323491976492,0.6405126123744542,0.866287669289962,0.41977034631480026,0.599568026387735,0.16108657938753201,0,,0,0,0,0,0,0,0,prm_nonattainment,prm_moratorium_active,prm_moratorium_proposed,cob_persistent_poverty,cob_energy_community,cob_ghgrp_combustion_facilities_n
45079,Richland County,SC,0.5469655657402694,771,0.5916331852402765,0.5561957242192406,0.59123837646372,0.8342670192797949,0.48410283391862685,0.7315300426908479,0.17819815938027914,0,,0,0,0,0,0,0,0,prm_contested_total,prm_pct_tribal,prm_moratorium_active,cob_persistent_poverty,cob_energy_community,pwr_dist_hv345_line_km
54061,Monongalia County,WV,0.5469311359809742,772,0.6557766377103923,0.29484113612811685,0.5582020738532629,0.809280650467963,0.7474229636712459,0.7168486693182952,0.33564103214062574,0,,0,0,0,0,0,0,0,prm_contested_total,cob_energy_community,prm_moratorium_active,cob_ghgrp_combustion_facilities_n,cob_persistent_poverty,cob_lowtemp_ind_heat_tbtu
21147,McCreary County,KY,0.5468713203338401,773,0.47664418430250954,0.36975447073004075,0.621362603394557,0.8725568956345311,0.5937409201404329,0.5728625062495651,0.5391680694723464,0,,0,0,0,0,0,0,0,prm_pct_tribal,cob_persistent_poverty,cob_energy_community,cob_lowtemp_ind_heat_tbtu,cob_ghgrp_combustion_facilities_n,crb_queue_clean_mw
18011,Boone County,IN,0.546796677904737,774,0.7153091998598731,0.49695462842193405,0.5848272576611672,0.7340245768328709,0.7455293239981294,0.76617964965893,0.10942070386208541,0,,0,0,0,0,0,0,0,prm_moratorium_active,prm_nonattainment,haz_karst_exposed_pct,cob_persistent_poverty,cob_energy_community,crb_clean_gen_mw
08113,San Miguel County,CO,0.5466975723107711,775,0.5756604090477654,0.47502304303501247,0.5937367617265237,0.8782649770966767,0.6420761885448587,0.4098435988544707,0.3097312754270795,0,,0,0,0,0,0,0,0,lnd_pct_buildable,prm_moratorium_active,cob_energy_community,crb_queue_clean_mw,lnd_dist_interstate_km,lnd_dist_ixp_km
31025,Cass County,NE,0.5464117201462345,776,0.7506544414455737,0.5025827486231235,0.6737496319024293,0.8120784516792596,0.5638059434930701,0.6710697831580438,0.10046531908932407,0,,0,0,0,0,0,0,0,prm_contested_total,prm_moratorium_active,prm_moratorium_proposed,cob_ghgrp_combustion_facilities_n,crb_clean_gen_mw,cob_persistent_poverty
39105,Meigs County,OH,0.546386710820662,777,0.6073695215520861,0.31905819002230273,0.6575946425162659,0.8302921795702386,0.6479918103802067,0.5405645953274522,0.39286011582629243,0,,0,0,0,0,0,0,0,prm_moratorium_proposed,cob_energy_community,prm_moratorium_active,cob_lowtemp_ind_heat_tbtu,cob_persistent_poverty,pwr_substations_230kv_n
18101,Martin County,IN,0.5462816992322067,778,0.6391175960665241,0.4463800073802764,0.4409977319930632,0.865205466208807,0.5678415881247729,0.6625289692164794,0.305249389496474,0,,0,0,0,0,0,0,0,prm_contested_total,cob_energy_community,prm_moratorium_active,cob_ghgrp_combustion_facilities_n,cob_persistent_poverty,pwr_substations_230kv_n
42011,Berks County,PA,0.546252320995721,779,0.805556418588158,0.3589124671085457,0.5338760208486277,0.6591292251638098,0.6992410720144397,0.8078084162580654,0.20416941183350681,0,,0,0,0,0,0,0,0,prm_pct_tribal,prm_moratorium_active,prm_moratorium_proposed,prm_nonattainment,cob_persistent_poverty,cob_energy_community
47059,Greene County,TN,0.5462200342863303,780,0.6643332408355854,0.39246921307859967,0.6281649793589803,0.858237274963093,0.6390037289389807,0.6858256958330781,0.1804422493996779,0,,0,0,0,0,0,0,0,prm_pct_tribal,prm_moratorium_active,prm_moratorium_proposed,cob_energy_community,cob_persistent_poverty,pwr_substations_230kv_n
21055,Crittenden County,KY,0.5461960813814569,781,0.48920496198591207,0.4692684786837679,0.7212954834853005,0.8552068726920046,0.442884262459145,0.6104782231175038,0.33947704694862824,0,,0,0,0,0,0,0,0,prm_moratorium_active,prm_pct_tribal,prm_moratorium_proposed,cob_lowtemp_ind_heat_tbtu,crb_clean_gen_mw,cob_persistent_poverty
17039,De Witt County,IL,0.5461857647306045,782,0.6770641662348604,0.5394110061483816,0.5883396272053002,0.7100406610014312,0.6554700672075502,0.5279106403675442,0.1811683120043503,0,,0,0,0,0,0,0,0,prm_moratorium_active,haz_karst_exposed_pct,prm_moratorium_proposed,cob_ghgrp_combustion_facilities_n,cob_persistent_poverty,cob_energy_community
19001,Adair County,IA,0.5461139881783126,783,0.639984044061738,0.5195952870799895,0.5887863243909529,0.8310400907710437,0.6444696137257376,0.5915992568965777,0.15684255902691713,0,,0,0,0,0,0,0,0,prm_moratorium_active,haz_karst_exposed_pct,prm_moratorium_proposed,cob_lowtemp_ind_heat_tbtu,cob_persistent_poverty,cob_ghgrp_combustion_facilities_n
42051,Fayette County,PA,0.546000921918712,784,0.6911565554234921,0.3647652201088219,0.4519373364864839,0.7074278046430926,0.718760536834014,0.6661657520509937,0.37664690598181916,0,,0,0,0,0,0,0,0,prm_moratorium_active,prm_moratorium_proposed,cob_energy_community,cob_ghgrp_combustion_facilities_n,cob_persistent_poverty,prm_nonattainment
16087,Washington County,ID,0.5459034985373502,785,0.4828042268897525,0.6305465159559962,0.4119719302530057,0.8673050397929363,0.5574813164155373,0.682316037086448,0.32930358649349245,0,,0,0,0,0,0,0,0,prm_pop_density_km2,prm_moratorium_active,haz_karst_exposed_pct,cob_ghgrp_combustion_facilities_n,cob_persistent_poverty,pwr_dist_retired_plant_km
26143,Roscommon County,MI,0.5458303266226014,786,0.40811946758173995,0.3933301789046716,0.6667969315821358,0.8732231262824126,0.8023856284276635,0.5580913044845875,0.45448004171666945,0,,0,0,0,0,0,0,0,prm_pct_tribal,prm_nonattainment,prm_moratorium_active,cob_lowtemp_ind_heat_tbtu,crb_queue_clean_mw,pwr_dist_retired_plant_km
19141,O'Brien County,IA,0.5458230201788801,787,0.6584559056863822,0.5035969643468688,0.7311720384449847,0.8100837139941044,0.6204628284394407,0.30182008929523535,0.23698564276333006,0,,0,0,0,0,0,0,0,prm_pop_density_km2,prm_moratorium_proposed,haz_karst_exposed_pct,cob_persistent_poverty,cob_energy_community,lnd_dist_interstate_km
34021,Mercer County,NJ,0.5457341140135481,788,0.7788788772130074,0.400154941033254,0.5681235771751957,0.6435919332199703,0.5653070586429744,0.786643540750938,0.21474544470098017,0,,0,0,0,0,0,0,0,prm_contested_total,haz_karst_exposed_pct,prm_moratorium_active,cob_persistent_poverty,cob_energy_community,prm_nonattainment
29189,St. Louis County,MO,0.5457020951705424,789,0.7263469576448167,0.3616099484514189,0.8517224044050431,0.6474387624409568,0.6264687395137801,0.6861293894114575,0.1677474388532411,0,,0,0,0,0,0,0,0,wtr_bws_2050_score,prm_moratorium_proposed,wtr_wwtp_flow_mgd,cob_ghgrp_combustion_facilities_n,cob_persistent_poverty,cob_energy_community
21141,Logan County,KY,0.5456994442043254,790,0.58361633308485,0.5180171480483691,0.5049969722304496,0.7935945651718,0.5254924594989492,0.6114058923479669,0.3069078585400367,0,,0,0,0,0,0,0,0,prm_moratorium_proposed,cob_energy_community,prm_moratorium_active,cob_persistent_poverty,pwr_substations_230kv_n,cob_ghgrp_combustion_facilities_n
33013,Merrimack County,NH,0.5456613060764206,791,0.5858022436354015,0.5205445328961107,0.7285007551277551,0.8270685301891154,0.6461063303264155,0.5565629922118775,0.1461435113774022,0,,0,0,0,0,0,0,0,prm_moratorium_active,haz_karst_exposed_pct,prm_moratorium_proposed,pwr_ind_price_cents_kwh,cob_persistent_poverty,cob_energy_community
01103,Morgan County,AL,0.5456388867992485,792,0.6274967640442863,0.3854463679306158,0.6842487606992684,0.8257022904264786,0.45455878211863976,0.7889434001722542,0.23816644584553723,0,,0,0,0,0,0,0,0,prm_pct_tribal,prm_moratorium_active,prm_moratorium_proposed,cob_persistent_poverty,cob_energy_community,crb_queue_clean_mw
21075,Fulton County,KY,0.5456195056250156,793,0.5056422163188109,0.40603691927431224,0.6794598385244263,0.7983250764119535,0.471213225729441,0.5387185543342633,0.5235170942795806,0,,0,0,0,0,0,0,0,haz_karst_exposed_pct,prm_pct_tribal,cob_persistent_poverty,cob_ghgrp_combustion_facilities_n,crb_queue_clean_mw,pwr_substations_230kv_n
17065,Hamilton County,IL,0.5455346336133534,794,0.560786219804572,0.43904436066776054,0.6029061866177811,0.7412131938682409,0.6186254343677319,0.6156762529481291,0.32231796822546627,0,,0,0,0,0,0,0,0,prm_moratorium_proposed,prm_pct_tribal,prm_moratorium_active,cob_lowtemp_ind_heat_tbtu,cob_persistent_poverty,cob_ghgrp_combustion_facilities_n
19065,Fayette County,IA,0.5454333998818964,795,0.5877980388084028,0.4524857161641642,0.724258068068734,0.8209518417221847,0.6715248214557188,0.5003336064406144,0.20294966623746996,0,,0,0,0,0,0,0,0,prm_pct_tribal,prm_moratorium_active,prm_moratorium_proposed,cob_ghgrp_combustion_facilities_n,cob_persistent_poverty,cob_energy_community
27137,St. Louis County,MN,0.5454101498286608,796,0.5773965812257956,0.4333902031853463,0.7254833569628032,0.8523309641329577,0.8315327304205287,0.3283332738687636,0.26458103556278034,0,,0,0,0,0,0,0,0,cob_heat_demand,haz_alr_coastal_flood,haz_karst_exposed_pct,cob_persistent_poverty,cob_energy_community,pwr_dist_retired_plant_km
50003,Bennington County,VT,0.5453901020465285,797,0.45620079251488077,0.5480808596608719,0.8260580929592412,0.8802282171971543,0.7080320839147684,0.47073479222032866,0.1869695340066762,0,,0,0,0,0,0,0,0,prm_nonattainment,cob_heat_demand,haz_karst_exposed_pct,cob_persistent_poverty,cob_energy_community,pwr_substations_230kv_n
24001,Allegany County,MD,0.5453719033962241,798,0.6611342622345004,0.318556273007193,0.6519040004614969,0.7964456827500751,0.7081490803503872,0.6841144857966484,0.2502027354693732,0,,0,0,0,0,0,0,0,prm_pct_tribal,prm_moratorium_active,prm_moratorium_proposed,cob_persistent_poverty,cob_energy_community,cob_ghgrp_combustion_facilities_n
39143,Sandusky County,OH,0.5453500460744755,799,0.6492318580282797,0.2666892558439661,0.7555173433306767,0.7200590412740778,0.6933528031030366,0.6584465427114542,0.35462584206231856,0,,0,0,0,0,0,0,0,prm_pct_tribal,prm_moratorium_active,prm_moratorium_proposed,cob_persistent_poverty,pwr_substations_230kv_n,cob_ghgrp_combustion_facilities_n
21199,Pulaski County,KY,0.5453004332119693,800,0.624397666704407,0.37407836982460363,0.5866269456189521,0.8489073052870542,0.5745655928574892,0.5982991501815059,0.31836076262785934,0,,0,0,0,0,0,0,0,prm_moratorium_active,cob_energy_community,prm_moratorium_proposed,cob_persistent_poverty,crb_queue_clean_mw,cob_ghgrp_combustion_facilities_n
16055,Kootenai County,ID,0.5452129881136843,801,0.6302703937795411,0.5045188285485871,0.5873480063907063,0.8083867879685069,0.7619838299816392,0.5467036634459125,0.1610844636354618,0,,0,0,0,0,0,0,0,prm_nonattainment,prm_moratorium_active,prm_moratorium_proposed,lnd_dist_cement_km,cob_ghgrp_combustion_facilities_n,cob_persistent_poverty
30013,Cascade County,MT,0.5452020897269053,802,0.48340139465413773,0.604583227341639,0.5095020576825149,0.825741662888159,0.6636207565195988,0.6028856538451832,0.26021758926781113,0,,0,0,0,0,0,0,0,prm_contested_total,cob_heat_demand,prm_moratorium_active,crb_queue_clean_mw,cob_persistent_poverty,cob_energy_community
42081,Lycoming County,PA,0.5451657270250987,803,0.6902015524989469,0.3838541679115114,0.59788871556374,0.8205431668515225,0.7155121173831187,0.6604684851799831,0.18092032336108738,0,,0,0,0,0,0,0,0,prm_pct_tribal,prm_moratorium_active,prm_moratorium_proposed,cob_ghgrp_combustion_facilities_n,cob_persistent_poverty,cob_energy_community
27083,Lyon County,MN,0.5451159703151659,804,0.5963643898152569,0.5518615498142063,0.7153170508474413,0.771360133601508,0.6899070619284171,0.25977522529056324,0.2867128089221058,0,,0,0,0,0,0,0,0,prm_pct_tribal,prm_nonattainment,prm_moratorium_active,cob_persistent_poverty,cob_energy_community,pwr_dist_retired_plant_km
21201,Robertson County,KY,0.5450594322998751,805,0.6720794434822792,0.2166496007742707,0.6930821714740512,0.8802848670151231,0.5984651260110065,0.5604099765052805,0.5446185005618095,0,,0,0,0,0,0,0,0,prm_moratorium_proposed,cob_persistent_poverty,cob_energy_community,cob_lowtemp_ind_heat_tbtu,cob_ghgrp_combustion_facilities_n,pwr_substations_230kv_n
05099,Nevada County,AR,0.5448717433679162,806,0.5884679418833516,0.45807642627071476,0.42753806305221626,0.8858299888033058,0.46483875685458403,0.5218657446705212,0.5339683547868289,0,,0,0,0,0,0,0,0,prm_moratorium_active,prm_nonattainment,cob_persistent_poverty,lnd_dist_ixp_km,pwr_substations_230kv_n,cob_ghgrp_combustion_facilities_n
45029,Colleton County,SC,0.5447543405524036,807,0.628935567014232,0.5323087151016971,0.45575926028399766,0.8653540397432014,0.41450642321846903,0.661689800990292,0.29234745537179757,0,,0,0,0,0,0,0,0,prm_moratorium_active,cob_energy_community,prm_moratorium_proposed,cob_persistent_poverty,cob_ghgrp_combustion_facilities_n,wtr_wwtp_flow_mgd
30017,Custer County,MT,0.5447446171337861,808,0.5410090891950599,0.5607720631360589,0.4481480270336474,0.8516979419333267,0.6043306687264542,0.538760154340026,0.32796933649023086,0,,0,0,0,0,0,0,0,prm_pct_tribal,haz_karst_exposed_pct,cob_energy_community,cob_persistent_poverty,lnd_dist_eaf_steel_km,lnd_dist_cement_km
37097,Iredell County,NC,0.544736132591897,809,0.6881039817460258,0.5123364863164912,0.5262352602324111,0.834976521696682,0.6393397178754415,0.6984672353941979,0.13417275139421803,0,,0,0,0,0,0,0,0,prm_pct_tribal,haz_karst_exposed_pct,prm_moratorium_active,cob_persistent_poverty,cob_energy_community,crb_wind_cf
01101,Montgomery County,AL,0.5445473653830918,810,0.6400407634467195,0.509871262766031,0.5669444741320337,0.821480475492571,0.5560012831751994,0.8321742447891799,0.13988596061152234,0,,0,0,0,0,0,0,0,prm_nonattainment,prm_moratorium_active,prm_moratorium_proposed,cob_persistent_poverty,cob_energy_community,pwr_dist_retired_plant_km
49029,Morgan County,UT,0.5445326908691985,811,0.6643603351185954,0.4286389579300482,0.528603618355102,0.8710990294084042,0.6355057687193608,0.8790867774055084,0.14833333333333332,0,,0,0,0,0,0,0,0,prm_pct_tribal,prm_nonattainment,cob_heat_demand,cob_lowtemp_ind_heat_tbtu,crb_queue_clean_mw,crb_wind_cf
56031,Platte County,WY,0.5444885546349878,812,0.6374104911850159,0.6589103873306783,0.3782551247384483,0.8911249817411646,0.6144733024968435,0.6140576229787928,0.17700296988279277,0,,0,0,0,0,0,0,0,prm_pct_tribal,prm_moratorium_active,prm_moratorium_proposed,cob_persistent_poverty,cob_energy_community,cob_ghgrp_combustion_facilities_n
33009,Grafton County,NH,0.5443237937377042,813,0.5769875655877564,0.5399246252109623,0.7388726455112982,0.8494609306964154,0.6366471222294244,0.43642026120648764,0.16804831568855486,0,,0,0,0,0,0,0,0,haz_karst_exposed_pct,cob_heat_demand,prm_moratorium_active,pwr_ind_price_cents_kwh,cob_persistent_poverty,cob_energy_community
27127,Redwood County,MN,0.5443008372283392,814,0.5919530515478467,0.5266889527655081,0.7016682237323826,0.7748379064470378,0.7349336009475439,0.30368202941900085,0.2563771218194231,0,,0,0,0,0,0,0,0,prm_nonattainment,prm_contested_total,haz_karst_exposed_pct,cob_persistent_poverty,cob_energy_community,pwr_substations_230kv_n
38055,McLean County,ND,0.544294440813276,815,0.7351228347834465,0.4861770637972166,0.6898445676280326,0.8150684160021914,0.7242759359679309,0.16901511691806345,0.31869082594602405,0,,0,0,0,0,0,0,0,prm_price_growth_pct,prm_nonattainment,cob_heat_demand,cob_ghgrp_combustion_facilities_n,cob_persistent_poverty,lnd_dist_ixp_km
06025,Imperial County,CA,0.5442290682392626,816,0.6266867138734377,0.7634889423328265,0.3039583321628737,0.5744803791316949,0.5136366720699544,0.6109094135695868,0.4523708367935944,0,,0,0,0,0,0,0,0,pwr_substations_230kv_n,cob_unemp_rate,lnd_pct_buildable,pwr_ind_price_cents_kwh,cob_energy_community,prm_price_growth_pct
48007,Aransas County,TX,0.5441475551872416,817,0.5690962095849951,0.5534742034512957,0.6326940442641519,0.8760968921924539,0.3641445814823414,0.5286520353945071,0.28715766756521716,0,,0,0,0,0,0,0,0,prm_moratorium_proposed,prm_contested_total,cob_energy_community,cob_persistent_poverty,pwr_substations_230kv_n,crb_queue_clean_mw
22009,Avoyelles Parish,LA,0.5441357605222735,818,0.5108500921691145,0.4360868959440591,0.7000172399501349,0.8242077335100021,0.43744485006780187,0.4609995243645357,0.5026360754486774,0,,0,0,0,0,0,0,0,prm_moratorium_active,prm_nonattainment,wtr_bws_score,cob_ghgrp_combustion_facilities_n,crb_clean_gen_mw,lnd_dist_cement_km
27055,Houston County,MN,0.5439932173588964,819,0.5648461341198808,0.39110290288389243,0.6152072233886737,0.8377644172235207,0.6946895596533323,0.542716164113572,0.3097320096933488,0,,0,0,0,0,0,0,0,prm_moratorium_active,cob_heat_demand,cob_energy_community,cob_persistent_poverty,pwr_substations_230kv_n,cob_ghgrp_combustion_facilities_n
29027,Callaway County,MO,0.5439927005162893,820,0.6072362450486696,0.5377729132539062,0.7565716331462774,0.8479076380029306,0.6049939037621866,0.6057545654341677,0.11031133836300762,0,,0,0,0,0,0,0,0,wtr_bws_2050_score,prm_moratorium_active,prm_moratorium_proposed,cob_persistent_poverty,cob_energy_community,pwr_dist_retired_plant_km
17093,Kendall County,IL,0.5439670165691746,821,0.7325893722003324,0.38553324322448673,0.4957813709137686,0.5699875188208781,0.738645140192109,0.6854483362672473,0.3288343111790988,0,,0,0,0,0,0,0,0,prm_contested_total,prm_pct_tribal,prm_moratorium_active,cob_persistent_poverty,cob_poverty_pct,cob_ghgrp_combustion_facilities_n
17121,Marion County,IL,0.543936465091947,822,0.5542354254714319,0.46121605877738076,0.5393920672547073,0.7377786562205298,0.6152740072516347,0.6197136148327022,0.349398310731851,0,,0,0,0,0,0,0,0,prm_nonattainment,cob_energy_community,haz_karst_exposed_pct,cob_ghgrp_combustion_facilities_n,cob_persistent_poverty,pwr_substations_230kv_n
29147,Nodaway County,MO,0.5438852126853165,823,0.5616759989134564,0.6308970883992923,0.6230160913513878,0.8161315052088929,0.6076250591312209,0.5612646336823014,0.14930893593817923,0,,0,0,0,0,0,0,0,prm_moratorium_active,prm_pop_density_km2,haz_karst_exposed_pct,cob_ghgrp_combustion_facilities_n,cob_persistent_poverty,pwr_dist_retired_plant_km
40017,Canadian County,OK,0.5438764466723051,824,0.8452960829566957,0.6757375515612153,0.4923635730746888,0.7896483389001814,0.40121356839365274,0.787145903419587,0.08669064239224775,0,,0,0,0,0,0,0,0,prm_nonattainment,prm_moratorium_active,prm_moratorium_proposed,cob_persistent_poverty,cob_energy_community,cob_ghgrp_combustion_facilities_n
40061,Haskell County,OK,0.5437865614660381,825,0.5398746070670845,0.4643945499861889,0.6407086281938555,0.8731174775454535,0.4395243075601166,0.5933949992736675,0.3198282762207593,0,,0,0,0,0,0,0,0,prm_moratorium_proposed,prm_nonattainment,cob_energy_community,crb_queue_clean_mw,cob_persistent_poverty,pwr_substations_230kv_n
47163,Sullivan County,TN,0.5436893126119106,826,0.6542659045568026,0.41628659492830355,0.7057114807032147,0.7299522551695022,0.6628439758074693,0.6886612071039205,0.1646807247122432,0,,0,0,0,0,0,0,0,prm_pct_tribal,prm_moratorium_active,prm_moratorium_proposed,crb_queue_clean_mw,prm_nonattainment,cob_persistent_poverty
17061,Greene County,IL,0.5435485471718103,827,0.5276918088913073,0.44098540735158825,0.6878801224920478,0.7381740326674893,0.6994936422591427,0.4815174473682047,0.32906367096710576,0,,0,0,0,0,0,0,0,prm_moratorium_proposed,cob_energy_community,prm_moratorium_active,cob_ghgrp_combustion_facilities_n,cob_persistent_poverty,crb_clean_gen_mw
46029,Codington County,SD,0.5433974223951046,828,0.6675854356302254,0.5586353825089503,0.5443463914277645,0.800352915253756,0.5777472389511569,0.4940903340203897,0.18973607682279767,0,,0,0,0,0,0,0,0,prm_nonattainment,prm_moratorium_active,prm_moratorium_proposed,cob_persistent_poverty,cob_energy_community,cob_unemp_rate
13299,Ware County,GA,0.543369183802874,829,0.6393063982678643,0.5208356457176309,0.4715266527177751,0.9256633665727122,0.44332287448680263,0.5008770364464961,0.30334624876297683,0,,0,0,0,0,0,0,0,prm_moratorium_active,prm_contested_total,cob_persistent_poverty,cob_energy_community,lnd_dist_interstate_km,cob_ghgrp_combustion_facilities_n
48339,Montgomery County,TX,0.5433507769909474,830,0.7099217565048214,0.4610938562822384,0.5350516359888192,0.7354098117371155,0.36593059585116994,0.7908367970939093,0.26881022575902475,0,,0,0,0,0,0,0,0,prm_contested_total,haz_karst_exposed_pct,cob_energy_community,cob_persistent_poverty,prm_nonattainment,crb_clean_gen_mw
20049,Elk County,KS,0.543329150503057,831,0.6423816674293095,0.6413465145341861,0.5005695022285364,0.8977597181067732,0.43863513994558817,0.5547609064310461,0.1801242587380078,0,,0,0,0,0,0,0,0,prm_contested_total,prm_moratorium_proposed,lnd_pct_buildable,cob_persistent_poverty,cob_energy_community,cob_ghgrp_combustion_facilities_n
48267,Kimble County,TX,0.5433103488741736,832,0.638678204546898,0.6290776933697825,0.4335289256899286,0.9032166180757039,0.3908016176210673,0.5824872637697113,0.24816107671967497,0,,0,0,0,0,0,0,0,prm_moratorium_active,lnd_pct_buildable,prm_moratorium_proposed,cob_persistent_poverty,lnd_dist_brownfield_or_retired_km,pwr_dist_retired_plant_km
40091,McIntosh County,OK,0.5433033284963386,833,0.5961669229235692,0.6124390898683696,0.5547625632745775,0.869751348655811,0.36879359760568514,0.7209627857714874,0.18964941087668818,0,,0,0,0,0,0,0,0,prm_pct_tribal,haz_karst_exposed_pct,prm_moratorium_active,cob_lowtemp_ind_heat_tbtu,cob_persistent_poverty,cob_energy_community
37145,Person County,NC,0.543051475694846,834,0.7068586301278328,0.5328457695934492,0.5124939784081745,0.8828261413723744,0.6775008677746389,0.5281527823526945,0.13645210647757358,0,,0,0,0,0,0,0,0,haz_karst_exposed_pct,prm_tax_exemption_status,prm_moratorium_active,cob_persistent_poverty,cob_energy_community,cob_ghgrp_combustion_facilities_n
37147,Pitt County,NC,0.5429825479622997,835,0.5400282915136098,0.5623643051291711,0.5664186938284244,0.8236595748088493,0.559711663731954,0.4130384997615495,0.3305426867193735,0,,0,0,0,0,0,0,0,prm_contested_total,cob_persistent_poverty,prm_moratorium_active,lnd_dist_cement_km,lnd_dist_interstate_km,cob_energy_community
18057,Hamilton County,IN,0.5427822031501894,836,0.7473895346859567,0.4996177175864755,0.5570786342926459,0.7382857159732821,0.7075860316053041,0.7543843123232173,0.10430884104051695,0,,0,0,0,0,0,0,0,prm_moratorium_active,haz_karst_exposed_pct,prm_pct_tribal,cob_persistent_poverty,cob_energy_community,cob_poverty_pct
05143,Washington County,AR,0.5427468065800706,837,0.576769757558858,0.5261115448347056,0.6918103339449729,0.8403405954690185,0.4908104503432972,0.7744423023548332,0.14036562429215116,0,,0,0,0,0,0,0,0,prm_pct_tribal,prm_moratorium_active,prm_moratorium_proposed,cob_persistent_poverty,cob_energy_community,cob_ghgrp_combustion_facilities_n
31021,Burt County,NE,0.5427357595403449,838,0.6612724517686238,0.5126112737841664,0.5054020158985035,0.8117555490056639,0.6248771881970341,0.632694605414928,0.1765414104383636,0,,0,0,0,0,0,0,0,prm_contested_total,haz_karst_exposed_pct,prm_moratorium_active,cob_persistent_poverty,cob_energy_community,cob_ghgrp_combustion_facilities_n
08029,Delta County,CO,0.5426289970260268,839,0.5586010065314239,0.48880254296835235,0.49190145057518364,0.8721735361595815,0.6941749087379828,0.3975918557253933,0.37268171244674475,0,,0,0,0,0,0,0,0,prm_nonattainment,haz_karst_exposed_pct,cob_energy_community,cob_persistent_poverty,cob_ghgrp_combustion_facilities_n,lnd_dist_interstate_km
19131,Mitchell County,IA,0.5426222493468927,840,0.594891201202418,0.555188949848593,0.5816968909587235,0.8100837139941044,0.6546946264781401,0.480948461851843,0.19644574506837148,0,,0,0,0,0,0,0,0,haz_karst_exposed_pct,cob_heat_demand,prm_moratorium_active,cob_persistent_poverty,cob_energy_community,pwr_dist_retired_plant_km
27061,Itasca County,MN,0.5425912888460085,841,0.7236866674360181,0.4724041366431423,0.5792685342928952,0.8236161225133661,0.8360255667636747,0.25963877780955275,0.24291592394474754,0,,0,0,0,0,0,0,0,prm_pop_density_km2,cob_heat_demand,haz_karst_exposed_pct,cob_persistent_poverty,cob_energy_community,lnd_dist_cement_km
13059,Clarke County,GA,0.5425837385223347,842,0.6216044603521126,0.4063215885008318,0.5172649602821824,0.8650915041704196,0.6394005690326109,0.5124246573786478,0.3246423349210256,0,,0,0,0,0,0,0,0,prm_moratorium_proposed,cob_persistent_poverty,haz_karst_exposed_pct,cob_energy_community,cob_ghgrp_combustion_facilities_n,crb_queue_clean_mw
22067,Morehouse Parish,LA,0.5425649272898834,843,0.6618041611702603,0.5567354189241961,0.44212586471527276,0.8098971147958579,0.38634060693715505,0.3400246983120206,0.5588559300157848,0,,0,0,0,0,0,0,0,prm_pct_tribal,haz_karst_exposed_pct,cob_persistent_poverty,pwr_substations_230kv_n,cob_ghgrp_combustion_facilities_n,cob_lowtemp_ind_heat_tbtu
18049,Fulton County,IN,0.5425090268915663,844,0.658501315476465,0.4182120747524406,0.6195458554472324,0.7764800317048082,0.6772900480284413,0.5964512391338083,0.19727678544953947,0,,0,0,0,0,0,0,0,prm_moratorium_active,haz_karst_exposed_pct,prm_pct_tribal,crb_queue_clean_mw,lnd_dist_interstate_km,crb_clean_gen_mw
21207,Russell County,KY,0.5422975470533126,845,0.41941358195457573,0.49598899862140844,0.5688538876850197,0.8550402606343928,0.5791478015601776,0.5624405174879787,0.4757362987278322,0,,0,0,0,0,0,0,0,prm_pct_tribal,prm_moratorium_active,cob_persistent_poverty,cob_lowtemp_ind_heat_tbtu,lnd_dist_interstate_km,pwr_substations_230kv_n
55089,Ozaukee County,WI,0.5422914587119246,846,0.7192804233449154,0.46576292540742587,0.5250696011542988,0.6483377344534546,0.7786903406809472,0.8203108865883437,0.1416068101919067,0,,0,0,0,0,0,0,0,prm_moratorium_proposed,prm_pct_tribal,prm_moratorium_active,cob_ghgrp_combustion_facilities_n,cob_persistent_poverty,cob_energy_community
44009,Washington County,RI,0.5422504814788437,847,0.5193376630300791,0.6313658424782563,0.6866000140056974,0.7853443475642861,0.6504368567136684,0.5481433567910393,0.15057702742576903,0,,0,0,0,0,0,0,0,prm_nonattainment,haz_karst_exposed_pct,prm_moratorium_active,pwr_ind_price_cents_kwh,cob_persistent_poverty,cob_energy_community
18111,Newton County,IN,0.5422279912435415,848,0.5744280127743517,0.4947702429938422,0.3809211106925567,0.7836309232498749,0.6646238771825181,0.6830047801515161,0.35657834531525356,0,,0,0,0,0,0,0,0,prm_moratorium_active,cob_energy_community,haz_karst_exposed_pct,cob_persistent_poverty,pwr_substations_230kv_n,cob_ghgrp_combustion_facilities_n
48337,Montague County,TX,0.5422187655811178,849,0.5672078662654609,0.6434934612056911,0.5115008634347676,0.8993864784609763,0.40280791256543025,0.4908033583922833,0.27411856187019784,0,,0,0,0,0,0,0,0,prm_pop_density_km2,prm_nonattainment,prm_moratorium_active,cob_persistent_poverty,lnd_dist_brownfield_or_retired_km,pwr_substations_230kv_n
22079,Rapides Parish,LA,0.5421183284682444,850,0.699645757619255,0.4508879180934109,0.7196349122140878,0.8418686966988789,0.4447415390203638,0.5596974860028846,0.17190537193589597,0,,0,0,0,0,0,0,0,prm_moratorium_active,prm_pct_tribal,haz_karst_exposed_pct,cob_persistent_poverty,cob_energy_community,lnd_dist_cement_km
55033,Dunn County,WI,0.5420926049987522,851,0.6532805340777229,0.4889641574018054,0.49047912632543944,0.8102301232782245,0.7727614319337305,0.46385432432572843,0.22570770428552026,0,,0,0,0,0,0,0,0,prm_pct_tribal,prm_nonattainment,prm_moratorium_active,cob_persistent_poverty,cob_energy_community,pwr_substations_230kv_n
22031,De Soto Parish,LA,0.5420595338159186,852,0.6595855377215428,0.4410510314233031,0.5516800663117616,0.8773533902678806,0.41760429843717606,0.4729864415766149,0.3589938882580584,0,,0,0,0,0,0,0,0,prm_moratorium_active,prm_moratorium_proposed,cob_energy_community,cob_persistent_poverty,crb_clean_gen_mw,cob_lowtemp_ind_heat_tbtu
46027,Clay County,SD,0.5420578953760966,853,0.5564476684449425,0.41961258101682225,0.664293097924791,0.7890053768280885,0.52815296165565,0.5594798385311949,0.33860409777140854,0,,0,0,0,0,0,0,0,prm_moratorium_active,cob_persistent_poverty,haz_karst_exposed_pct,crb_clean_gen_mw,lnd_pct_cropland,crb_queue_clean_mw
53003,Asotin County,WA,0.5420441568204514,854,0.6035486846676078,0.5548250505481964,0.6123541175224474,0.8464025362249274,0.639756631217748,0.4815294800689936,0.16702889550534222,0,,0,0,0,0,0,0,0,prm_moratorium_proposed,prm_moratorium_active,lnd_pct_buildable,crb_queue_clean_mw,lnd_dist_interstate_km,crb_clean_gen_mw
05119,Pulaski County,AR,0.5420178111092632,855,0.6995386038112565,0.49539460081854186,0.7381808615530734,0.8132097423548132,0.48273935033373144,0.5167195935486099,0.14659593377145755,0,,0,0,0,0,0,0,0,prm_contested_total,prm_moratorium_proposed,wtr_wwtp_flow_mgd,cob_ghgrp_combustion_facilities_n,cob_persistent_poverty,cob_energy_community
19145,Page County,IA,0.5419064720273539,856,0.6733068445083144,0.5363130440894526,0.6173808184418407,0.8205201542410389,0.5797484248403154,0.48540374698100036,0.15773039346232112,0,,0,0,0,0,0,0,0,prm_moratorium_active,haz_karst_exposed_pct,prm_pct_tribal,cob_ghgrp_combustion_facilities_n,cob_persistent_poverty,cob_energy_community
37195,Wilson County,NC,0.5418660007168702,857,0.65532157059338,0.5656119737554921,0.5111853861408516,0.8220737470708464,0.5185747291041759,0.6019589598031184,0.1813734382234025,0,,0,0,0,0,0,0,0,prm_moratorium_active,prm_moratorium_proposed,prm_contested_total,cob_persistent_poverty,cob_ghgrp_combustion_facilities_n,cob_energy_community
47007,Bledsoe County,TN,0.541805592042576,858,0.5195107228410166,0.4358466226085048,0.5923510373301322,0.8797880579784941,0.5438693952085397,0.6251206674011603,0.3209459952503395,0,,0,0,0,0,0,0,0,prm_moratorium_proposed,cob_energy_community,prm_moratorium_active,cob_ghgrp_combustion_facilities_n,pwr_substations_230kv_n,cob_persistent_poverty
48311,McMullen County,TX,0.5417935671962767,859,0.5648482605510913,0.6173862074978558,0.45892243285537804,0.9032169757997869,0.37204924528548156,0.5524386402550705,0.3325864007416324,0,,0,0,0,0,0,0,0,prm_nonattainment,haz_karst_exposed_pct,cob_energy_community,haz_days_gt95f_2050,lnd_dist_brownfield_or_retired_km,cob_ghgrp_combustion_facilities_n
18069,Huntington County,IN,0.5417220316567445,860,0.702452002524469,0.5035707747947872,0.4860330277298813,0.7746842777099868,0.6454676276093614,0.739622072476218,0.14754663115825592,0,,0,0,0,0,0,0,0,prm_pct_tribal,prm_nonattainment,prm_moratorium_active,crb_clean_gen_mw,cob_energy_community,cob_ghgrp_combustion_facilities_n
21011,Bath County,KY,0.5416527146870728,861,0.568045415224124,0.2514393048491768,0.6975442658905195,0.8659166741123706,0.5048025976066908,0.7183955597871657,0.5317772778941395,0,,0,0,0,0,0,0,0,prm_nonattainment,prm_moratorium_active,cob_persistent_poverty,crb_clean_gen_mw,cob_ghgrp_combustion_facilities_n,pwr_substations_230kv_n
21149,McLean County,KY,0.5416507329424944,862,0.7294636404846943,0.41769462690508846,0.531652283209245,0.7943908250716075,0.5498995388345431,0.49157209865259105,0.2822772567260968,0,,0,0,0,0,0,0,0,haz_karst_exposed_pct,prm_pct_tribal,prm_moratorium_active,cob_persistent_poverty,pwr_substations_230kv_n,cob_ghgrp_combustion_facilities_n
41031,Jefferson County,OR,0.5416401724629073,863,0.6180576397023466,0.7685134688939753,0.5269560352634204,0.8024849398258036,0.6742666300496409,0.46125279783139356,0.11764803086067678,0,,0,0,0,0,0,0,0,prm_moratorium_proposed,lnd_pct_buildable,prm_pop_density_km2,cob_persistent_poverty,cob_energy_community,cob_ghgrp_combustion_facilities_n
46023,Charles Mix County,SD,0.5416289962778202,864,0.6132361511840853,0.4964846172291815,0.6563815162756781,0.7286826402924588,0.5072408221265865,0.39363107044210954,0.34022158429773963,0,,0,0,0,0,0,0,0,prm_moratorium_active,cob_persistent_poverty,prm_pop_density_km2,cob_ghgrp_combustion_facilities_n,lnd_dist_interstate_km,cob_energy_community
30089,Sanders County,MT,0.5415560740331944,865,0.6554550487406999,0.5727988293866142,0.62412813086389,0.8008457651726247,0.6006183083781363,0.381941226031846,0.18484470663133726,0,,0,0,0,0,0,0,0,prm_pop_density_km2,prm_moratorium_active,prm_moratorium_proposed,cob_lowtemp_ind_heat_tbtu,cob_ghgrp_combustion_facilities_n,cob_persistent_poverty
27169,Winona County,MN,0.5415353523913026,866,0.6223955898187564,0.4387078355707019,0.6931259353442087,0.8120659780024084,0.6630686075218674,0.5176654089919996,0.18715149648996837,0,,0,0,0,0,0,0,0,prm_moratorium_active,prm_pct_tribal,prm_moratorium_proposed,cob_persistent_poverty,cob_energy_community,pwr_substations_230kv_n
47029,Cocke County,TN,0.5414143160625791,867,0.4655723536258897,0.3870960337270414,0.6032955072459841,0.8642344009918228,0.6626732782295945,0.7324030772714759,0.3514469431468892,0,,0,0,0,0,0,0,0,prm_moratorium_proposed,cob_persistent_poverty,prm_moratorium_active,pwr_substations_230kv_n,cob_energy_community,crb_clean_gen_mw
26089,Leelanau County,MI,0.5414066390894404,868,0.48946224051611614,0.4292186721159589,0.5682687994438488,0.8514439453542764,0.8448344526794236,0.4902772345961437,0.3425736051161753,0,,0,0,0,0,0,0,0,prm_nonattainment,cob_heat_demand,cob_energy_community,cob_persistent_poverty,lnd_dist_interstate_km,pwr_substations_230kv_n
49011,Davis County,UT,0.541230026816256,869,0.7171018663590134,0.42693141423559045,0.5390132219644512,0.6912049466921786,0.670731495199907,0.8509646480014325,0.15981838857019343,0,,0,0,0,0,0,0,0,prm_moratorium_active,haz_alr_coastal_flood,prm_moratorium_proposed,crb_queue_clean_mw,prm_nonattainment,cob_ghgrp_combustion_facilities_n
20139,Osage County,KS,0.5412163230109446,870,0.6589155275340345,0.573725557114257,0.5498529518233723,0.8703348304217662,0.4571631680410404,0.656573975574851,0.1476935713802992,0,,0,0,0,0,0,0,0,prm_moratorium_proposed,prm_pop_density_km2,prm_moratorium_active,cob_lowtemp_ind_heat_tbtu,cob_persistent_poverty,cob_energy_community
16065,Madison County,ID,0.5412101639534642,871,0.5022875544742613,0.5065028132649578,0.48593976347338375,0.7773442335197931,0.725140652436311,0.4240230168359589,0.46742437655938607,0,,0,0,0,0,0,0,0,cob_persistent_poverty,prm_moratorium_active,prm_moratorium_proposed,crb_queue_clean_mw,cob_energy_community,lnd_dist_ixp_km
24023,Garrett County,MD,0.5411564871289971,872,0.6099212849574384,0.3830655110950872,0.5059367403017077,0.8205487043842481,0.7735097351497335,0.5794621953205427,0.2998769553336253,0,,0,0,0,0,0,0,0,prm_moratorium_active,cob_energy_community,prm_moratorium_proposed,cob_persistent_poverty,pwr_substations_230kv_n,cob_ghgrp_combustion_facilities_n
21173,Montgomery County,KY,0.5411453769681233,873,0.6259387268841312,0.26547068433920085,0.7222031541205352,0.8461808007078812,0.5469599542510474,0.7744140167680054,0.32465876671551264,0,,0,0,0,0,0,0,0,lnd_pct_buildable,prm_moratorium_active,prm_moratorium_proposed,cob_ghgrp_combustion_facilities_n,cob_persistent_poverty,pwr_substations_230kv_n
18149,Starke County,IN,0.5411068431030367,874,0.6876190187030533,0.5635353630445106,0.38202362156437814,0.707096486257649,0.6682486886058947,0.6220386886716976,0.23599236667977075,0,,0,0,0,0,0,0,0,prm_moratorium_proposed,haz_karst_exposed_pct,prm_pct_tribal,cob_persistent_poverty,cob_energy_community,pwr_substations_230kv_n
50005,Caledonia County,VT,0.5410656120564031,875,0.46455339480532626,0.5054404973721331,0.7333654955043397,0.8830934644374809,0.6712881059153138,0.4945481961255525,0.22924853554190439,0,,0,0,0,0,0,0,0,prm_moratorium_active,prm_pct_tribal,cob_heat_demand,cob_persistent_poverty,cob_energy_community,pwr_substations_230kv_n
51197,Wythe County,VA,0.5410124521786728,876,0.5877004252783627,0.35049707577052375,0.5384648781700336,0.9181259592569172,0.6792103617198219,0.7461373879307777,0.25917010507042526,0,,0,0,0,0,0,0,0,prm_moratorium_active,prm_tax_exemption_status,prm_moratorium_proposed,cob_persistent_poverty,cob_ghgrp_combustion_facilities_n,cob_lowtemp_ind_heat_tbtu
08037,Eagle County,CO,0.5409412850329791,877,0.5281502576153121,0.4227355967989719,0.6984188856278022,0.8742701708461382,0.7342118307062938,0.6550522873368033,0.17937880183037583,0,,0,0,0,0,0,0,0,prm_pct_tribal,cob_heat_demand,prm_moratorium_active,crb_queue_clean_mw,cob_persistent_poverty,cob_energy_community
13139,Hall County,GA,0.5409042786081738,878,0.7198032478481402,0.4405796044689255,0.4974764133983318,0.8797719525584377,0.6246716612069657,0.6924175172661262,0.1542965241118036,0,,0,0,0,0,0,0,0,prm_tax_exemption_status,prm_pct_tribal,prm_moratorium_proposed,cob_persistent_poverty,cob_energy_community,crb_clean_gen_mw
48013,Atascosa County,TX,0.5408221375471413,879,0.7191812943394356,0.6222344497300812,0.3070880656946449,0.8915752020825639,0.36955098323503105,0.7546719231947777,0.25990757245082385,0,,0,0,0,0,0,0,0,lnd_pct_buildable,prm_nonattainment,prm_moratorium_active,haz_days_gt95f_2050,cob_persistent_poverty,cob_ghgrp_combustion_facilities_n
53069,Wahkiakum County,WA,0.5408006070564939,880,0.5536886152560505,0.5316265802675882,0.7157675583799513,0.8687235619567515,0.5768232762145598,0.501591074951782,0.1726721783613263,0,,0,0,0,0,0,0,0,prm_moratorium_active,wtr_bws_score,wtr_bws_2050_score,cob_persistent_poverty,haz_alr_coastal_flood,pwr_substations_230kv_n
47041,DeKalb County,TN,0.5407866945842219,881,0.5478427303201674,0.4404127049020177,0.5183880083816289,0.8657044638085598,0.5945118495710482,0.6064507276070156,0.3245460583192112,0,,0,0,0,0,0,0,0,prm_contested_total,cob_energy_community,prm_moratorium_active,cob_persistent_poverty,pwr_substations_230kv_n,pwr_dist_retired_plant_km
37099,Jackson County,NC,0.5407816083191542,882,0.5591730580497758,0.4639566447470675,0.7090264326721096,0.879319261184546,0.6560984684614299,0.5684667083630632,0.16675179213357577,0,,0,0,0,0,0,0,0,prm_tax_exemption_status,prm_moratorium_active,prm_moratorium_proposed,crb_queue_clean_mw,cob_ghgrp_combustion_facilities_n,cob_energy_community
39161,Van Wert County,OH,0.5406958648741579,883,0.6357528565947274,0.38634221624368237,0.7083790434408666,0.7214330167257784,0.7291671473269604,0.6210625096051056,0.19368290570197794,0,,0,0,0,0,0,0,0,prm_moratorium_proposed,wtr_bws_score,wtr_bws_2050_score,lnd_pct_cropland,cob_persistent_poverty,cob_energy_community
26015,Barry County,MI,0.5406485616107394,884,0.5545917545721591,0.45598557183284694,0.6360665013804573,0.8189544355210026,0.7435896819144785,0.6066700935326386,0.1891767247662591,0,,0,0,0,0,0,0,0,prm_pct_tribal,prm_moratorium_active,prm_moratorium_proposed,cob_lowtemp_ind_heat_tbtu,crb_clean_gen_mw,pwr_substations_230kv_n
39031,Coshocton County,OH,0.5406062177919415,885,0.6864256423689358,0.27218461360553203,0.5156862257558035,0.8141311234955448,0.6850145265623175,0.6555355996975489,0.4155605785933085,0,,0,0,0,0,0,0,0,haz_karst_exposed_pct,prm_moratorium_active,prm_moratorium_proposed,cob_persistent_poverty,crb_clean_gen_mw,cob_lowtemp_ind_heat_tbtu
19121,Madison County,IA,0.5406047589757904,886,0.625243834312223,0.48064357260562807,0.6623801381225489,0.8583346395512086,0.6727505363453213,0.5831157359527133,0.133184458733683,0,,0,0,0,0,0,0,0,haz_karst_exposed_pct,prm_moratorium_active,prm_moratorium_proposed,cob_persistent_poverty,cob_energy_community,pwr_dist_retired_plant_km
40103,Noble County,OK,0.540567085827012,887,0.673279217980988,0.6511655541902728,0.5843097480363811,0.8346961050632663,0.4599452975810339,0.7266285781173444,0.09672662560270773,0,,0,0,0,0,0,0,0,lnd_pct_buildable,prm_moratorium_active,prm_moratorium_proposed,cob_lowtemp_ind_heat_tbtu,cob_persistent_poverty,cob_energy_community
17049,Effingham County,IL,0.5405121060493595,888,0.598617855617733,0.4277234542079086,0.6000094440906434,0.7220959921816228,0.582308415485178,0.6241924202419233,0.29283998866159844,0,,0,0,0,0,0,0,0,prm_pct_tribal,cob_energy_community,prm_moratorium_active,cob_ghgrp_combustion_facilities_n,crb_clean_gen_mw,cob_persistent_poverty
45049,Hampton County,SC,0.5404923398480301,889,0.6195535565680963,0.5680939444558697,0.45045382441943893,0.8541767983370256,0.4625416166340312,0.5397659765401117,0.2832776242437898,0,,0,0,0,0,0,0,0,prm_moratorium_active,cob_persistent_poverty,prm_moratorium_proposed,wtr_wwtp_flow_mgd,cob_ghgrp_combustion_facilities_n,cob_energy_community
28143,Tunica County,MS,0.5404066045662285,890,0.6356969853085346,0.5426329260410072,0.6090877156551031,0.7640877912312231,0.4341546501457393,0.33894455382262906,0.37020077351528824,0,,0,0,0,0,0,0,0,prm_pct_tribal,prm_nonattainment,cob_persistent_poverty,cob_ghgrp_combustion_facilities_n,wtr_wwtp_flow_mgd,lnd_dist_ixp_km
45025,Chesterfield County,SC,0.540390041799922,891,0.6771589376233658,0.5555174060333445,0.5773154440129712,0.8751942290899479,0.4787066283682322,0.5434570063778214,0.15437861757182883,0,,0,0,0,0,0,0,0,prm_pct_tribal,prm_moratorium_active,prm_moratorium_proposed,cob_ghgrp_combustion_facilities_n,cob_persistent_poverty,cob_energy_community
48283,La Salle County,TX,0.5402680016647989,892,0.46663437862381635,0.6344563030872548,0.4274469295002675,0.9020121382502951,0.3616206275890152,0.649919836584751,0.45684166105249824,0,,0,0,0,0,0,0,0,lnd_pct_buildable,prm_moratorium_proposed,cob_persistent_poverty,haz_days_gt95f_2050,cob_ghgrp_combustion_facilities_n,crb_clean_gen_mw
40135,Sequoyah County,OK,0.5400492898832656,893,0.6497941382087593,0.5008443680662942,0.7002604820730375,0.8527255030760985,0.39242598689190317,0.7180008328368058,0.14547092967644498,0,,0,0,0,0,0,0,0,prm_moratorium_proposed,prm_pct_tribal,prm_moratorium_active,cob_persistent_poverty,cob_energy_community,pwr_substations_230kv_n
48131,Duval County,TX,0.540001829361424,894,0.4365423463128166,0.7305001683394554,0.4138626162833045,0.9023809665328408,0.3646710575965809,0.5426685444582166,0.508829835859082,0,,0,0,0,0,0,0,0,lnd_pct_buildable,prm_moratorium_active,cob_persistent_poverty,haz_days_gt95f_2050,lnd_dist_interstate_km,cob_ghgrp_combustion_facilities_n
40145,Wagoner County,OK,0.5400014076815164,895,0.7402623456511709,0.5514737041958789,0.6189820323356097,0.8235772753140137,0.48343240166760304,0.7002793334316317,0.09679995436654662,0,,0,0,0,0,0,0,0,prm_pct_tribal,prm_moratorium_active,prm_moratorium_proposed,cob_persistent_poverty,cob_energy_community,cob_ghgrp_combustion_facilities_n
08103,Rio Blanco County,CO,0.53999591030175,896,0.5910759123492891,0.49207678353517553,0.5191462493662804,0.8786755658965459,0.6154561806205822,0.30833689264402026,0.410894494281182,0,,0,0,0,0,0,0,0,prm_pop_density_km2,prm_moratorium_active,prm_moratorium_proposed,crb_queue_clean_mw,lnd_dist_interstate_km,pwr_dist_retired_plant_km
18099,Marshall County,IN,0.539982625202547,897,0.6385358189545306,0.5097907993780767,0.46065053210996953,0.7777524463682899,0.7302450431740941,0.6252350079832261,0.19420184040120544,0,,0,0,0,0,0,0,0,prm_pct_tribal,prm_moratorium_active,prm_moratorium_proposed,cob_ghgrp_combustion_facilities_n,cob_persistent_poverty,cob_energy_community
28025,Clay County,MS,0.5399382924090725,898,0.6178044970322613,0.45986811811703865,0.5325073139681995,0.8560751021105861,0.40502345818184954,0.5876049368368083,0.3357431973525568,0,,0,0,0,0,0,0,0,prm_moratorium_active,cob_persistent_poverty,prm_pct_tribal,cob_ghgrp_combustion_facilities_n,wtr_wwtp_flow_mgd,cob_energy_community
34041,Warren County,NJ,0.5398637445722406,899,0.6893819300279365,0.3931600643567626,0.5128873594982446,0.6724120725430868,0.6749928031062803,0.7468212118453103,0.25061260307901534,0,,0,0,0,0,0,0,0,prm_contested_total,prm_moratorium_active,prm_moratorium_proposed,cob_persistent_poverty,cob_energy_community,prm_nonattainment
47113,Madison County,TN,0.5398586763766058,900,0.6372417571349251,0.4593455191674772,0.5759150220966227,0.8170460762816008,0.4742941231087461,0.6769029973407646,0.2218190657684842,0,,0,0,0,0,0,0,0,prm_pct_tribal,haz_karst_exposed_pct,prm_moratorium_active,cob_persistent_poverty,cob_energy_community,crb_queue_clean_mw
27079,Le Sueur County,MN,0.5398320587080321,901,0.6660629795490048,0.45288540436764196,0.6246019817089075,0.7804836442106619,0.7214636941267009,0.44697773222842124,0.19481525975666178,0,,0,0,0,0,0,0,0,prm_moratorium_proposed,prm_pct_tribal,cob_heat_demand,cob_persistent_poverty,cob_energy_community,cob_ghgrp_combustion_facilities_n
28093,Marshall County,MS,0.5398175193368157,902,0.577957714744432,0.46949562888036944,0.6677356435061529,0.8121621818573752,0.4518417314532094,0.46755772979853855,0.3244658904457146,0,,0,0,0,0,0,0,0,prm_moratorium_active,cob_persistent_poverty,prm_moratorium_proposed,cob_ghgrp_combustion_facilities_n,cob_energy_community,pwr_substations_230kv_n
06011,Colusa County,CA,0.539686415116508,903,0.5450111782838841,0.6671537188473687,0.37923519549637347,0.7611025375072519,0.434378884810981,0.5995316301490621,0.4087970989907954,0,,0,0,0,0,0,0,0,prm_pop_density_km2,prm_moratorium_active,prm_moratorium_proposed,pwr_ind_price_cents_kwh,cob_persistent_poverty,prm_price_growth_pct
17203,Woodford County,IL,0.5396637760798373,904,0.6872199414130359,0.5164581475167764,0.5435371160691428,0.7071552273623601,0.6740156784168422,0.6243993032791173,0.15664279742810705,0,,0,0,0,0,0,0,0,prm_contested_total,prm_pct_tribal,haz_karst_exposed_pct,cob_persistent_poverty,cob_energy_community,cob_ghgrp_combustion_facilities_n
48091,Comal County,TX,0.5396558996345787,905,0.7459670072552117,0.6388378499367583,0.3610760179968625,0.8329068219000921,0.34873243016438676,0.7874676316968999,0.1974537266219576,0,,0,0,0,0,0,0,0,prm_pct_tribal,prm_moratorium_active,cob_energy_community,cob_persistent_poverty,cob_ghgrp_combustion_facilities_n,cob_lowtemp_ind_heat_tbtu
38029,Emmons County,ND,0.5396341989034815,906,0.6348062292092197,0.5332120426908667,0.6788596226914888,0.8646365910549562,0.6647245102485293,0.325995333732987,0.18113012420556243,0,,0,0,0,0,0,0,0,prm_price_growth_pct,prm_contested_total,prm_moratorium_active,cob_ghgrp_combustion_facilities_n,cob_persistent_poverty,cob_energy_community
08067,La Plata County,CO,0.5396174947749753,907,0.6104611939585505,0.4754163044478744,0.5067051538221923,0.7880667852145284,0.678587166423636,0.39366412030742653,0.3507277708328148,0,,0,0,0,0,0,0,0,prm_moratorium_active,cob_energy_community,prm_moratorium_proposed,cob_persistent_poverty,cob_ghgrp_combustion_facilities_n,lnd_dist_interstate_km
55093,Pierce County,WI,0.5396166603868905,908,0.643260960130381,0.4678461337615921,0.6175490160387517,0.7624164030033173,0.7202184266090347,0.4857196392911967,0.19189815483554956,0,,0,0,0,0,0,0,0,prm_pct_tribal,prm_nonattainment,cob_heat_demand,cob_ghgrp_combustion_facilities_n,cob_persistent_poverty,cob_energy_community
51117,Mecklenburg County,VA,0.5396096589748295,909,0.5306017787419909,0.426099848288471,0.5291107378752757,0.9201549220844061,0.6702175915893546,0.627659546910627,0.2742421893751674,0,,0,0,0,0,0,0,0,prm_pct_tribal,prm_tax_exemption_status,prm_moratorium_active,cob_ghgrp_combustion_facilities_n,cob_persistent_poverty,pwr_substations_230kv_n
18155,Switzerland County,IN,0.539553387255052,910,0.6510313714435723,0.45108656672402053,0.6618671765539138,0.8663708405447127,0.5684422435132623,0.7198703685647128,0.12679424998768737,0,,0,0,0,0,0,0,0,prm_contested_total,prm_pct_tribal,wtr_bws_2050_score,cob_lowtemp_ind_heat_tbtu,cob_persistent_poverty,cob_energy_community
06019,Fresno County,CA,0.5395485843869547,911,0.48735598787305545,0.7685155249183364,0.40603625871331495,0.6353085201716913,0.5315895253168529,0.41058565407601594,0.5709058684755574,0,,0,0,0,0,0,0,0,prm_contested_total,crb_queue_clean_mw,cob_persistent_poverty,pwr_ind_price_cents_kwh,lnd_dist_interstate_km,pwr_dist_retired_plant_km
22001,Acadia Parish,LA,0.5393485017338363,912,0.7323703155038906,0.46276389831609616,0.45047119368503913,0.7896829935440713,0.42170073150423387,0.5706849434816282,0.32401090151475936,0,,0,0,0,0,0,0,0,prm_contested_total,prm_pct_tribal,haz_karst_exposed_pct,cob_energy_community,cob_ghgrp_combustion_facilities_n,crb_clean_gen_mw
29175,Randolph County,MO,0.5393254177457549,913,0.6220341674613817,0.474349786340702,0.711769527182852,0.8409716593316073,0.6205792777990952,0.5253523771020947,0.1500412872716561,0,,0,0,0,0,0,0,0,prm_moratorium_active,wtr_bws_score,wtr_bws_2050_score,cob_ghgrp_combustion_facilities_n,crb_clean_gen_mw,cob_persistent_poverty
32029,Storey County,NV,0.5392527546841066,914,0.7485329824484215,0.5472603631965013,0.38229051905953765,0.823464312341722,0.5081587738197775,0.7223465435682659,0.17951798719071646,0,,0,0,0,0,0,0,0,prm_pop_density_km2,lnd_pct_buildable,prm_moratorium_active,cob_ghgrp_combustion_facilities_n,cob_persistent_poverty,cob_energy_community
08071,Las Animas County,CO,0.5391965259215799,915,0.4097009730360136,0.619503347503412,0.4010925655381029,0.8782705110314303,0.5717428336960066,0.7505542534441904,0.39036663415888456,0,,0,0,0,0,0,0,0,lnd_pct_buildable,prm_contested_total,cob_energy_community,cob_lowtemp_ind_heat_tbtu,pwr_dist_retired_plant_km,pwr_dist_hv345_line_km
18123,Perry County,IN,0.5391781281980569,916,0.6570011778729994,0.461666651045998,0.6816555292951473,0.8628233379174273,0.4962126287159066,0.6773666155282317,0.13872794863527477,0,,0,0,0,0,0,0,0,prm_nonattainment,prm_contested_total,wtr_bws_2050_score,cob_ghgrp_combustion_facilities_n,cob_persistent_poverty,cob_energy_community
47013,Campbell County,TN,0.5391499455676352,917,0.5472296425107183,0.397971315101634,0.5894765139419869,0.8660662165109807,0.5431868780849786,0.6873192286654018,0.30147766868085335,0,,0,0,0,0,0,0,0,prm_contested_total,cob_energy_community,prm_moratorium_active,cob_ghgrp_combustion_facilities_n,pwr_substations_230kv_n,cob_persistent_poverty
42045,Delaware County,PA,0.5391430608335586,918,0.8297851671255531,0.2914450433607312,0.5891826429256632,0.6489653657125437,0.6498939919168552,0.7852314968980244,0.23854278685423036,0,,0,0,0,0,0,0,0,prm_pct_tribal,prm_contested_total,prm_moratorium_active,crb_clean_gen_mw,cob_persistent_poverty,cob_energy_community
19111,Lee County,IA,0.5391337225684206,919,0.45138887124317156,0.43176146203640375,0.7478012876423471,0.8402505520862059,0.6392254261707496,0.5069690429863742,0.33541781863675607,0,,0,0,0,0,0,0,0,prm_contested_total,wtr_bws_score,prm_moratorium_active,lnd_dist_interstate_km,cob_persistent_poverty,pwr_substations_230kv_n
18137,Ripley County,IN,0.5391242449914296,920,0.6966240860500041,0.47133829046481185,0.586156004688231,0.8233051232009033,0.6213281998945036,0.7049815068150247,0.12118063261607101,0,,0,0,0,0,0,0,0,prm_pct_tribal,prm_nonattainment,prm_moratorium_active,crb_clean_gen_mw,cob_energy_community,cob_ghgrp_combustion_facilities_n
18009,Blackford County,IN,0.5390969833271348,921,0.6371293432458268,0.4963132640653784,0.4766284960787372,0.7681534508961047,0.6848346674882596,0.6676897683154445,0.19471761888231176,0,,0,0,0,0,0,0,0,prm_nonattainment,haz_karst_exposed_pct,prm_moratorium_active,cob_ghgrp_combustion_facilities_n,cob_persistent_poverty,cob_energy_community
29173,Ralls County,MO,0.539005503611465,922,0.6047613977739851,0.49066934156074293,0.6622370405125373,0.8316241874208187,0.6130534388743408,0.6347297690597865,0.1417519127673142,0,,0,0,0,0,0,0,0,prm_moratorium_active,wtr_bws_score,wtr_bws_2050_score,cob_ghgrp_combustion_facilities_n,cob_persistent_poverty,cob_energy_community
16011,Bingham County,ID,0.5389675134378951,923,0.568846592325582,0.6770362426142308,0.4013411142089332,0.7839770173255366,0.6621043286764559,0.6469912758718598,0.19097862141264582,0,,0,0,0,0,0,0,0,prm_nonattainment,lnd_pct_buildable,prm_moratorium_active,cob_persistent_poverty,cob_energy_community,pwr_dist_retired_plant_km
53023,Garfield County,WA,0.5388588203539685,924,0.6037724140190629,0.7399490285099655,0.6481230512832452,0.824262228891276,0.6584241376488322,0.37091002365633846,0.11295537766784562,0,,0,0,0,0,0,0,0,lnd_pct_buildable,prm_pop_density_km2,prm_moratorium_active,cob_lowtemp_ind_heat_tbtu,lnd_dist_interstate_km,pwr_dist_retired_plant_km
48067,Cass County,TX,0.5388497309157245,925,0.5659671202214216,0.5048045990774506,0.6029191257494841,0.9003113044779117,0.46118280697049463,0.39276794488900846,0.34113581999942294,0,,0,0,0,0,0,0,0,prm_contested_total,cob_energy_community,haz_karst_exposed_pct,cob_persistent_poverty,pwr_substations_230kv_n,crb_clean_gen_mw
48081,Coke County,TX,0.5388161317332599,926,0.634203120280664,0.7273237839338387,0.4616495666831054,0.8993286839454214,0.41678180600845444,0.37451701995725184,0.23859801390088162,0,,0,0,0,0,0,0,0,lnd_pct_buildable,prm_county_can_zone,prm_moratorium_proposed,cob_persistent_poverty,lnd_dist_interstate_km,lnd_dist_ixp_km
19135,Monroe County,IA,0.5388152806333292,927,0.5195610367339089,0.4166635556581156,0.6973155556736108,0.888506323670756,0.6189096120059695,0.5011483601100301,0.2783917032840051,0,,0,0,0,0,0,0,0,prm_moratorium_active,prm_nonattainment,prm_moratorium_proposed,cob_persistent_poverty,cob_energy_community,pwr_substations_230kv_n
21135,Lewis County,KY,0.5387225948172962,928,0.6620969970428243,0.21470860611440795,0.7137427209761664,0.8766980483804933,0.5474552442611669,0.539312481619331,0.5565685275771238,0,,0,0,0,0,0,0,0,prm_moratorium_active,cob_persistent_poverty,cob_energy_community,cob_lowtemp_ind_heat_tbtu,crb_clean_gen_mw,pwr_substations_230kv_n
54107,Wood County,WV,0.5386338064764179,929,0.5947622313793025,0.2557692981524523,0.7165746252678582,0.8141032983820118,0.7128191920143991,0.6373376049692322,0.3706748818820522,0,,0,0,0,0,0,0,0,prm_moratorium_active,prm_nonattainment,prm_moratorium_proposed,crb_queue_clean_mw,pwr_substations_230kv_n,cob_persistent_poverty
16009,Benewah County,ID,0.5386094695710167,930,0.5430663081157378,0.539967779015757,0.5352837637785676,0.7599342548720552,0.6488098830195772,0.43979907754574993,0.32239591099033377,0,,0,0,0,0,0,0,0,prm_nonattainment,cob_energy_community,haz_karst_exposed_pct,cob_lowtemp_ind_heat_tbtu,lnd_dist_cement_km,cob_ghgrp_combustion_facilities_n
20133,Neosho County,KS,0.5386024038527069,931,0.570072700949623,0.5680254757005765,0.6556801611303198,0.8673977577008725,0.4455351975796721,0.6262387960608001,0.16360130914740956,0,,0,0,0,0,0,0,0,prm_pct_tribal,prm_nonattainment,prm_moratorium_active,cob_ghgrp_combustion_facilities_n,lnd_dist_interstate_km,crb_queue_clean_mw
51550,Chesapeake city,VA,0.5384237576869906,932,0.7767616409987915,0.46382958130182333,0.5281845748195199,0.8453053658812673,0.5649904358827063,0.6485256711953217,0.13016570556302715,0,,0,0,0,0,0,0,0,prm_moratorium_active,prm_tax_exemption_status,haz_karst_exposed_pct,cob_persistent_poverty,cob_energy_community,wtr_wwtp_flow_mgd
56041,Uinta County,WY,0.5383975065097126,933,0.42272838239369376,0.6740031372702834,0.5182074076067275,0.8970022541443025,0.649620771713027,0.7937443751187176,0.16936261806035474,0,,0,0,0,0,0,0,0,lnd_pct_buildable,cob_heat_demand,prm_moratorium_active,cob_lowtemp_ind_heat_tbtu,pwr_dist_retired_plant_km,cob_energy_community
13135,Gwinnett County,GA,0.5383831822608589,934,0.8286861402042044,0.3964940122133451,0.5186564329537864,0.8507203124819016,0.6899872315986091,0.7497706101193087,0.10786024999094539,0,,0,0,0,0,0,0,0,prm_contested_total,prm_moratorium_active,pwr_substations_230kv_n,cob_ghgrp_combustion_facilities_n,cob_persistent_poverty,cob_energy_community
13215,Muscogee County,GA,0.5381304299160742,935,0.6372020502057625,0.4413892219314661,0.6039188338747337,0.86755231440804,0.6227190639414278,0.6677354844719393,0.1516975817384596,0,,0,0,0,0,0,0,0,prm_contested_total,prm_tax_exemption_status,prm_moratorium_active,cob_ghgrp_combustion_facilities_n,cob_persistent_poverty,cob_energy_community
40083,Logan County,OK,0.5380668595594202,936,0.7354700901811769,0.6456203810579323,0.4283952145572119,0.8360948394603868,0.4568070239177516,0.7816037460009291,0.1148393569091638,0,,0,0,0,0,0,0,0,prm_pct_tribal,lnd_pct_buildable,prm_moratorium_active,cob_persistent_poverty,cob_energy_community,cob_ghgrp_combustion_facilities_n
05083,Logan County,AR,0.5380092253524786,937,0.5105645702715172,0.4746219000795861,0.642217241272173,0.8808079430580273,0.4412378522815746,0.5678932994182527,0.3198714428485741,0,,0,0,0,0,0,0,0,prm_nonattainment,prm_contested_total,haz_karst_exposed_pct,cob_persistent_poverty,pwr_substations_230kv_n,pwr_dist_retired_plant_km
12001,Alachua County,FL,0.5379850104199737,938,0.6725023866821696,0.40234156943970456,0.4860127807604517,0.8087780200755917,0.45589624801971546,0.8043121880333248,0.27701180942879644,0,,0,0,0,0,0,0,0,prm_contested_total,prm_pct_tribal,prm_moratorium_active,cob_energy_community,cob_ghgrp_combustion_facilities_n,cob_lowtemp_ind_heat_tbtu
10001,Kent County,DE,0.5379421687926819,939,0.7379310465561842,0.3894571804129529,0.5057236660182179,0.7388174718799444,0.5819396632750324,0.5339402600116941,0.3046824275590173,0,,0,0,0,0,0,0,0,prm_moratorium_active,prm_moratorium_proposed,cob_energy_community,lnd_dist_interstate_km,cob_persistent_poverty,cob_ghgrp_combustion_facilities_n
26041,Delta County,MI,0.5378838539468793,940,0.39526833898202046,0.4439544467045172,0.6575871740560154,0.8771742912360875,0.9098692479611088,0.3503544037629342,0.4824675040683333,0,,0,0,0,0,0,0,0,prm_nonattainment,cob_heat_demand,haz_alr_coastal_flood,cob_persistent_poverty,lnd_dist_ixp_km,pwr_substations_230kv_n
47129,Morgan County,TN,0.5378589076644738,941,0.6080598287730956,0.36979226665395004,0.5539400394227034,0.8797732100275434,0.5720525546912982,0.5852258904920128,0.318542941290718,0,,0,0,0,0,0,0,0,prm_pct_tribal,cob_energy_community,prm_moratorium_active,cob_lowtemp_ind_heat_tbtu,cob_ghgrp_combustion_facilities_n,cob_persistent_poverty
21041,Carroll County,KY,0.537836900598329,942,0.7275955299770402,0.21767037284459043,0.6267417568373636,0.8520583684773114,0.5611227027607175,0.7783018578693671,0.3721913326929859,0,,0,0,0,0,0,0,0,prm_pct_tribal,prm_moratorium_active,cob_energy_community,cob_persistent_poverty,crb_queue_clean_mw,crb_clean_gen_mw
18065,Henry County,IN,0.5378307851917445,943,0.6342092345372606,0.5098184044960246,0.4809285078712392,0.7685837009061561,0.6784866770841025,0.7009906462626606,0.1734945901955707,0,,0,0,0,0,0,0,0,prm_pct_tribal,prm_nonattainment,prm_moratorium_active,cob_ghgrp_combustion_facilities_n,cob_persistent_poverty,cob_energy_community
39057,Greene County,OH,0.5377753580489313,944,0.7833519851796739,0.30622272697681957,0.7622071370768354,0.7293877736574108,0.7029287982257219,0.6595544322119419,0.1516097474874344,0,,0,0,0,0,0,0,0,prm_moratorium_active,prm_pct_tribal,prm_moratorium_proposed,cob_ghgrp_combustion_facilities_n,cob_persistent_poverty,cob_energy_community
48493,Wilson County,TX,0.5377721510373623,945,0.7053259551428441,0.6525251704221622,0.3306740003297147,0.8808597751541375,0.3609355661197764,0.793125531548036,0.20893848576008126,0,,0,0,0,0,0,0,0,haz_karst_exposed_pct,lnd_pct_buildable,prm_moratorium_active,cob_persistent_poverty,cob_ghgrp_combustion_facilities_n,pwr_substations_230kv_n
27009,Benton County,MN,0.5377166476043966,946,0.6837411803223574,0.5247727147282696,0.34060223865856215,0.7920276786447431,0.6920400785269412,0.4409787336317417,0.34817219083977763,0,,0,0,0,0,0,0,0,prm_contested_total,prm_pct_tribal,haz_karst_exposed_pct,cob_persistent_poverty,cob_ghgrp_combustion_facilities_n,wtr_bws_2050_score
45055,Kershaw County,SC,0.5376937236777861,947,0.6467212782716596,0.5303634150563986,0.5378347337361827,0.871524235312735,0.47049830421727273,0.7559021954262896,0.14458505184117798,0,,0,0,0,0,0,0,0,prm_moratorium_active,prm_moratorium_proposed,prm_contested_total,cob_persistent_poverty,cob_energy_community,wtr_wwtp_flow_mgd
37185,Warren County,NC,0.5376371717170264,948,0.5237314504691689,0.5554108664429881,0.5157534356796272,0.9011377904440533,0.6474517219043912,0.6700488195341513,0.1755432491967712,0,,0,0,0,0,0,0,0,prm_pct_tribal,prm_tax_exemption_status,prm_moratorium_active,cob_ghgrp_combustion_facilities_n,cob_energy_community,pwr_substations_230kv_n
29019,Boone County,MO,0.5376362192887176,949,0.5738676491217468,0.41276583636425956,0.767176772944351,0.8187263141785377,0.6361156522984681,0.6570054527646009,0.16183641969594287,0,,0,0,0,0,0,0,0,prm_moratorium_active,prm_nonattainment,wtr_bws_score,crb_queue_clean_mw,cob_ghgrp_combustion_facilities_n,cob_persistent_poverty
26029,Charlevoix County,MI,0.5375340040406703,950,0.41513794506023255,0.4145414135018514,0.7055812945055244,0.8593374877915965,0.8529449261030697,0.4714932009373003,0.35805617258664296,0,,0,0,0,0,0,0,0,prm_nonattainment,wtr_bws_2050_score,cob_energy_community,cob_ghgrp_combustion_facilities_n,cob_persistent_poverty,crb_queue_clean_mw
20155,Reno County,KS,0.5375229294839446,951,0.7407864318708902,0.5865834392784809,0.4972160316678025,0.8255189409532386,0.37667436630492834,0.3904250340336913,0.26317201185091255,0,,0,0,0,0,0,0,0,prm_moratorium_proposed,prm_pct_tribal,prm_contested_total,cob_persistent_poverty,cob_energy_community,lnd_dist_ixp_km
44005,Newport County,RI,0.5375164757964235,952,0.5487712726478696,0.5356772016014405,0.690478423101168,0.7728480328195304,0.7034614868371144,0.5254046661231888,0.160927596250174,0,,0,0,0,0,0,0,0,prm_moratorium_active,prm_moratorium_proposed,prm_contested_total,pwr_ind_price_cents_kwh,cob_persistent_poverty,cob_energy_community
34015,Gloucester County,NJ,0.5374325792324363,953,0.7371674634735349,0.40821114109612316,0.5763834208096045,0.6440595515282921,0.5798672727026538,0.7546271238949903,0.19928946734742298,0,,0,0,0,0,0,0,0,prm_moratorium_active,prm_moratorium_proposed,prm_contested_total,cob_persistent_poverty,cob_energy_community,prm_nonattainment
48497,Wise County,TX,0.5374063143293019,954,0.7240974492682277,0.6493074285453051,0.3575606444842775,0.7742240541259465,0.4126336904207736,0.6719812933277297,0.2201998998326283,0,,0,0,0,0,0,0,0,prm_contested_total,lnd_pct_buildable,cob_energy_community,cob_persistent_poverty,prm_nonattainment,cob_ghgrp_combustion_facilities_n
42125,Washington County,PA,0.537390954061948,955,0.6240943773917333,0.2681264550695806,0.6674546390648979,0.700512258700529,0.7388484990307433,0.8319489727843469,0.30827137145384165,0,,0,0,0,0,0,0,0,prm_contested_total,cob_energy_community,prm_moratorium_active,cob_ghgrp_combustion_facilities_n,prm_nonattainment,crb_clean_gen_mw
48347,Nacogdoches County,TX,0.5373845069633754,956,0.543528765702514,0.4724169335172637,0.6581071380504,0.8848244877068431,0.4255606680009466,0.33846381936041176,0.46277691188400777,0,,0,0,0,0,0,0,0,prm_moratorium_proposed,cob_persistent_poverty,cob_energy_community,pwr_saidi_min,lnd_dist_brownfield_or_retired_km,lnd_dist_interstate_km
55017,Chippewa County,WI,0.5373656055996322,957,0.6355895241153213,0.4549631895405285,0.5162219952963907,0.8154254514513797,0.8084831791367265,0.42762529718666037,0.23784118107534574,0,,0,0,0,0,0,0,0,haz_karst_exposed_pct,cob_heat_demand,prm_moratorium_active,cob_persistent_poverty,cob_energy_community,pwr_substations_230kv_n
18119,Owen County,IN,0.5373612977121903,958,0.6713181203182516,0.42080025796674186,0.42616243133928294,0.8480869753389628,0.5667769108789866,0.6455231748063924,0.2882287585796512,0,,0,0,0,0,0,0,0,prm_pct_tribal,cob_energy_community,prm_moratorium_active,crb_clean_gen_mw,crb_queue_clean_mw,cob_ghgrp_combustion_facilities_n
40127,Pushmataha County,OK,0.5373308616428805,959,0.5626378696001451,0.5303004362250092,0.6311500248944901,0.8736645785259727,0.3798001769088219,0.42648322217999696,0.33581605478432497,0,,0,0,0,0,0,0,0,prm_contested_total,prm_pop_density_km2,wtr_bws_score,cob_lowtemp_ind_heat_tbtu,crb_queue_clean_mw,cob_persistent_poverty
48193,Hamilton County,TX,0.537319081999216,960,0.4955247390394965,0.6731624245794073,0.46198811994795763,0.8959686218108033,0.38848448746156095,0.6351271738478506,0.2917046436395282,0,,0,0,0,0,0,0,0,prm_contested_total,cob_energy_community,lnd_pct_buildable,cob_persistent_poverty,pwr_substations_230kv_n,lnd_dist_interstate_km
17053,Ford County,IL,0.5372678474085482,961,0.5049256133692017,0.5377177814402347,0.5259504502808576,0.7146777859575412,0.743527460552116,0.5988827298798304,0.26828033319688294,0,,0,0,0,0,0,0,0,prm_contested_total,haz_karst_exposed_pct,prm_moratorium_active,cob_persistent_poverty,cob_energy_community,pwr_substations_230kv_n
06115,Yuba County,CA,0.5372260403903868,962,0.4873117166475597,0.6305489221386109,0.5832635039928897,0.7560335462221875,0.481281072938427,0.46445577075059313,0.34115340605745254,0,,0,0,0,0,0,0,0,prm_contested_total,cob_energy_community,haz_karst_exposed_pct,pwr_ind_price_cents_kwh,cob_persistent_poverty,prm_price_growth_pct
37159,Rowan County,NC,0.5371486969688102,963,0.725071332850013,0.48531314938193243,0.5123486269262197,0.8381547969563435,0.6106352568154307,0.7238567052151142,0.11981156708718194,0,,0,0,0,0,0,0,0,prm_tax_exemption_status,haz_karst_exposed_pct,prm_moratorium_active,cob_persistent_poverty,cob_energy_community,cob_ghgrp_combustion_facilities_n
27157,Wabasha County,MN,0.5371224542287943,964,0.6343666096677596,0.5037762227522409,0.6654430972431278,0.7852297761438768,0.6390776259851572,0.4419403440869784,0.17517728911992778,0,,0,0,0,0,0,0,0,prm_moratorium_proposed,prm_pct_tribal,cob_heat_demand,cob_persistent_poverty,cob_energy_community,pwr_substations_230kv_n
48255,Karnes County,TX,0.5371079981626303,965,0.6986889272534323,0.6608572349913506,0.3289284754289394,0.8978712944580822,0.3469704895050636,0.5625304460934495,0.2958598437869981,0,,0,0,0,0,0,0,0,prm_pct_tribal,lnd_pct_buildable,cob_energy_community,cob_persistent_poverty,lnd_dist_brownfield_or_retired_km,cob_ghgrp_combustion_facilities_n
45083,Spartanburg County,SC,0.5371050703032487,966,0.7081609899571436,0.5214287482742217,0.4223621236426662,0.7187623364147482,0.6338847093449733,0.7239533756788292,0.1795663213768889,0,,0,0,0,0,0,0,0,haz_karst_exposed_pct,prm_moratorium_active,prm_pct_tribal,cob_persistent_poverty,cob_energy_community,prm_moratorium_proposed
49045,Tooele County,UT,0.5369809292912118,967,0.5958775360975828,0.5525823444761658,0.5852446069525062,0.7662495198347818,0.5567675511718734,0.8226635630247525,0.1316651843474775,0,,0,0,0,0,0,0,0,prm_moratorium_proposed,lnd_pct_buildable,prm_moratorium_active,cob_persistent_poverty,cob_energy_community,pwr_substations_230kv_n
29139,Montgomery County,MO,0.5369165565734039,968,0.6311809556887094,0.45188222729814465,0.6793458788212771,0.8374392320558154,0.6608534458638861,0.6270873018806896,0.12873137418061312,0,,0,0,0,0,0,0,0,prm_moratorium_active,prm_pct_tribal,prm_moratorium_proposed,cob_persistent_poverty,cob_energy_community,pwr_dist_retired_plant_km
37001,Alamance County,NC,0.5369131805385023,969,0.5905529668738746,0.524158691348013,0.5570236968449185,0.8586533144673806,0.6486429922055328,0.741516572522626,0.127518816235404,0,,0,0,0,0,0,0,0,prm_pct_tribal,prm_moratorium_active,prm_moratorium_proposed,cob_persistent_poverty,cob_energy_community,pwr_substations_230kv_n
22085,Sabine Parish,LA,0.5369120556718694,970,0.6404138903611083,0.4450491406188313,0.4903306350367581,0.8808962739778845,0.40511338765807686,0.4191374909905474,0.47274808112393535,0,,0,0,0,0,0,0,0,prm_moratorium_proposed,haz_karst_exposed_pct,cob_persistent_poverty,cob_ghgrp_combustion_facilities_n,crb_clean_gen_mw,cob_lowtemp_ind_heat_tbtu
41027,Hood River County,OR,0.5368438194304878,971,0.5221613702248535,0.6929838640206482,0.7058382139444741,0.8235275242821002,0.6264272746010029,0.6683490033903924,0.08660812488701483,0,,0,0,0,0,0,0,0,prm_moratorium_proposed,haz_karst_exposed_pct,prm_moratorium_active,cob_persistent_poverty,cob_energy_community,pwr_substations_230kv_n
18063,Hendricks County,IN,0.5367975523204023,972,0.7334460084261555,0.45532354119360524,0.5403957599241552,0.7420351111118342,0.7410418478156761,0.7897926207922309,0.10895790982239684,0,,0,0,0,0,0,0,0,prm_pct_tribal,haz_karst_exposed_pct,prm_moratorium_active,cob_persistent_poverty,cob_energy_community,cob_poverty_pct
48083,Coleman County,TX,0.5367829707508185,973,0.5588756414177155,0.6490917847644239,0.4299101264717053,0.8901001636048688,0.4357198965247518,0.5585717577541799,0.26991790540642546,0,,0,0,0,0,0,0,0,prm_nonattainment,cob_energy_community,lnd_pct_buildable,cob_persistent_poverty,lnd_dist_interstate_km,cob_ghgrp_combustion_facilities_n
49005,Cache County,UT,0.5366963311111348,974,0.5775454676657904,0.44286298052942125,0.46556783601477125,0.822456276618884,0.6059166283128925,0.7186006582721252,0.27859134636903915,0,,0,0,0,0,0,0,0,prm_pct_tribal,cob_heat_demand,prm_moratorium_active,crb_queue_clean_mw,cob_persistent_poverty,cob_energy_community
19043,Clayton County,IA,0.5365730842381938,975,0.5789254483669524,0.4104287246942149,0.6960729527234217,0.8546663420128267,0.6433347548871912,0.5137339667997299,0.21569433825554418,0,,0,0,0,0,0,0,0,prm_pop_density_km2,prm_moratorium_active,prm_moratorium_proposed,crb_queue_clean_mw,lnd_dist_interstate_km,pwr_substations_230kv_n
20005,Atchison County,KS,0.536564790207553,976,0.5138191930201919,0.4895111323635743,0.6330810290107137,0.8153819122169871,0.5625865484582159,0.6096214954916405,0.24343677678078632,0,,0,0,0,0,0,0,0,prm_nonattainment,prm_moratorium_active,prm_moratorium_proposed,cob_persistent_poverty,cob_energy_community,pwr_substations_230kv_n
26073,Isabella County,MI,0.5364418382988589,977,0.4237130179557755,0.5537947568447191,0.4661413384862888,0.7115183378167513,0.7690885197545363,0.43877625467676235,0.586631681338312,0,,0,0,0,0,0,0,0,haz_karst_exposed_pct,cob_persistent_poverty,cob_energy_community,lnd_dist_interstate_km,cob_ghgrp_combustion_facilities_n,pwr_substations_230kv_n
13015,Bartow County,GA,0.5363272487915796,978,0.7466600023993128,0.5211842209829219,0.42019407530175046,0.8934644726093034,0.5666184121943869,0.7378230708999108,0.12583755552258802,0,,0,0,0,0,0,0,0,prm_moratorium_active,prm_tax_exemption_status,prm_pct_tribal,cob_energy_community,cob_persistent_poverty,cob_lowtemp_ind_heat_tbtu
46109,Roberts County,SD,0.5362237030323349,979,0.5217453021676248,0.4755999510765737,0.5711272437031072,0.7241572773152943,0.6093874027737861,0.5071299734383571,0.3812015089690315,0,,0,0,0,0,0,0,0,prm_moratorium_active,prm_nonattainment,cob_persistent_poverty,cob_energy_community,prm_pct_tribal,lnd_dist_cement_km
47091,Johnson County,TN,0.5361997997467529,980,0.5316048698999551,0.38857961248348116,0.5898750541057518,0.8718259174992945,0.6676018159005731,0.5234398478391565,0.33553495047704107,0,,0,0,0,0,0,0,0,prm_pct_tribal,cob_persistent_poverty,prm_moratorium_active,cob_ghgrp_combustion_facilities_n,cob_energy_community,crb_queue_clean_mw
19079,Hamilton County,IA,0.5361018739639929,981,0.5257617200554696,0.49107718278764556,0.6344716821144127,0.8100837139941044,0.7222065883330574,0.49813893435827317,0.21889851996824441,0,,0,0,0,0,0,0,0,prm_contested_total,haz_karst_exposed_pct,prm_moratorium_active,lnd_pct_cropland,cob_persistent_poverty,pwr_substations_230kv_n
42059,Greene County,PA,0.5360685925315943,982,0.7129708266698402,0.2696443531020932,0.48696839762296334,0.8336255115399759,0.6656190508398813,0.7682914715684813,0.3300364824054169,0,,0,0,0,0,0,0,0,prm_moratorium_active,prm_moratorium_proposed,cob_energy_community,cob_persistent_poverty,wtr_wwtp_flow_mgd,crb_clean_gen_mw
17181,Union County,IL,0.5357864003569177,983,0.5643654143902321,0.35355495998259706,0.6551870850598698,0.7910879691310503,0.5301744743068233,0.673228707914929,0.3348072957336997,0,,0,0,0,0,0,0,0,prm_pct_tribal,prm_moratorium_active,prm_moratorium_proposed,crb_clean_gen_mw,crb_queue_clean_mw,pwr_substations_230kv_n
16029,Caribou County,ID,0.5357268494119231,984,0.6023711117946977,0.5581714572981815,0.4040754148924706,0.8282753913154401,0.6289001384006544,0.5891913693551198,0.2364598765640987,0,,0,0,0,0,0,0,0,prm_pop_density_km2,cob_heat_demand,prm_moratorium_active,cob_persistent_poverty,cob_energy_community,crb_queue_clean_mw
19181,Warren County,IA,0.5355534808151775,985,0.6225896557939016,0.43419738026733634,0.7221798933346391,0.8417786635195421,0.6510609834958659,0.6518419629782862,0.1228622259805412,0,,0,0,0,0,0,0,0,haz_karst_exposed_pct,prm_moratorium_proposed,prm_moratorium_active,cob_persistent_poverty,cob_energy_community,cob_ghgrp_combustion_facilities_n
38051,McIntosh County,ND,0.5355500299118601,986,0.623795525509373,0.5478735597510263,0.6485581312184125,0.8637749762252364,0.7158939546486442,0.3028193014262699,0.17812560946185846,0,,0,0,0,0,0,0,0,prm_price_growth_pct,prm_nonattainment,prm_moratorium_active,cob_lowtemp_ind_heat_tbtu,lnd_dist_interstate_km,lnd_dist_cement_km
50027,Windsor County,VT,0.5355292504498297,987,0.48238584905796883,0.5503745729053565,0.7419340419899058,0.8787960612849998,0.6365577322181755,0.5376773478129105,0.1568336499662765,0,,0,0,0,0,0,0,0,prm_moratorium_active,haz_karst_exposed_pct,prm_moratorium_proposed,cob_persistent_poverty,cob_energy_community,cob_ghgrp_combustion_facilities_n
38085,Sioux County,ND,0.5355255268443448,988,0.5713538194241471,0.41235841363139986,0.6444822167298047,0.8022805586272564,0.6507484907263208,0.3005960139257114,0.4502083333333333,0,,0,0,0,0,0,0,0,prm_price_growth_pct,prm_pop_density_km2,wtr_bws_2050_score,cob_lowtemp_ind_heat_tbtu,lnd_dist_interstate_km,lnd_dist_eaf_steel_km
17189,Washington County,IL,0.5355176109349195,989,0.6633619021358964,0.45186926574403097,0.4822050220701595,0.7259717464145583,0.6460011654825465,0.5653754375858112,0.2642810124188802,0,,0,0,0,0,0,0,0,prm_moratorium_active,cob_energy_community,prm_pop_density_km2,cob_persistent_poverty,cob_ghgrp_combustion_facilities_n,crb_clean_gen_mw
39113,Montgomery County,OH,0.5355115197240152,990,0.6794802965222295,0.283755618864747,0.6265096084489271,0.6916199135185728,0.7360816210254983,0.7002094776495512,0.29802467622268625,0,,0,0,0,0,0,0,0,prm_moratorium_active,wtr_wwtp_flow_mgd,haz_karst_exposed_pct,cob_persistent_poverty,pwr_substations_230kv_n,cob_energy_community
18133,Putnam County,IN,0.5354970388676826,991,0.6005531123115537,0.4830181633797033,0.49907464229129445,0.8082009296735716,0.6924386437316628,0.7771672073715249,0.16002960642239505,0,,0,0,0,0,0,0,0,prm_contested_total,prm_pct_tribal,prm_moratorium_active,cob_persistent_poverty,cob_energy_community,pwr_substations_230kv_n
26107,Mecosta County,MI,0.535349938642353,992,0.41236455450388887,0.42838853471277105,0.6267389829740568,0.8349201681050191,0.8005646947932294,0.4604122793238159,0.44751718703119725,0,,0,0,0,0,0,0,0,haz_karst_exposed_pct,prm_moratorium_active,cob_energy_community,crb_queue_clean_mw,lnd_dist_interstate_km,pwr_substations_230kv_n
37035,Catawba County,NC,0.5353450582033841,993,0.6677547859551193,0.48660325120235814,0.558241974361336,0.8367506932696447,0.6347161983055843,0.6964083896531025,0.1218131344896668,0,,0,0,0,0,0,0,0,prm_tax_exemption_status,prm_moratorium_active,prm_moratorium_proposed,cob_persistent_poverty,cob_energy_community,cob_ghgrp_combustion_facilities_n
54073,Pleasants County,WV,0.5353448746702388,994,0.6852385482724792,0.24839188255862185,0.6629265725927368,0.8412623287538569,0.6889854598204156,0.5444798540025422,0.3486984903471353,0,,0,0,0,0,0,0,0,prm_nonattainment,cob_energy_community,prm_moratorium_active,cob_lowtemp_ind_heat_tbtu,cob_persistent_poverty,crb_queue_clean_mw
29063,DeKalb County,MO,0.535230017391937,995,0.635729565251496,0.5250788556321473,0.6266178813062615,0.8377576883468324,0.5217165728258263,0.6891992476580878,0.12185403920214727,0,,0,0,0,0,0,0,0,haz_karst_exposed_pct,prm_pct_tribal,prm_moratorium_active,crb_queue_clean_mw,cob_energy_community,cob_persistent_poverty
47011,Bradley County,TN,0.5351095503071979,996,0.666945900030948,0.3670496510518727,0.7310343104405572,0.8369707131698252,0.5214214698150907,0.7920646399150432,0.14421201613678625,0,,0,0,0,0,0,0,0,prm_moratorium_proposed,prm_moratorium_active,prm_pct_tribal,crb_queue_clean_mw,cob_energy_community,cob_persistent_poverty
27171,Wright County,MN,0.5350406900194957,997,0.7107471822926659,0.49402093223099686,0.5096544416889607,0.7833871625414147,0.6885830489780873,0.5239376962776782,0.15930844244077944,0,,0,0,0,0,0,0,0,prm_contested_total,prm_pct_tribal,cob_heat_demand,cob_persistent_poverty,cob_energy_community,cob_poverty_pct
16075,Payette County,ID,0.5349738382158546,998,0.5364304339857701,0.49822766701776927,0.4129699445218799,0.8235752908340082,0.6189556441166721,0.7435678051048566,0.29014366575003125,0,,0,0,0,0,0,0,0,prm_pct_tribal,prm_contested_total,haz_karst_exposed_pct,cob_ghgrp_combustion_facilities_n,cob_persistent_poverty,crb_queue_clean_mw
45057,Lancaster County,SC,0.534832930713371,999,0.6505467398298609,0.47885461745755986,0.633473657922416,0.8614161435941797,0.5526319940735109,0.6706543221397099,0.1242381460541107,0,,0,0,0,0,0,0,0,prm_moratorium_active,prm_moratorium_proposed,prm_contested_total,cob_persistent_poverty,cob_energy_community,cob_ghgrp_combustion_facilities_n
20061,Geary County,KS,0.5348023746295527,1000,0.6031606149865523,0.5202699972994206,0.572462331045027,0.8609855833154781,0.420984375762644,0.668785433481801,0.1936876552668207,0,,0,0,0,0,0,0,0,prm_nonattainment,prm_pct_tribal,lnd_pct_buildable,cob_ghgrp_combustion_facilities_n,cob_persistent_poverty,cob_energy_community
21015,Boone County,KY,0.5347388308837551,1001,0.7570132766562309,0.28245644414226484,0.8161441209505043,0.8176396358855151,0.6472980040331769,0.7850632072763233,0.12392952114814526,0,,0,0,0,0,0,0,0,prm_contested_total,prm_moratorium_active,prm_moratorium_proposed,cob_persistent_poverty,cob_energy_community,cob_ghgrp_combustion_facilities_n
13207,Monroe County,GA,0.5347139805531435,1002,0.7414428333722994,0.39085829417681683,0.38797733810367785,0.89777754296009,0.5916754203705499,0.7220018782591837,0.2279424521320575,0,,0,0,0,0,0,0,0,prm_nonattainment,prm_moratorium_active,cob_energy_community,crb_queue_clean_mw,crb_clean_gen_mw,cob_ghgrp_combustion_facilities_n
48183,Gregg County,TX,0.5346595832356269,1003,0.5895590076646907,0.46358789681284723,0.5784145279394719,0.8471029764367056,0.3877817122672498,0.6248007495926283,0.29307840175104305,0,,0,0,0,0,0,0,0,prm_contested_total,cob_energy_community,haz_karst_exposed_pct,cob_persistent_poverty,pwr_substations_230kv_n,cob_ghgrp_combustion_facilities_n
01085,Lowndes County,AL,0.5346413000033391,1004,0.5167989699101153,0.44694219713122096,0.46618306661252157,0.8686594514366279,0.44064719484563786,0.7625047617765222,0.401256750545134,0,,0,0,0,0,0,0,0,prm_nonattainment,prm_pct_tribal,cob_persistent_poverty,cob_energy_community,pwr_substations_230kv_n,pwr_dist_retired_plant_km
30045,Judith Basin County,MT,0.5344912202492887,1005,0.4875356210069694,0.5933442094886507,0.6065612262281607,0.833091691916714,0.776227050268509,0.3943591248715929,0.21508388238164958,0,,0,0,0,0,0,0,0,prm_pct_tribal,cob_heat_demand,haz_alr_riverine_flood,cob_lowtemp_ind_heat_tbtu,lnd_dist_interstate_km,lnd_dist_eaf_steel_km
17067,Hancock County,IL,0.5344603762188013,1006,0.44898601932829446,0.4917442371265298,0.6741112356098411,0.737881767878845,0.6910648412588288,0.5331604857461578,0.30736750893992315,0,,0,0,0,0,0,0,0,prm_moratorium_proposed,cob_energy_community,prm_moratorium_active,cob_ghgrp_combustion_facilities_n,pwr_substations_230kv_n,cob_persistent_poverty
37057,Davidson County,NC,0.5343784422992243,1007,0.6594015383893932,0.5323038187583352,0.5337874421199301,0.8641017427629916,0.6400616179106624,0.6821647712685525,0.10795958924758403,0,,0,0,0,0,0,0,0,prm_moratorium_active,prm_moratorium_proposed,prm_contested_total,cob_ghgrp_combustion_facilities_n,pwr_substations_230kv_n,cob_persistent_poverty
40079,Le Flore County,OK,0.5342880510158204,1008,0.48972979388254706,0.5677027139058551,0.646278665825177,0.8673293856403523,0.377952449820746,0.5144863878273451,0.30953918686120974,0,,0,0,0,0,0,0,0,prm_moratorium_proposed,prm_pct_tribal,haz_karst_exposed_pct,cob_ghgrp_combustion_facilities_n,cob_persistent_poverty,pwr_substations_230kv_n
16073,Owyhee County,ID,0.5342806816304416,1009,0.6129547052154268,0.6622696745174708,0.44054658669863295,0.864316333012446,0.6512245209336404,0.6433385567355531,0.11866491706853353,0,,0,0,0,0,0,0,0,lnd_pct_buildable,prm_contested_total,prm_moratorium_active,cob_ghgrp_combustion_facilities_n,pwr_dist_retired_plant_km,cob_persistent_poverty
41045,Malheur County,OR,0.5342306321478664,1010,0.550359060060441,0.7046601856050646,0.3350543083325014,0.8516113951071459,0.6181153268503643,0.7102634624588156,0.1976873523972813,0,,0,0,0,0,0,0,0,prm_nonattainment,lnd_pct_buildable,prm_moratorium_proposed,cob_ghgrp_combustion_facilities_n,cob_persistent_poverty,cob_energy_community
42083,McKean County,PA,0.5341062530215048,1011,0.6049506911126722,0.3350069573034181,0.5770163478890565,0.8413555832855003,0.7178797222966649,0.44377932201557835,0.37924991386840246,0,,0,0,0,0,0,0,0,haz_karst_exposed_pct,cob_heat_demand,cob_energy_community,cob_persistent_poverty,cob_ghgrp_combustion_facilities_n,crb_clean_gen_mw
40047,Garfield County,OK,0.5340776894741371,1012,0.6653645649937346,0.6717202103001295,0.48123718352230416,0.786457632905936,0.46729910151279874,0.5076795315487573,0.17145003649670063,0,,0,0,0,0,0,0,0,prm_pct_tribal,prm_nonattainment,prm_moratorium_active,cob_persistent_poverty,cob_energy_community,pwr_dist_retired_plant_km
27165,Watonwan County,MN,0.5340708237862308,1013,0.6678462011059184,0.4937574218571411,0.46230053850754615,0.7756040845026162,0.7451719306908695,0.4746901594702002,0.21520994047926434,0,,0,0,0,0,0,0,0,prm_contested_total,prm_pct_tribal,cob_heat_demand,cob_persistent_poverty,cob_energy_community,lnd_pct_cropland
40095,Marshall County,OK,0.5340038239273612,1014,0.542196929729766,0.5487896715324643,0.5035266794598221,0.8630827477051819,0.4141017669047006,0.6946497216598386,0.2590491344018359,0,,0,0,0,0,0,0,0,lnd_pct_buildable,prm_pct_tribal,prm_moratorium_active,cob_persistent_poverty,pwr_substations_230kv_n,cob_ghgrp_combustion_facilities_n
13175,Laurens County,GA,0.5339723568695569,1015,0.6095223493321356,0.5019180270226354,0.4718327281844922,0.9035724258419667,0.5425669689131615,0.5682065697876445,0.22567599874477284,0,,0,0,0,0,0,0,0,prm_moratorium_proposed,prm_contested_total,prm_moratorium_active,cob_persistent_poverty,cob_energy_community,cob_heat_demand
38105,Williams County,ND,0.5339057808762727,1016,0.6533224412230434,0.5693237967012118,0.6970398984008177,0.8546246862028375,0.7848341339185445,0.25777006681929576,0.1422848905540045,0,,0,0,0,0,0,0,0,haz_karst_exposed_pct,prm_pop_density_km2,prm_moratorium_active,cob_ghgrp_combustion_facilities_n,cob_persistent_poverty,cob_energy_community
46051,Grant County,SD,0.5338467705015143,1017,0.6250927517960833,0.5727572979934199,0.5850792085214003,0.7927390805202218,0.6256324745137909,0.3743141234061232,0.19483561387026688,0,,0,0,0,0,0,0,0,prm_nonattainment,haz_karst_exposed_pct,prm_moratorium_active,cob_persistent_poverty,cob_energy_community,pwr_dist_retired_plant_km
22077,Pointe Coupee Parish,LA,0.5337450558898779,1018,0.7371123167587713,0.5169993189730278,0.6511133220460066,0.8249758798834439,0.4393341951190352,0.47858889927330467,0.14540463711002172,0,,0,0,0,0,0,0,0,prm_moratorium_proposed,wtr_bws_2050_score,wtr_bws_score,cob_persistent_poverty,cob_energy_community,cob_ghgrp_combustion_facilities_n
37077,Granville County,NC,0.5337149446542073,1019,0.6282738915115577,0.5470364974687845,0.5427294305276614,0.8631045449843693,0.6647696241985923,0.6467431184497394,0.11203747622231612,0,,0,0,0,0,0,0,0,prm_pct_tribal,haz_karst_exposed_pct,prm_moratorium_active,cob_persistent_poverty,cob_energy_community,cob_ghgrp_combustion_facilities_n
37063,Durham County,NC,0.5336772777431151,1020,0.7109222801434194,0.5368991296363828,0.556621659201341,0.8191332848097627,0.6217586979240184,0.677555619041487,0.09376327215226665,0,,0,0,0,0,0,0,0,prm_tax_exemption_status,haz_karst_exposed_pct,prm_moratorium_active,cob_ghgrp_combustion_facilities_n,cob_persistent_poverty,cob_energy_community
39071,Highland County,OH,0.5336745128468054,1021,0.5865502512617091,0.3844759792094761,0.5798313242982454,0.773427570232015,0.647270528423108,0.5726165528438911,0.30422635301203993,0,,0,0,0,0,0,0,0,prm_moratorium_active,cob_energy_community,prm_pct_tribal,cob_ghgrp_combustion_facilities_n,pwr_substations_230kv_n,cob_persistent_poverty
26019,Benzie County,MI,0.533625888222827,1022,0.4925407156483336,0.40408179586664783,0.5421597158217711,0.8649648008081295,0.8552755967985392,0.43823419356963517,0.37744235272138094,0,,0,0,0,0,0,0,0,prm_nonattainment,cob_energy_community,prm_moratorium_active,crb_clean_gen_mw,cob_persistent_poverty,lnd_dist_interstate_km
37087,Haywood County,NC,0.5333710924637,1023,0.4670225263420625,0.496155596352153,0.7012681129091838,0.8870611810003031,0.6344743639295144,0.6275614138416551,0.1798094438929416,0,,0,0,0,0,0,0,0,prm_moratorium_active,prm_moratorium_proposed,prm_contested_total,crb_queue_clean_mw,cob_energy_community,cob_persistent_poverty
21033,Caldwell County,KY,0.533139884433497,1024,0.4864321076060686,0.4128164804741452,0.7225012700656981,0.830681866610115,0.4906643541307986,0.6364704169565947,0.3066390245675634,0,,0,0,0,0,0,0,0,prm_nonattainment,prm_moratorium_active,cob_energy_community,cob_ghgrp_combustion_facilities_n,pwr_substations_230kv_n,cob_persistent_poverty
45077,Pickens County,SC,0.5329318205017025,1025,0.7271789024882123,0.4707656704110981,0.4692098965941377,0.8545519061643788,0.6378292167709837,0.6472047595444529,0.1379280462402696,0,,0,0,0,0,0,0,0,haz_karst_exposed_pct,prm_moratorium_active,prm_moratorium_proposed,cob_persistent_poverty,cob_energy_community,cob_ghgrp_combustion_facilities_n
18179,Wells County,IN,0.5328356117484213,1026,0.6742024854189056,0.42101774846356,0.534263399780443,0.7618715782285946,0.675546473095009,0.7135750001292539,0.16645708396091025,0,,0,0,0,0,0,0,0,prm_moratorium_active,prm_pct_tribal,prm_moratorium_proposed,crb_queue_clean_mw,cob_persistent_poverty,cob_energy_community
23017,Oxford County,ME,0.5327152085920562,1027,0.44422012636109215,0.5677776329340679,0.8100420644959335,0.8189312574052197,0.645775226407482,0.3345801900968586,0.26031536989209675,0,,0,0,0,0,0,0,0,cob_heat_demand,haz_karst_exposed_pct,prm_moratorium_active,cob_persistent_poverty,cob_energy_community,pwr_substations_230kv_n
30095,Stillwater County,MT,0.5326265957033863,1028,0.5519035849038462,0.6484682649555417,0.4049893194542169,0.8456695455014285,0.6372335012726011,0.6909520888080194,0.16788688675243246,0,,0,0,0,0,0,0,0,prm_contested_total,cob_heat_demand,prm_moratorium_active,cob_ghgrp_combustion_facilities_n,cob_persistent_poverty,cob_energy_community
41001,Baker County,OR,0.5326121086804388,1029,0.5060351674696787,0.7172595456655844,0.3715985157491627,0.8535572562870781,0.6213152362795953,0.7121472667964316,0.18917060456328305,0,,0,0,0,0,0,0,0,prm_moratorium_proposed,prm_moratorium_active,prm_pop_density_km2,cob_ghgrp_combustion_facilities_n,pwr_dist_retired_plant_km,cob_persistent_poverty
29039,Cedar County,MO,0.5326025915014446,1030,0.4818109378643661,0.5303895355681907,0.5510135159305585,0.8783057953314387,0.4761544960323582,0.5714841946561269,0.31294577573502874,0,,0,0,0,0,0,0,0,prm_pct_tribal,prm_moratorium_active,prm_moratorium_proposed,cob_ghgrp_combustion_facilities_n,pwr_substations_230kv_n,cob_persistent_poverty
28105,Oktibbeha County,MS,0.53259132580391,1031,0.5801461951692833,0.39134923999332843,0.6401918578885086,0.8443989873683153,0.42429597267375496,0.5747015803543434,0.3397381643859656,0,,0,0,0,0,0,0,0,prm_moratorium_active,cob_persistent_poverty,prm_pct_tribal,crb_queue_clean_mw,lnd_dist_interstate_km,cob_energy_community
45011,Barnwell County,SC,0.5325222977215417,1032,0.5563131058711497,0.5532984103960613,0.44144172542480753,0.8752339810108231,0.46867090658511695,0.4673313615417971,0.36758630454785024,0,,0,0,0,0,0,0,0,prm_pct_tribal,prm_moratorium_active,cob_persistent_poverty,cob_energy_community,cob_ghgrp_combustion_facilities_n,wtr_wwtp_flow_mgd
48435,Sutton County,TX,0.5324526831942379,1033,0.5056641635263422,0.6544553689407129,0.5255949507938131,0.9033055201816051,0.40024654836228885,0.49890895245516315,0.2695576635186104,0,,0,0,0,0,0,0,0,prm_moratorium_active,prm_contested_total,cob_energy_community,cob_lowtemp_ind_heat_tbtu,cob_persistent_poverty,lnd_dist_brownfield_or_retired_km
27143,Sibley County,MN,0.53239710971974,1034,0.6206911755504105,0.42985946133690234,0.6396895882194407,0.7756040845026162,0.7226345335704603,0.3915072958102271,0.24152958028524982,0,,0,0,0,0,0,0,0,prm_contested_total,prm_nonattainment,cob_heat_demand,cob_persistent_poverty,cob_energy_community,pwr_substations_230kv_n
13099,Early County,GA,0.5323817405968639,1035,0.6796400271068437,0.47484533372558557,0.547719982943146,0.8887418399919467,0.34070397970726535,0.4083531330228636,0.34594694536065834,0,,0,0,0,0,0,0,0,prm_contested_total,prm_moratorium_proposed,cob_persistent_poverty,cob_energy_community,pwr_substations_230kv_n,crb_queue_clean_mw
21229,Washington County,KY,0.5323301750890616,1036,0.6366520971466969,0.28215169076015345,0.7128832544641738,0.8643234611595093,0.5656022941102408,0.6766208908350508,0.2599911980731373,0,,0,0,0,0,0,0,0,prm_contested_total,prm_moratorium_active,cob_energy_community,cob_persistent_poverty,pwr_substations_230kv_n,crb_clean_gen_mw
49047,Uintah County,UT,0.5323135611955747,1037,0.5484706863419521,0.46970678436529345,0.5972052891694736,0.6606025736153818,0.6394630433933931,0.516011128545233,0.32634660523004455,0,,0,0,0,0,0,0,0,lnd_pct_buildable,cob_energy_community,prm_moratorium_active,cob_persistent_poverty,cob_ghgrp_combustion_facilities_n,pwr_dist_retired_plant_km
39167,Washington County,OH,0.5322943828534195,1038,0.7138209549263183,0.20460093334433363,0.6561145395823709,0.8169805893022648,0.6414742120714144,0.6278229924404984,0.42187634031480153,0,,0,0,0,0,0,0,0,haz_karst_exposed_pct,prm_moratorium_active,cob_energy_community,crb_queue_clean_mw,crb_clean_gen_mw,cob_persistent_poverty
05019,Clark County,AR,0.5322900741400506,1039,0.6405717454119111,0.42873797270344766,0.5063877600702711,0.8829399846392644,0.42282693905001595,0.5828393783139382,0.3032186726111681,0,,0,0,0,0,0,0,0,prm_moratorium_proposed,prm_pct_tribal,cob_energy_community,cob_ghgrp_combustion_facilities_n,crb_queue_clean_mw,cob_persistent_poverty
17151,Pope County,IL,0.5322313915462598,1040,0.5615058441045431,0.3537132122800741,0.6489160237271107,0.8087773849745633,0.5697554001827296,0.615351306214647,0.3162389156195428,0,,0,0,0,0,0,0,0,prm_contested_total,prm_moratorium_proposed,wtr_bws_2050_score,cob_ghgrp_combustion_facilities_n,cob_persistent_poverty,crb_queue_clean_mw
19077,Guthrie County,IA,0.5322023998584244,1041,0.48330203623209894,0.4971525705550609,0.5868724310289262,0.8389674776028427,0.6698209305864661,0.6186680069897047,0.22179729560805353,0,,0,0,0,0,0,0,0,prm_pct_tribal,prm_moratorium_active,prm_moratorium_proposed,crb_queue_clean_mw,cob_persistent_poverty,cob_energy_community
28007,Attala County,MS,0.5321305662726769,1042,0.5934156113376913,0.4259190938943763,0.5940507950653812,0.8712034949295597,0.44279686562857545,0.5334762320737102,0.3032278844969512,0,,0,0,0,0,0,0,0,prm_moratorium_proposed,cob_persistent_poverty,prm_moratorium_active,crb_clean_gen_mw,cob_ghgrp_combustion_facilities_n,cob_energy_community
30063,Missoula County,MT,0.5320161688384359,1043,0.5912995807613536,0.48988873934862187,0.5986824738465956,0.8313448780937772,0.6465958444174097,0.5330612987852577,0.1722739129659244,0,,0,0,0,0,0,0,0,prm_nonattainment,prm_moratorium_active,prm_moratorium_proposed,crb_queue_clean_mw,lnd_dist_eaf_steel_km,cob_persistent_poverty
12107,Putnam County,FL,0.5319991235195601,1044,0.8156786529609875,0.4306322039781546,0.38836058698837583,0.8333979659417996,0.41563612802432637,0.6157487586827118,0.27486993157711637,0,,0,0,0,0,0,0,0,prm_nonattainment,prm_contested_total,prm_moratorium_active,cob_persistent_poverty,cob_energy_community,cob_heat_demand
51093,Isle of Wight County,VA,0.531976525163464,1045,0.7217694601114164,0.4350646346863315,0.5484806069575388,0.867539612281977,0.563818581566831,0.5426980129266746,0.16564474765219803,0,,0,0,0,0,0,0,0,prm_nonattainment,prm_moratorium_active,prm_moratorium_proposed,cob_persistent_poverty,cob_energy_community,cob_poverty_pct
48001,Anderson County,TX,0.5318901001939481,1046,0.5508444093795346,0.6009966288857802,0.579651144129828,0.78353102373067,0.38370485366917995,0.5114295996885155,0.28013555330397333,0,,0,0,0,0,0,0,0,prm_pct_tribal,cob_energy_community,prm_moratorium_active,cob_persistent_poverty,prm_nonattainment,pwr_substations_230kv_n
19095,Iowa County,IA,0.5317727898739265,1047,0.6523821511630136,0.4881893148239077,0.47527502467112875,0.8291494637613509,0.6492074793939329,0.6329763764220604,0.16548549376216423,0,,0,0,0,0,0,0,0,prm_pct_tribal,prm_nonattainment,prm_moratorium_active,cob_ghgrp_combustion_facilities_n,cob_persistent_poverty,cob_energy_community
19017,Bremer County,IA,0.5316672964846899,1048,0.5708274008579971,0.4310648823011861,0.6710556822167211,0.801704638343623,0.7115472754465597,0.6100113323776101,0.16451709494587002,0,,0,0,0,0,0,0,0,prm_pct_tribal,haz_karst_exposed_pct,prm_moratorium_active,cob_persistent_poverty,cob_ghgrp_combustion_facilities_n,cob_energy_community
13179,Liberty County,GA,0.5316069119778781,1049,0.6641889595213054,0.5077529132315448,0.6118299759742362,0.9076597667786518,0.42971170119628355,0.5290818333809739,0.15964650246255874,0,,0,0,0,0,0,0,0,prm_moratorium_active,prm_tax_exemption_status,haz_karst_exposed_pct,cob_persistent_poverty,cob_energy_community,cob_lowtemp_ind_heat_tbtu
39065,Hardin County,OH,0.5314472493652757,1050,0.6355851850449037,0.3834572229081653,0.5827099480560312,0.7254302860076173,0.7293984865555736,0.6018274032902732,0.22668349554044306,0,,0,0,0,0,0,0,0,prm_nonattainment,prm_moratorium_active,prm_moratorium_proposed,cob_ghgrp_combustion_facilities_n,cob_persistent_poverty,cob_energy_community
28027,Coahoma County,MS,0.5313444618437424,1051,0.5256833330762524,0.46250674521184837,0.6803468229179043,0.7784722265006995,0.45938752044409514,0.2986604564863892,0.5592920612191192,0,,0,0,0,0,0,0,0,prm_pct_tribal,prm_moratorium_active,haz_karst_exposed_pct,crb_clean_gen_mw,cob_ghgrp_combustion_facilities_n,lnd_dist_ixp_km
22075,Plaquemines Parish,LA,0.5312556750122985,1052,0.6477032359660987,0.4033420926908098,0.7000471309774864,0.8783774283100175,0.4122728346349425,0.4257121202232729,0.28202180389780745,0,,0,0,0,0,0,0,0,prm_pct_tribal,wtr_bws_score,wtr_bws_2050_score,cob_persistent_poverty,crb_queue_clean_mw,crb_clean_gen_mw
13009,Baldwin County,GA,0.5312527819307562,1053,0.6768458232169279,0.508806981243494,0.49045410118356203,0.9021950775748694,0.5776154692254687,0.5643822110072089,0.14862054069347497,0,,0,0,0,0,0,0,0,prm_contested_total,prm_nonattainment,prm_tax_exemption_status,cob_ghgrp_combustion_facilities_n,cob_persistent_poverty,cob_energy_community
17085,Jo Daviess County,IL,0.5311638224125069,1054,0.5426011749989532,0.34382396189618963,0.612974608448775,0.7641272766664841,0.6714957353127246,0.5733770833097493,0.3798624331170982,0,,0,0,0,0,0,0,0,prm_contested_total,prm_pct_tribal,cob_energy_community,lnd_dist_interstate_km,cob_persistent_poverty,crb_queue_clean_mw
01083,Limestone County,AL,0.5310914876245268,1055,0.7252448449626883,0.5556587249194207,0.7967456840624998,0.7969134023259552,0.514327347243608,0.7390254095178478,0.054197251538673316,0,,0,0,0,0,0,0,0,prm_nonattainment,prm_moratorium_active,crb_clean_gen_mw,cob_persistent_poverty,cob_energy_community,cob_ghgrp_combustion_facilities_n
55055,Jefferson County,WI,0.5310736060412778,1056,0.5517112557423209,0.5199389623636388,0.44779212516368216,0.7798458314637613,0.6843356953504499,0.737600473230296,0.205754184648662,0,,0,0,0,0,0,0,0,prm_contested_total,prm_pct_tribal,prm_moratorium_active,cob_persistent_poverty,cob_energy_community,pwr_substations_230kv_n
48429,Stephens County,TX,0.5309692425756214,1057,0.5677459230178973,0.7057963211537204,0.41320749389477474,0.8993737170335568,0.3869900391176281,0.4926463308671081,0.2682466320143325,0,,0,0,0,0,0,0,0,prm_contested_total,cob_energy_community,lnd_pct_buildable,cob_persistent_poverty,pwr_substations_230kv_n,cob_ghgrp_combustion_facilities_n
55015,Calumet County,WI,0.5309370890447377,1058,0.6899942518792932,0.37286414133645984,0.6712749830801248,0.7737882038566593,0.7826724903738678,0.5318550200805697,0.1525886768266246,0,,0,0,0,0,0,0,0,prm_pct_tribal,prm_nonattainment,cob_heat_demand,crb_clean_gen_mw,crb_queue_clean_mw,cob_ghgrp_combustion_facilities_n
18005,Bartholomew County,IN,0.5309271245502053,1059,0.6952699950385817,0.46270542984351926,0.5302072836677968,0.7828469884332265,0.5429241640757942,0.7376352915585399,0.14801252597311798,0,,0,0,0,0,0,0,0,prm_pct_tribal,haz_karst_exposed_pct,prm_moratorium_active,crb_clean_gen_mw,cob_energy_community,cob_ghgrp_combustion_facilities_n
22039,Evangeline Parish,LA,0.5308890190992807,1060,0.6127362063370054,0.4608409511512557,0.47292217025383676,0.7261280689001527,0.4007335051182385,0.5135626870495739,0.5087333957890022,0,,0,0,0,0,0,0,0,prm_moratorium_proposed,prm_moratorium_active,cob_persistent_poverty,prm_nonattainment,crb_clean_gen_mw,cob_lowtemp_ind_heat_tbtu
40081,Lincoln County,OK,0.5308636047628614,1061,0.6737835132470817,0.5707940948138519,0.4972625631070756,0.8658793973409074,0.4039352906549921,0.7771413750470684,0.13108260032067723,0,,0,0,0,0,0,0,0,prm_pct_tribal,lnd_pct_buildable,prm_moratorium_active,cob_persistent_poverty,cob_energy_community,pwr_substations_230kv_n
48005,Angelina County,TX,0.5308023951021595,1062,0.5381131510666314,0.6534193658176684,0.6146792849423537,0.8757624737021515,0.39283611946163005,0.34999448039299136,0.2749389251323522,0,,0,0,0,0,0,0,0,prm_moratorium_proposed,prm_pct_tribal,cob_energy_community,cob_persistent_poverty,pwr_dist_retired_plant_km,lnd_dist_brownfield_or_retired_km
27067,Kandiyohi County,MN,0.530762739718766,1063,0.5682516239924758,0.5031210048184565,0.6214139499953469,0.7886309933058433,0.7679408607747813,0.3442600026054062,0.23356499387106827,0,,0,0,0,0,0,0,0,prm_nonattainment,prm_pct_tribal,cob_heat_demand,cob_persistent_poverty,cob_energy_community,lnd_dist_interstate_km
47141,Putnam County,TN,0.5306955605388691,1064,0.5484479631176475,0.37548383289163945,0.5935445215147894,0.8472960494703974,0.5468258120700935,0.728532243181118,0.27262260354211004,0,,0,0,0,0,0,0,0,prm_nonattainment,cob_energy_community,prm_moratorium_active,cob_ghgrp_combustion_facilities_n,cob_persistent_poverty,pwr_substations_230kv_n
54051,Marshall County,WV,0.5305859853233107,1065,0.6501243834344892,0.20557659799132963,0.7068045072075162,0.8311021696961468,0.6681673532141996,0.7035486737090314,0.3715377437810238,0,,0,0,0,0,0,0,0,prm_pct_tribal,prm_moratorium_active,prm_moratorium_proposed,crb_clean_gen_mw,pwr_saidi_min,crb_queue_clean_mw
05095,Monroe County,AR,0.5305131846270975,1066,0.6975804011178554,0.4044069549004827,0.5232761729873731,0.8160758277040074,0.3850999323554151,0.38832132186035045,0.4767865800437775,0,,0,0,0,0,0,0,0,prm_nonattainment,prm_pct_tribal,haz_karst_exposed_pct,cob_ghgrp_combustion_facilities_n,crb_queue_clean_mw,crb_clean_gen_mw
29049,Clinton County,MO,0.5304482506280942,1067,0.5834269211813117,0.44631146512263936,0.6332611253304978,0.8231698638324254,0.6021761166503788,0.6898845535627026,0.15768962829810018,0,,0,0,0,0,0,0,0,prm_moratorium_active,haz_karst_exposed_pct,prm_pct_tribal,cob_lowtemp_ind_heat_tbtu,cob_ghgrp_combustion_facilities_n,crb_clean_gen_mw
05007,Benton County,AR,0.5304427683131839,1068,0.6363621532758359,0.5513414881310805,0.6404550782369997,0.8350838297798634,0.48949734477756396,0.7630564749726488,0.09528914227734382,0,,0,0,0,0,0,0,0,prm_pct_tribal,prm_nonattainment,prm_moratorium_active,cob_ghgrp_combustion_facilities_n,cob_persistent_poverty,cob_energy_community
17177,Stephenson County,IL,0.5304397611536671,1069,0.5509842694365891,0.4674262646579515,0.421368680979065,0.7001213900644266,0.6963412357241833,0.5496109316077562,0.4195077541056579,0,,0,0,0,0,0,0,0,prm_moratorium_proposed,prm_pct_tribal,cob_energy_community,cob_persistent_poverty,pwr_substations_230kv_n,lnd_dist_interstate_km
23009,Hancock County,ME,0.530318990332586,1070,0.4535117183164153,0.6082014795275056,0.8346443069127227,0.8108499627069099,0.6935071248594289,0.34488521626384916,0.1841633480958672,0,,0,0,0,0,0,0,0,prm_moratorium_active,prm_moratorium_proposed,prm_contested_total,cob_persistent_poverty,cob_energy_community,pwr_substations_230kv_n
29133,Mississippi County,MO,0.5302771127756258,1071,0.510160485728741,0.36985997060165143,0.6880842696614456,0.7785674793378551,0.45033216530438397,0.6842514156961568,0.38322261516432055,0,,0,0,0,0,0,0,0,prm_pct_tribal,prm_moratorium_active,cob_persistent_poverty,cob_lowtemp_ind_heat_tbtu,lnd_pct_cropland,crb_clean_gen_mw
18159,Tipton County,IN,0.530235884439085,1072,0.6565917649242385,0.5106313825328422,0.4920688533092649,0.7668436744360214,0.6038796960994143,0.6287983406306206,0.1688444606288516,0,,0,0,0,0,0,0,0,prm_moratorium_active,haz_karst_exposed_pct,prm_moratorium_proposed,cob_ghgrp_combustion_facilities_n,cob_persistent_poverty,cob_energy_community
21117,Kenton County,KY,0.5302333414680567,1073,0.7411193756268377,0.24282526942261673,0.8553588965620212,0.8069982843532989,0.6369772851605333,0.7926807398084571,0.1498420289668898,0,,0,0,0,0,0,0,0,prm_moratorium_active,prm_moratorium_proposed,prm_contested_total,cob_ghgrp_combustion_facilities_n,cob_persistent_poverty,cob_energy_community
19015,Boone County,IA,0.5302133151272653,1074,0.5587539469160502,0.4983248778977341,0.683920267830954,0.8062680654870654,0.7022684046446549,0.5364326129350871,0.1435002453310771,0,,0,0,0,0,0,0,0,prm_pct_tribal,prm_nonattainment,prm_moratorium_active,cob_ghgrp_combustion_facilities_n,cob_persistent_poverty,cob_energy_community
48351,Newton County,TX,0.5301491011625834,1075,0.6007295211818509,0.502994892467618,0.5427236845439183,0.9032753476204254,0.3928342745630668,0.39967422483894843,0.34399980971906313,0,,0,0,0,0,0,0,0,prm_moratorium_active,prm_nonattainment,cob_energy_community,cob_lowtemp_ind_heat_tbtu,cob_persistent_poverty,lnd_dist_interstate_km
01015,Calhoun County,AL,0.5300522429398754,1076,0.616315327840497,0.4436469940182877,0.5923013007173743,0.8303953977874609,0.5020770096290329,0.7568064203746036,0.1672846467848243,0,,0,0,0,0,0,0,0,prm_nonattainment,prm_moratorium_active,prm_moratorium_proposed,cob_persistent_poverty,crb_queue_clean_mw,cob_energy_community
23013,Knox County,ME,0.529944188764812,1077,0.4857108049537176,0.5836162292240452,0.8142917239554619,0.7928823099042797,0.6476454017470722,0.3076470638325038,0.21820657157593695,0,,0,0,0,0,0,0,0,prm_pct_tribal,prm_moratorium_active,prm_moratorium_proposed,cob_persistent_poverty,cob_energy_community,pwr_substations_230kv_n
47179,Washington County,TN,0.5298019352445253,1078,0.6475883407159636,0.4197382505700526,0.6886107046798985,0.8319723280956033,0.64805672366161,0.742286002391146,0.10365921169940166,0,,0,0,0,0,0,0,0,prm_pct_tribal,prm_moratorium_active,prm_moratorium_proposed,cob_persistent_poverty,cob_energy_community,pwr_substations_230kv_n
27129,Renville County,MN,0.5297860677956263,1079,0.5701736906462692,0.5139987047950647,0.6254244616548995,0.7755990687562608,0.7507395260259829,0.3022751442180082,0.25908840169240555,0,,0,0,0,0,0,0,0,prm_contested_total,prm_pop_density_km2,cob_heat_demand,cob_persistent_poverty,cob_energy_community,lnd_dist_interstate_km
40037,Creek County,OK,0.5296748476131374,1080,0.6391348519620562,0.5587588804044495,0.5225988364558416,0.8526524136265111,0.4522089312917973,0.786592877536617,0.12539671857051263,0,,0,0,0,0,0,0,0,prm_pct_tribal,prm_moratorium_active,prm_moratorium_proposed,cob_persistent_poverty,cob_energy_community,cob_ghgrp_combustion_facilities_n
42127,Wayne County,PA,0.529572966755758,1081,0.6383690180858085,0.3456295246498208,0.44924781562087546,0.809844868305859,0.7037506656953327,0.6156025487828577,0.3315504865033742,0,,0,0,0,0,0,0,0,haz_karst_exposed_pct,prm_moratorium_active,prm_moratorium_proposed,cob_ghgrp_combustion_facilities_n,cob_persistent_poverty,wtr_wwtp_flow_mgd
16047,Gooding County,ID,0.5295424703423078,1082,0.6090894160871149,0.59256253539128,0.40659804194938926,0.8380618385189297,0.6113238894058116,0.6308494650487355,0.1725555704395148,0,,0,0,0,0,0,0,0,prm_pct_tribal,prm_pop_density_km2,lnd_pct_buildable,cob_persistent_poverty,cob_energy_community,pwr_dist_retired_plant_km
28033,DeSoto County,MS,0.5295187962001014,1083,0.7705332528034857,0.5342329180580208,0.7144321562491157,0.7544024919993046,0.4614326226104832,0.580642063702821,0.08965915615203407,0,,0,0,0,0,0,0,0,prm_nonattainment,haz_karst_exposed_pct,prm_moratorium_active,cob_ghgrp_combustion_facilities_n,cob_persistent_poverty,cob_energy_community
19175,Union County,IA,0.5295115789862826,1084,0.4858045056452185,0.5497275158825724,0.6748670020792661,0.8582104470598969,0.6456614627685706,0.4309179282402387,0.20307495176426993,0,,0,0,0,0,0,0,0,haz_karst_exposed_pct,prm_moratorium_active,prm_moratorium_proposed,cob_persistent_poverty,cob_energy_community,pwr_substations_230kv_n
28113,Pike County,MS,0.5294357353324491,1085,0.5852626621839455,0.38154524345624885,0.4019503995784854,0.848121452213103,0.47007738589405546,0.6429278606789581,0.5295420611278994,0,,0,0,0,0,0,0,0,haz_karst_exposed_pct,prm_moratorium_active,cob_persistent_poverty,crb_queue_clean_mw,wtr_wwtp_flow_mgd,crb_clean_gen_mw
47145,Roane County,TN,0.5293468435223976,1086,0.6887639904803109,0.40486006804164454,0.6847651514200267,0.8541835440102209,0.5820115683784584,0.714796369209103,0.1073361944994633,0,,0,0,0,0,0,0,0,prm_contested_total,prm_moratorium_active,prm_moratorium_proposed,cob_lowtemp_ind_heat_tbtu,cob_persistent_poverty,cob_energy_community
37005,Alleghany County,NC,0.5293457441763038,1087,0.5840574801819562,0.4494684393805608,0.5347997714439574,0.9037734357061492,0.7147918984534605,0.6429837902470005,0.15402016058123244,0,,0,0,0,0,0,0,0,prm_tax_exemption_status,prm_moratorium_active,prm_moratorium_proposed,crb_clean_gen_mw,cob_ghgrp_combustion_facilities_n,cob_persistent_poverty
26119,Montmorency County,MI,0.5293296439558822,1088,0.46254207349354415,0.40098684389641254,0.6530336641514142,0.8792006161341883,0.8213024018429422,0.2936987388128623,0.4648948137818736,0,,0,0,0,0,0,0,0,prm_pct_tribal,prm_pop_density_km2,haz_alr_riverine_flood,crb_clean_gen_mw,crb_queue_clean_mw,pwr_dist_retired_plant_km
06103,Tehama County,CA,0.5291455554022626,1089,0.45102348129597747,0.6035010223764188,0.5517376516440045,0.7086462414994393,0.48592713586556385,0.6173630902043915,0.3356896821438778,0,,0,0,0,0,0,0,0,lnd_pct_buildable,prm_moratorium_active,prm_moratorium_proposed,pwr_ind_price_cents_kwh,cob_persistent_poverty,prm_price_growth_pct
37191,Wayne County,NC,0.5290344962464175,1090,0.7114701788134826,0.5948204715725116,0.5049501569556369,0.8194420747493097,0.4528444433032269,0.575320903872402,0.13341086095531884,0,,0,0,0,0,0,0,0,prm_moratorium_active,prm_tax_exemption_status,prm_pct_tribal,cob_persistent_poverty,cob_ghgrp_combustion_facilities_n,cob_energy_community
30061,Mineral County,MT,0.529030327198524,1091,0.5733172143754366,0.482655819811116,0.6519764065959586,0.8558743311622544,0.5637139266249738,0.4045630987389414,0.22791939954424092,0,,0,0,0,0,0,0,0,prm_pop_density_km2,prm_moratorium_active,prm_moratorium_proposed,cob_ghgrp_combustion_facilities_n,cob_persistent_poverty,cob_energy_community
28005,Amite County,MS,0.5289413313012452,1092,0.5697336224946231,0.45174449416458956,0.4392649308952029,0.8737341686268678,0.4609255989920744,0.4672329818518152,0.48246599462832507,0,,0,0,0,0,0,0,0,prm_pop_density_km2,prm_nonattainment,cob_persistent_poverty,cob_lowtemp_ind_heat_tbtu,crb_clean_gen_mw,pwr_substations_230kv_n
49021,Iron County,UT,0.5289350375628219,1093,0.6155149656352855,0.6194151415564993,0.3616715199075273,0.8684465836235942,0.5578519538805489,0.7200447543341938,0.1669808058283886,0,,0,0,0,0,0,0,0,prm_pop_density_km2,lnd_pct_buildable,prm_moratorium_active,cob_ghgrp_combustion_facilities_n,cob_persistent_poverty,cob_energy_community
19041,Clay County,IA,0.5289285731316081,1094,0.662729039473723,0.4893439355179467,0.7194058814603174,0.8093702528908707,0.6401447988103471,0.32360607546966214,0.16662830757804706,0,,0,0,0,0,0,0,0,prm_nonattainment,prm_moratorium_active,prm_moratorium_proposed,crb_queue_clean_mw,lnd_dist_interstate_km,cob_ghgrp_combustion_facilities_n
40071,Kay County,OK,0.5288772306237166,1095,0.7143103256823838,0.6659463151958562,0.36899755299273373,0.777534801411553,0.4065709175344941,0.6079634330514627,0.19641656407292715,0,,0,0,0,0,0,0,0,prm_nonattainment,prm_moratorium_active,prm_moratorium_proposed,cob_persistent_poverty,cob_energy_community,haz_alr_tornado
21021,Boyle County,KY,0.528875651471886,1096,0.6746905376775875,0.23398616589154955,0.690358865582577,0.8352586933036057,0.6148922289474084,0.6930777986493976,0.29787797062621246,0,,0,0,0,0,0,0,0,prm_pct_tribal,cob_energy_community,prm_moratorium_active,cob_persistent_poverty,pwr_substations_230kv_n,cob_ghgrp_combustion_facilities_n
39025,Clermont County,OH,0.5288084168897709,1097,0.774782765741025,0.2984020517359618,0.7832785274800573,0.767904987012474,0.6846005223927184,0.6950157715144317,0.11909046701112486,0,,0,0,0,0,0,0,0,prm_contested_total,haz_karst_exposed_pct,prm_moratorium_active,cob_ghgrp_combustion_facilities_n,cob_persistent_poverty,cob_energy_community
51041,Chesterfield County,VA,0.5287987441979698,1098,0.7456070577292919,0.37049788598371725,0.6261969564761497,0.8444405667119853,0.6491402629021362,0.6439619060040512,0.12118504292059516,0,,0,0,0,0,0,0,0,prm_pct_tribal,prm_tax_exemption_status,prm_moratorium_active,cob_energy_community,cob_persistent_poverty,cob_lowtemp_ind_heat_tbtu
27019,Carver County,MN,0.5286467290149325,1099,0.6755692166632163,0.4560288134951394,0.5632749643258623,0.7661326704828814,0.730865954950098,0.5052966812229397,0.15858966565358903,0,,0,0,0,0,0,0,0,prm_moratorium_proposed,prm_pct_tribal,cob_heat_demand,cob_persistent_poverty,cob_energy_community,cob_poverty_pct
30107,Wheatland County,MT,0.5285608849282717,1100,0.5794393637520737,0.6853781757238577,0.2927762151918519,0.8448213426793479,0.6409159643075537,0.5128608724533151,0.2759983408247014,0,,0,0,0,0,0,0,0,lnd_pct_buildable,prm_moratorium_active,prm_moratorium_proposed,cob_ghgrp_combustion_facilities_n,cob_persistent_poverty,cob_energy_community
21079,Garrard County,KY,0.5284417642578726,1101,0.7344292985745494,0.2848679140332837,0.5075096685779714,0.8589362634936402,0.5530094037711664,0.6872186526872248,0.2934861724238094,0,,0,0,0,0,0,0,0,lnd_pct_buildable,prm_pct_tribal,prm_moratorium_active,cob_persistent_poverty,cob_ghgrp_combustion_facilities_n,crb_queue_clean_mw
01093,Marion County,AL,0.5283190452162675,1102,0.5806051792083551,0.3947310927501634,0.5179688250633971,0.8616768071745792,0.5351340756537559,0.6752153464375626,0.2771438971818382,0,,0,0,0,0,0,0,0,prm_pct_tribal,cob_energy_community,prm_moratorium_active,crb_queue_clean_mw,cob_ghgrp_combustion_facilities_n,cob_persistent_poverty
28087,Lowndes County,MS,0.5283022688117145,1103,0.6768950212439846,0.5227426645470402,0.5395021208995765,0.8302050446830059,0.39527307848229337,0.6038051025675358,0.17955510114936613,0,,0,0,0,0,0,0,0,prm_pct_tribal,prm_nonattainment,prm_moratorium_active,cob_persistent_poverty,cob_energy_community,lnd_dist_interstate_km
26069,Iosco County,MI,0.5281098679845367,1104,0.3964244817346674,0.49514913997906873,0.5925382623080406,0.8646312654671254,0.7626825515038201,0.3587916799868122,0.45630766948477874,0,,0,0,0,0,0,0,0,cob_heat_demand,prm_moratorium_active,cob_energy_community,cob_persistent_poverty,lnd_dist_interstate_km,pwr_substations_230kv_n
47051,Franklin County,TN,0.5281092816601854,1105,0.6601342341368162,0.43469772358620345,0.715266866734621,0.8484900848310094,0.563876340376258,0.6723388276752815,0.10516358895785897,0,,0,0,0,0,0,0,0,prm_nonattainment,prm_moratorium_active,prm_moratorium_proposed,cob_persistent_poverty,cob_energy_community,cob_ghgrp_combustion_facilities_n
29009,Barry County,MO,0.5280490108110851,1106,0.5362953185793071,0.5229703344320238,0.470295099412939,0.8748460723460714,0.38490443623731296,0.6696947347535785,0.31340929524337297,0,,0,0,0,0,0,0,0,prm_contested_total,prm_moratorium_proposed,cob_energy_community,cob_ghgrp_combustion_facilities_n,crb_clean_gen_mw,cob_persistent_poverty
54023,Grant County,WV,0.5280215783247825,1107,0.6598543574237007,0.3426113927786171,0.5471624700092756,0.8564668968795932,0.6208500666587569,0.5145577046934601,0.2821152290108406,0,,0,0,0,0,0,0,0,prm_pop_density_km2,prm_moratorium_active,prm_moratorium_proposed,cob_lowtemp_ind_heat_tbtu,lnd_dist_interstate_km,cob_persistent_poverty
18151,Steuben County,IN,0.52786220190535,1108,0.4624825881707917,0.42444489628155424,0.6994694038490104,0.7972502779140832,0.7260459694819656,0.7670544740683994,0.18474895991823914,0,,0,0,0,0,0,0,0,prm_moratorium_proposed,wtr_bws_score,wtr_bws_2050_score,crb_queue_clean_mw,cob_persistent_poverty,cob_ghgrp_combustion_facilities_n
53051,Pend Oreille County,WA,0.5277629126161002,1109,0.5791167996695472,0.6208163159602159,0.6727638879775576,0.8670182696693409,0.6634862693744312,0.31298350566969607,0.14216075689326327,0,,0,0,0,0,0,0,0,prm_pop_density_km2,prm_moratorium_active,prm_moratorium_proposed,crb_queue_clean_mw,lnd_dist_interstate_km,cob_persistent_poverty
39097,Madison County,OH,0.5277611794333275,1110,0.7428640566503132,0.4011451422177301,0.5105335141464821,0.6972071852120036,0.7646310397491001,0.6752204916467663,0.15221392488948574,0,,0,0,0,0,0,0,0,prm_nonattainment,haz_karst_exposed_pct,prm_moratorium_active,cob_ghgrp_combustion_facilities_n,cob_persistent_poverty,cob_energy_community
19011,Benton County,IA,0.5277243563501174,1111,0.6469251377007266,0.41078110635668724,0.6114674361361448,0.8057890484710785,0.6955785011842244,0.5825663042927598,0.15456464047302587,0,,0,0,0,0,0,0,0,prm_pct_tribal,prm_moratorium_active,prm_moratorium_proposed,crb_queue_clean_mw,crb_clean_gen_mw,pwr_substations_230kv_n
54035,Jackson County,WV,0.5276000381274981,1112,0.6091206294972588,0.26684358829119337,0.6796739204365202,0.8408175176750173,0.63373805541653,0.592995279748261,0.33034988152484557,0,,0,0,0,0,0,0,0,prm_pct_tribal,cob_energy_community,haz_karst_exposed_pct,cob_ghgrp_combustion_facilities_n,cob_persistent_poverty,pwr_substations_230kv_n
18105,Monroe County,IN,0.5275952738110867,1113,0.6371541695846202,0.41131137703666076,0.5383983195214477,0.8301525620764758,0.6276002384009973,0.6445597729667042,0.1844272071611808,0,,0,0,0,0,0,0,0,prm_nonattainment,prm_moratorium_active,prm_moratorium_proposed,crb_queue_clean_mw,cob_persistent_poverty,cob_energy_community
45081,Saluda County,SC,0.527558142948272,1114,0.6320604485608776,0.5642269966087929,0.3756644165254821,0.8885156131737629,0.5474039455085593,0.6709018374898733,0.1812394824512371,0,,0,0,0,0,0,0,0,prm_nonattainment,prm_moratorium_active,prm_moratorium_proposed,cob_persistent_poverty,cob_energy_community,wtr_wwtp_flow_mgd
46011,Brookings County,SD,0.527511062709747,1115,0.5822828039481518,0.5745007715917961,0.4569281915591567,0.8102946997508574,0.5636342714394156,0.4618569298565092,0.2535459060408658,0,,0,0,0,0,0,0,0,prm_pct_tribal,prm_nonattainment,prm_moratorium_active,cob_persistent_poverty,cob_energy_community,cob_unemp_rate
38043,Kidder County,ND,0.5274903692402408,1116,0.6245397401313159,0.40589082006767496,0.6366915336721329,0.8829068512619563,0.7418128658773424,0.38609777233431736,0.1972508865248227,0,,0,0,0,0,0,0,0,prm_price_growth_pct,prm_pop_density_km2,haz_alr_riverine_flood,cob_lowtemp_ind_heat_tbtu,lnd_dist_eaf_steel_km,lnd_dist_cement_km
19067,Floyd County,IA,0.5274741805729605,1117,0.4785291881138051,0.4649597453411191,0.6759751813255437,0.8068660565460636,0.6740028153362477,0.535926662814466,0.23014444694327701,0,,0,0,0,0,0,0,0,haz_karst_exposed_pct,prm_moratorium_active,prm_moratorium_proposed,cob_persistent_poverty,cob_energy_community,pwr_substations_230kv_n
51173,Smyth County,VA,0.5274599355571767,1118,0.5800925369064268,0.28858775714644025,0.5869630983599637,0.918325162855064,0.673582420688326,0.695522162997066,0.27898952290771667,0,,0,0,0,0,0,0,0,prm_moratorium_active,prm_moratorium_proposed,cob_energy_community,cob_persistent_poverty,cob_ghgrp_combustion_facilities_n,crb_clean_gen_mw
38021,Dickey County,ND,0.5274530029073912,1119,0.6373768155578584,0.5578726599446786,0.6983443178007733,0.8466869059371828,0.7262405376855144,0.2905076532464537,0.1338061389250579,0,,0,0,0,0,0,0,0,prm_pct_tribal,prm_pop_density_km2,prm_moratorium_active,cob_ghgrp_combustion_facilities_n,cob_persistent_poverty,cob_energy_community
01065,Hale County,AL,0.5274485233758021,1120,0.563566752934331,0.3890139914897779,0.5874140375822056,0.8688934613743957,0.42923986596460495,0.6444539027615336,0.31917246974738434,0,,0,0,0,0,0,0,0,prm_pop_density_km2,prm_pct_tribal,cob_persistent_poverty,crb_queue_clean_mw,crb_clean_gen_mw,cob_ghgrp_combustion_facilities_n
40117,Pawnee County,OK,0.5274457941401786,1121,0.6202076034331769,0.5591867602131007,0.600791749653545,0.8662297344761427,0.42164522598931253,0.5872320645602302,0.14598285143027617,0,,0,0,0,0,0,0,0,prm_moratorium_active,lnd_pct_buildable,prm_moratorium_proposed,cob_persistent_poverty,cob_energy_community,pwr_substations_230kv_n
48155,Foard County,TX,0.5273981027966783,1122,0.7349603721860934,0.7239327599525645,0.3115454130199444,0.876048742241019,0.42177798602997085,0.3211227784417601,0.3036118492817158,0,,0,0,0,0,0,0,0,prm_pct_tribal,prm_nonattainment,lnd_pct_buildable,cob_lowtemp_ind_heat_tbtu,cob_persistent_poverty,lnd_dist_interstate_km
19183,Washington County,IA,0.5273950445291204,1123,0.6249595398289899,0.45020425166519307,0.6523456921903246,0.8249092363710052,0.6166290838748877,0.626020363187138,0.12924405795772603,0,,0,0,0,0,0,0,0,haz_karst_exposed_pct,prm_moratorium_active,prm_moratorium_proposed,cob_ghgrp_combustion_facilities_n,cob_persistent_poverty,cob_energy_community
40085,Love County,OK,0.5273889815056478,1124,0.47816329413501363,0.5124993172627096,0.5520043146565068,0.86862962747088,0.4271764069903831,0.7283574414589505,0.27206795585323984,0,,0,0,0,0,0,0,0,prm_contested_total,cob_energy_community,lnd_pct_buildable,cob_persistent_poverty,cob_ghgrp_combustion_facilities_n,pwr_substations_230kv_n
01055,Etowah County,AL,0.5273868687648876,1125,0.7311501474637607,0.37940340107621945,0.5849419205082854,0.8297193440254031,0.5540388930613127,0.817752894620046,0.12384206432604555,0,,0,0,0,0,0,0,0,prm_moratorium_active,prm_moratorium_proposed,prm_contested_total,crb_queue_clean_mw,crb_clean_gen_mw,cob_energy_community
26047,Emmet County,MI,0.527338954248667,1126,0.3711524346603329,0.3940777993986309,0.7190622710383103,0.8583084645831903,0.8727318994254283,0.48986102632399037,0.37954853236930297,0,,0,0,0,0,0,0,0,haz_alr_riverine_flood,cob_heat_demand,prm_moratorium_active,crb_queue_clean_mw,crb_clean_gen_mw,pwr_dist_retired_plant_km
18169,Wabash County,IN,0.5273143999096459,1127,0.6665182500328528,0.39833446202335066,0.4938435035027794,0.7814439855109968,0.6153020068290551,0.6434180468141595,0.22415646020166013,0,,0,0,0,0,0,0,0,prm_moratorium_proposed,prm_moratorium_active,prm_pct_tribal,crb_queue_clean_mw,cob_persistent_poverty,cob_energy_community
39139,Richland County,OH,0.5272851610683382,1128,0.5443866799789266,0.2965156712093213,0.5874464766528489,0.7547088267227825,0.734147434979317,0.7168115213810689,0.3634656574143981,0,,0,0,0,0,0,0,0,haz_karst_exposed_pct,prm_moratorium_active,prm_moratorium_proposed,cob_persistent_poverty,cob_ghgrp_combustion_facilities_n,pwr_substations_230kv_n
34005,Burlington County,NJ,0.5272752163246903,1129,0.7902222417329796,0.3936855048110781,0.6036384921589073,0.6630740570181808,0.5234775506151899,0.7793141258831752,0.14452308372707084,0,,0,0,0,0,0,0,0,prm_moratorium_active,prm_pct_tribal,prm_contested_total,cob_persistent_poverty,cob_energy_community,prm_nonattainment
40111,Okmulgee County,OK,0.5272418897754166,1130,0.613519244707323,0.4960859866832753,0.5181598894055928,0.858576338272961,0.38414092407554973,0.7582299478533661,0.19870965256213663,0,,0,0,0,0,0,0,0,prm_moratorium_active,prm_pct_tribal,lnd_pct_buildable,cob_persistent_poverty,cob_energy_community,pwr_substations_230kv_n
42123,Warren County,PA,0.5272350949341412,1131,0.587979670544396,0.33404880205658255,0.63525856333253,0.7343454034157704,0.7255689303155145,0.47113463883902545,0.3527671175343566,0,,0,0,0,0,0,0,0,haz_karst_exposed_pct,prm_moratorium_active,cob_energy_community,cob_ghgrp_combustion_facilities_n,cob_persistent_poverty,prm_nonattainment
27039,Dodge County,MN,0.5271946159641596,1132,0.5700823724074159,0.4661208791983523,0.633340113262891,0.7430534608989032,0.7250326282822379,0.49363900180264264,0.19525263868751452,0,,0,0,0,0,0,0,0,prm_moratorium_proposed,prm_pct_tribal,cob_heat_demand,cob_persistent_poverty,cob_energy_community,pwr_substations_230kv_n
21031,Butler County,KY,0.5271091955937365,1133,0.5962143449583529,0.38353535789521614,0.5206712636361364,0.8593027833103505,0.5621011603043791,0.5316032580427748,0.32419328124713687,0,,0,0,0,0,0,0,0,prm_moratorium_active,prm_moratorium_proposed,cob_energy_community,cob_lowtemp_ind_heat_tbtu,cob_ghgrp_combustion_facilities_n,cob_persistent_poverty
13285,Troup County,GA,0.526850263841787,1134,0.7185012589339219,0.49088129443154377,0.47047364754910104,0.8817283492730765,0.552592179891835,0.7363613882216836,0.11289452295828162,0,,0,0,0,0,0,0,0,prm_moratorium_active,haz_karst_exposed_pct,prm_tax_exemption_status,cob_persistent_poverty,cob_energy_community,cob_ghgrp_combustion_facilities_n
17075,Iroquois County,IL,0.5268417792693441,1135,0.46562405584306815,0.5268195714292263,0.437721848627335,0.7158413757269437,0.6742398968142742,0.5737472640204514,0.4135948746240863,0,,0,0,0,0,0,0,0,prm_pct_tribal,prm_moratorium_active,cob_energy_community,cob_persistent_poverty,lnd_pct_cropland,pwr_substations_230kv_n
19143,Osceola County,IA,0.5268146729371556,1136,0.5556590477614215,0.48243126022548105,0.5874930175356183,0.8100837139941044,0.6263761643253959,0.45449494647976635,0.2383159857384519,0,,0,0,0,0,0,0,0,prm_pct_tribal,prm_moratorium_active,prm_moratorium_proposed,cob_persistent_poverty,cob_energy_community,pwr_substations_230kv_n
22005,Ascension Parish,LA,0.5267646560855976,1137,0.8479806792140321,0.3911066431493234,0.545068556971866,0.8101925744523397,0.38488262564844167,0.548964087208809,0.20661150508752157,0,,0,0,0,0,0,0,0,prm_nonattainment,prm_pct_tribal,cob_ghgrp_combustion_facilities_n,cob_persistent_poverty,cob_energy_community,crb_queue_clean_mw
45023,Chester County,SC,0.5267588091392887,1138,0.617478099233112,0.5359474090934762,0.3897952775877208,0.8844994531965542,0.5596850403959616,0.7051092254354902,0.18273823144119242,0,,0,0,0,0,0,0,0,prm_pct_tribal,haz_karst_exposed_pct,prm_moratorium_active,cob_persistent_poverty,cob_energy_community,cob_ghgrp_combustion_facilities_n
05149,Yell County,AR,0.5267573763953328,1139,0.6033586978064044,0.4248525763733245,0.6318800111459689,0.8831901522618409,0.3763944624604237,0.5178996668038879,0.2871369065980567,0,,0,0,0,0,0,0,0,prm_contested_total,prm_moratorium_proposed,cob_energy_community,cob_persistent_poverty,pwr_substations_230kv_n,crb_clean_gen_mw
48053,Burnet County,TX,0.5267571848837269,1140,0.548729374968767,0.6854986963219117,0.44596940907924615,0.8901321663162874,0.3641011227601407,0.6542246337648558,0.2039935429455016,0,,0,0,0,0,0,0,0,prm_moratorium_active,cob_energy_community,lnd_pct_buildable,cob_persistent_poverty,pwr_substations_230kv_n,lnd_dist_interstate_km
45045,Greenville County,SC,0.5267536566107452,1141,0.7078605723752183,0.4468818245001288,0.5183181443154704,0.8143237189821625,0.658503252511771,0.7204992499426868,0.11522906897910921,0,,0,0,0,0,0,0,0,prm_pct_tribal,haz_karst_exposed_pct,prm_moratorium_active,cob_persistent_poverty,cob_energy_community,cob_ghgrp_combustion_facilities_n
37161,Rutherford County,NC,0.526681287657086,1142,0.6676814056839825,0.5269511758226821,0.4884750247919123,0.8655164026688874,0.5629979420658102,0.5952204637916928,0.13736580196698256,0,,0,0,0,0,0,0,0,haz_karst_exposed_pct,prm_tax_exemption_status,prm_moratorium_active,cob_persistent_poverty,cob_energy_community,cob_ghgrp_combustion_facilities_n
49009,Daggett County,UT,0.5265258253980698,1143,0.37137530050675016,0.5120213832149155,0.6050724298373878,0.8727430021219187,0.7437988599718993,0.5249967691613057,0.3222825669363653,0,,0,0,0,0,0,0,0,prm_moratorium_proposed,cob_energy_community,prm_moratorium_active,cob_lowtemp_ind_heat_tbtu,cob_persistent_poverty,pwr_dist_retired_plant_km
40033,Cotton County,OK,0.5264665949764039,1144,0.5820332068737544,0.5042270221657013,0.42101040883640717,0.8235651279828374,0.4159545005204062,0.7086228758361948,0.30665421626148903,0,,0,0,0,0,0,0,0,prm_pct_tribal,haz_karst_exposed_pct,cob_energy_community,cob_persistent_poverty,cob_ghgrp_combustion_facilities_n,pwr_substations_230kv_n
48491,Williamson County,TX,0.5263714038066978,1145,0.7438362501043969,0.6096702296168552,0.5564181472298888,0.8174649397469542,0.5001608790304082,0.8430979234859578,0.05898048992155669,0,,0,0,0,0,0,0,0,prm_contested_total,prm_county_can_zone,prm_moratorium_active,cob_persistent_poverty,cob_energy_community,cob_ghgrp_combustion_facilities_n
54049,Marion County,WV,0.5263443991813817,1146,0.6379096999393923,0.2493582734807788,0.5472941312639407,0.8190531053970659,0.6861849581118463,0.6752167425137966,0.38438224926549774,0,,0,0,0,0,0,0,0,lnd_pct_cropland,prm_pct_tribal,prm_moratorium_active,cob_persistent_poverty,pwr_substations_230kv_n,crb_lrmer_2035_kg_mwh
18115,Ohio County,IN,0.5262417335844362,1147,0.6662848346705836,0.3912801576623165,0.6592258111273707,0.8569071936745439,0.5887093545556917,0.7722063542426829,0.11161861913364052,0,,0,0,0,0,0,0,0,prm_pct_tribal,prm_nonattainment,prm_moratorium_active,cob_lowtemp_ind_heat_tbtu,crb_queue_clean_mw,pwr_substations_230kv_n
13031,Bulloch County,GA,0.5262015403299888,1148,0.6376419630627458,0.447146598717462,0.6078059922680767,0.870559590484341,0.4447766456019921,0.378993692405927,0.287423938118957,0,,0,0,0,0,0,0,0,prm_pct_tribal,prm_contested_total,cob_persistent_poverty,cob_energy_community,cob_ghgrp_combustion_facilities_n,crb_queue_clean_mw
22091,St. Helena Parish,LA,0.5262004345159224,1149,0.6498870383732669,0.4553656426453612,0.42376930061544255,0.8801267291299137,0.37493061706444847,0.5149936656150169,0.3935096462947443,0,,0,0,0,0,0,0,0,prm_pct_tribal,prm_nonattainment,haz_karst_exposed_pct,crb_clean_gen_mw,cob_ghgrp_combustion_facilities_n,cob_energy_community
50009,Essex County,VT,0.526108615210843,1150,0.5294399394110506,0.48305968113226727,0.6778832244829377,0.8944275048328968,0.6701373669819504,0.36462165004638014,0.21139739785451683,0,,0,0,0,0,0,0,0,prm_moratorium_active,prm_pop_density_km2,cob_heat_demand,cob_persistent_poverty,cob_energy_community,pwr_substations_230kv_n
48451,Tom Green County,TX,0.5260088547205551,1151,0.7385592135838378,0.7403192720871634,0.4819786660912593,0.8555942278608798,0.476660450548734,0.5093257103095273,0.08440736357333123,0,,0,0,0,0,0,0,0,prm_pct_tribal,lnd_pct_buildable,prm_moratorium_active,cob_persistent_poverty,cob_energy_community,lnd_dist_interstate_km
39023,Clark County,OH,0.5259757720422301,1152,0.6589813875198074,0.307032881154691,0.6213752401132698,0.7243163619164421,0.7444709016937137,0.6919330687118149,0.21845827430146209,0,,0,0,0,0,0,0,0,prm_moratorium_active,haz_karst_exposed_pct,prm_pct_tribal,cob_ghgrp_combustion_facilities_n,cob_persistent_poverty,cob_energy_community
48123,DeWitt County,TX,0.5259528852540472,1153,0.6623200469490929,0.6157535158666512,0.3695643925487134,0.902087240478687,0.3483240083661861,0.5277926017863203,0.27122637483140416,0,,0,0,0,0,0,0,0,prm_moratorium_proposed,cob_energy_community,haz_karst_exposed_pct,cob_persistent_poverty,pwr_substations_230kv_n,lnd_dist_interstate_km
55133,Waukesha County,WI,0.5259122312884164,1154,0.6769910296177095,0.43286283832553807,0.4777616711059123,0.6479445469333138,0.7701843759828975,0.8029906152056836,0.16180460136485367,0,,0,0,0,0,0,0,0,prm_pct_tribal,prm_moratorium_proposed,prm_moratorium_active,prm_nonattainment,cob_persistent_poverty,cob_energy_community
48341,Moore County,TX,0.525852359626609,1155,0.6884979978817392,0.5749715549271196,0.5110560827416355,0.8491252276085702,0.47906965668426316,0.3396856999853184,0.21392056439188156,0,,0,0,0,0,0,0,0,prm_moratorium_proposed,prm_pop_density_km2,lnd_pct_buildable,lnd_dist_cement_km,cob_persistent_poverty,cob_energy_community
30103,Treasure County,MT,0.5258158180635386,1156,0.4529190889282652,0.5131712087022801,0.6266404211516334,0.8443731118747234,0.6312469933447071,0.45703278053197227,0.2761487681177288,0,,0,0,0,0,0,0,0,prm_pop_density_km2,haz_karst_exposed_pct,lnd_pct_buildable,cob_lowtemp_ind_heat_tbtu,cob_persistent_poverty,lnd_dist_cement_km
04005,Coconino County,AZ,0.5257849247457373,1157,0.5486080201724219,0.6726037881333456,0.3548553119377964,0.754802429920475,0.44414366631580715,0.6004380811370383,0.3341328735604539,0,,0,0,0,0,0,0,0,prm_contested_total,prm_nonattainment,crb_clean_gen_mw,cob_persistent_poverty,cob_ghgrp_combustion_facilities_n,wtr_drought_d2plus_pct_weeks
13273,Terrell County,GA,0.5257106021206924,1158,0.5628410374357563,0.5280069318894982,0.5169205408034822,0.8832966216340852,0.44981346076819634,0.35630625049055425,0.3645154530144847,0,,0,0,0,0,0,0,0,prm_pct_tribal,prm_moratorium_active,cob_persistent_poverty,cob_ghgrp_combustion_facilities_n,lnd_dist_interstate_km,pwr_substations_230kv_n
48459,Upshur County,TX,0.5257053954920659,1159,0.5253915448542802,0.48389811266375543,0.5850017969055643,0.8839065216171472,0.4318216778527623,0.5961430957554396,0.25633282954669756,0,,0,0,0,0,0,0,0,haz_karst_exposed_pct,prm_pct_tribal,prm_moratorium_active,cob_persistent_poverty,pwr_substations_230kv_n,cob_ghgrp_combustion_facilities_n
13097,Douglas County,GA,0.5256118812194173,1160,0.8191285991957341,0.4053682808635048,0.4633083478575017,0.8733774721454427,0.6051343136240133,0.7484204239511145,0.10877823054697063,0,,0,0,0,0,0,0,0,haz_karst_exposed_pct,prm_nonattainment,prm_moratorium_active,cob_persistent_poverty,cob_energy_community,cob_ghgrp_combustion_facilities_n
39129,Pickaway County,OH,0.5256078578986885,1161,0.739023015222451,0.3445329400944977,0.5057459843931587,0.7071508128309573,0.6832803776312736,0.5987485439520418,0.24352607636874157,0,,0,0,0,0,0,0,0,prm_moratorium_proposed,haz_karst_exposed_pct,prm_moratorium_active,cob_persistent_poverty,cob_energy_community,cob_lowtemp_ind_heat_tbtu
13087,Decatur County,GA,0.52559881204857,1162,0.6736070937025758,0.5514092880821511,0.5044463877697657,0.8845166751911426,0.3644417275180352,0.34209381350903106,0.30153719968833664,0,,0,0,0,0,0,0,0,prm_nonattainment,prm_pct_tribal,cob_persistent_poverty,cob_energy_community,cob_ghgrp_combustion_facilities_n,cob_lowtemp_ind_heat_tbtu
19063,Emmet County,IA,0.5255717829215393,1163,0.6138249677892748,0.4300531722508435,0.5516456266503916,0.8100837139941044,0.6979176909153809,0.5232419490710853,0.19701107199702517,0,,0,0,0,0,0,0,0,prm_pct_tribal,cob_heat_demand,prm_moratorium_active,cob_persistent_poverty,cob_ghgrp_combustion_facilities_n,cob_energy_community
54103,Wetzel County,WV,0.5254654346161612,1164,0.5913748288692818,0.2522965891584333,0.6977014674274746,0.8487835313377969,0.6536894180728777,0.4700967994578858,0.43415438419438457,0,,0,0,0,0,0,0,0,prm_pct_tribal,prm_moratorium_active,cob_energy_community,cob_lowtemp_ind_heat_tbtu,pwr_substations_230kv_n,cob_persistent_poverty
24025,Harford County,MD,0.5254521213415504,1165,0.7228315861923189,0.4352404316418027,0.712551105218339,0.6493922880913258,0.6916684681657093,0.7497713155439225,0.08972752616555027,0,,0,0,0,0,0,0,0,prm_pct_tribal,prm_moratorium_active,prm_moratorium_proposed,cob_persistent_poverty,cob_energy_community,prm_nonattainment
47009,Blount County,TN,0.5254456195749654,1166,0.6893583650529411,0.42756678118977404,0.7758492229361542,0.8430469468937535,0.6338292715414742,0.7481811170515816,0.0669065841773515,0,,0,0,0,0,0,0,0,prm_contested_total,prm_moratorium_active,prm_moratorium_proposed,cob_ghgrp_combustion_facilities_n,cob_energy_community,cob_persistent_poverty
17133,Monroe County,IL,0.5253904775708323,1167,0.6744896664203237,0.36797513522372244,0.6414091109930109,0.6018921772000851,0.6262974922055622,0.6460327387598944,0.23745817365398308,0,,0,0,0,0,0,0,0,cob_energy_community,prm_moratorium_active,prm_moratorium_proposed,crb_queue_clean_mw,prm_nonattainment,crb_clean_gen_mw
55021,Columbia County,WI,0.5252828553988085,1168,0.6116283993652403,0.4757548120766216,0.3757111122472584,0.7972778904971843,0.7266259554515414,0.6581824527179774,0.22909565824474457,0,,0,0,0,0,0,0,0,prm_nonattainment,prm_pct_tribal,prm_moratorium_active,cob_persistent_poverty,cob_energy_community,pwr_dist_retired_plant_km
08049,Grand County,CO,0.5251022642304464,1169,0.489861460569069,0.446828331733352,0.6290980184240327,0.8787741086265135,0.7602958941687386,0.5690526317556693,0.18365214634068994,0,,0,0,0,0,0,0,0,lnd_pct_buildable,prm_pop_density_km2,cob_heat_demand,cob_persistent_poverty,cob_ghgrp_combustion_facilities_n,crb_queue_clean_mw
13217,Newton County,GA,0.5250489272437227,1170,0.7142393865909867,0.39284898354769504,0.44132216545887315,0.8839094434780043,0.6404503427879609,0.733838096307221,0.15671272987973497,0,,0,0,0,0,0,0,0,haz_karst_exposed_pct,prm_moratorium_proposed,prm_moratorium_active,cob_persistent_poverty,cob_energy_community,crb_clean_gen_mw
17041,Douglas County,IL,0.5249747777328974,1171,0.5945045573191707,0.4425767486371564,0.5105474466913729,0.704528449857883,0.625868339161406,0.5591809348224476,0.2867650346213143,0,,0,0,0,0,0,0,0,prm_nonattainment,cob_energy_community,haz_karst_exposed_pct,cob_ghgrp_combustion_facilities_n,cob_persistent_poverty,lnd_pct_cropland
37193,Wilkes County,NC,0.5249330449277064,1172,0.6499064130798697,0.44995247716614745,0.4915422183904619,0.8701436041909164,0.6281462238637976,0.5829383284341838,0.16852190225390773,0,,0,0,0,0,0,0,0,prm_nonattainment,haz_karst_exposed_pct,prm_moratorium_active,cob_persistent_poverty,cob_energy_community,crb_clean_gen_mw
39001,Adams County,OH,0.5249256743123968,1173,0.7181767113087938,0.27430667721275037,0.6235024337356629,0.8227401697493578,0.5284622444964727,0.4847302727444232,0.35873881951649067,0,,0,0,0,0,0,0,0,cob_energy_community,prm_moratorium_active,prm_moratorium_proposed,cob_lowtemp_ind_heat_tbtu,cob_ghgrp_combustion_facilities_n,crb_clean_gen_mw
27025,Chisago County,MN,0.5249223925876274,1174,0.6954685146472018,0.5256732233104293,0.3788864354268717,0.8160056199004283,0.7358284178525836,0.5203639764055996,0.17071234364975948,0,,0,0,0,0,0,0,0,prm_contested_total,prm_pct_tribal,cob_heat_demand,cob_persistent_poverty,cob_energy_community,cob_ghgrp_combustion_facilities_n
28161,Yalobusha County,MS,0.5248838138855352,1175,0.44923864800626667,0.41006608298995584,0.6240244559055641,0.8683599289402814,0.4909442128832076,0.5010364603764863,0.46804938218553094,0,,0,0,0,0,0,0,0,wtr_bws_2050_score,prm_moratorium_proposed,cob_persistent_poverty,crb_queue_clean_mw,wtr_wwtp_flow_mgd,crb_clean_gen_mw
21005,Anderson County,KY,0.5248789057345925,1176,0.6651210967981375,0.23200251753850357,0.6907763199397736,0.8501825712494379,0.5720131201123165,0.7704928057520245,0.2721909676877402,0,,0,0,0,0,0,0,0,prm_pct_tribal,prm_contested_total,cob_energy_community,crb_clean_gen_mw,crb_queue_clean_mw,pwr_substations_230kv_n
04013,Maricopa County,AZ,0.5248637906235769,1177,0.7342460463871362,0.6621610279758172,0.32902396920576654,0.5740028057472149,0.5219686361300242,0.880000406734546,0.1743975784756322,0,,0,0,0,0,0,0,0,crb_clean_gen_mw,prm_moratorium_proposed,wtr_wwtp_flow_mgd,haz_days_gt95f_2050,cob_persistent_poverty,cob_energy_community
18061,Harrison County,IN,0.5248228821138966,1178,0.7046447022841306,0.41183473107917284,0.6965100794491781,0.8420532660802899,0.47619901671738574,0.8562040790265386,0.09232633834805153,0,,0,0,0,0,0,0,0,prm_contested_total,wtr_bws_score,wtr_bws_2050_score,cob_ghgrp_combustion_facilities_n,crb_queue_clean_mw,cob_persistent_poverty
48307,McCulloch County,TX,0.5247641768870189,1179,0.5517553864000763,0.7202786750169026,0.32026837984984013,0.8921688617846534,0.4479345656152111,0.5578032611173058,0.2771156209696273,0,,0,0,0,0,0,0,0,prm_pct_tribal,lnd_pct_buildable,cob_energy_community,cob_persistent_poverty,lnd_dist_interstate_km,cob_ghgrp_combustion_facilities_n
13279,Toombs County,GA,0.5247510463291498,1180,0.5925121062990923,0.48184521058573004,0.5387780750663211,0.8922670428421808,0.4686341582831538,0.41929423054828724,0.28454808635608575,0,,0,0,0,0,0,0,0,prm_contested_total,prm_moratorium_active,cob_persistent_poverty,cob_energy_community,pwr_dist_retired_plant_km,cob_ghgrp_combustion_facilities_n
21123,Larue County,KY,0.5247363778595575,1181,0.6314294259646508,0.2787604893264487,0.5935456563876111,0.8271866325767434,0.5681297331546983,0.7209903161460867,0.30783467123140795,0,,0,0,0,0,0,0,0,prm_pct_tribal,prm_moratorium_active,prm_moratorium_proposed,cob_lowtemp_ind_heat_tbtu,cob_ghgrp_combustion_facilities_n,pwr_substations_230kv_n
53009,Clallam County,WA,0.5247313894813479,1182,0.4941707486155396,0.5317879700825675,0.7827741203759414,0.851974381245992,0.7403767344631204,0.5504048622210133,0.10478090290697933,0,,0,0,0,0,0,0,0,haz_karst_exposed_pct,prm_moratorium_active,prm_moratorium_proposed,cob_ghgrp_combustion_facilities_n,crb_queue_clean_mw,cob_persistent_poverty
45039,Fairfield County,SC,0.5246906595880109,1183,0.6164435583481719,0.5699608064968459,0.4122310455033736,0.8972112068988446,0.5498104416439126,0.7050045860360479,0.14464020867359062,0,,0,0,0,0,0,0,0,prm_moratorium_proposed,prm_moratorium_active,haz_karst_exposed_pct,cob_ghgrp_combustion_facilities_n,wtr_wwtp_flow_mgd,cob_persistent_poverty
05061,Howard County,AR,0.5246441344972298,1184,0.4575443013995339,0.48380260563863847,0.6367292982249629,0.8858889172525177,0.4720425516933472,0.5626224748620866,0.28979650379031374,0,,0,0,0,0,0,0,0,prm_nonattainment,prm_contested_total,cob_energy_community,cob_ghgrp_combustion_facilities_n,crb_queue_clean_mw,pwr_substations_230kv_n
18139,Rush County,IN,0.5245825542270041,1185,0.5966012907997874,0.540041721852879,0.46065401431127134,0.7737817511181766,0.6953080995926174,0.6376282716848497,0.1579534756435425,0,,0,0,0,0,0,0,0,haz_karst_exposed_pct,prm_pct_tribal,prm_moratorium_active,cob_ghgrp_combustion_facilities_n,cob_persistent_poverty,cob_energy_community
01035,Conecuh County,AL,0.5245735462921456,1186,0.5715810521294533,0.3908525782770438,0.5159845535548578,0.8686742539651845,0.46324461636624403,0.6193522197522644,0.3403147121685302,0,,0,0,0,0,0,0,0,prm_pop_density_km2,prm_contested_total,prm_moratorium_active,crb_queue_clean_mw,crb_clean_gen_mw,cob_ghgrp_combustion_facilities_n
06113,Yolo County,CA,0.524538678683165,1187,0.4987973835679071,0.6904232472742703,0.5489859159095307,0.6013026013645647,0.5876979860355255,0.5908203171805871,0.21544837815788495,0,,0,0,0,0,0,0,0,prm_contested_total,haz_karst_exposed_pct,prm_moratorium_active,pwr_ind_price_cents_kwh,cob_persistent_poverty,cob_energy_community
35053,Socorro County,NM,0.524430021111399,1188,0.6271946200041547,0.4805497210657251,0.23328914870260306,0.9192207168208575,0.47096103944501616,0.6306096291244797,0.5568577280671855,0,,0,0,0,0,0,0,0,prm_price_growth_pct,prm_pop_density_km2,prm_moratorium_proposed,cob_lowtemp_ind_heat_tbtu,crb_clean_gen_mw,pwr_dist_retired_plant_km
48285,Lavaca County,TX,0.5244226839200187,1189,0.5432252226775448,0.6060056952014611,0.5188862171744012,0.9011022490395039,0.383233750168834,0.5755375564765054,0.2104234075461106,0,,0,0,0,0,0,0,0,prm_moratorium_active,cob_energy_community,haz_karst_exposed_pct,cob_persistent_poverty,pwr_substations_230kv_n,lnd_dist_brownfield_or_retired_km
45047,Greenwood County,SC,0.5243755785675027,1190,0.6523056128665712,0.5160211372729762,0.38758360838367206,0.8658327345956176,0.5715889628252104,0.6067807380297842,0.1963432205556331,0,,0,0,0,0,0,0,0,haz_karst_exposed_pct,prm_pct_tribal,prm_moratorium_active,cob_persistent_poverty,cob_energy_community,wtr_wwtp_flow_mgd
20059,Franklin County,KS,0.5243077268656287,1191,0.5442450504571097,0.5464036243726473,0.582742099591398,0.8529798561766601,0.5111506897727319,0.7612266270456552,0.13028805533170873,0,,0,0,0,0,0,0,0,prm_nonattainment,prm_pct_tribal,prm_moratorium_active,cob_ghgrp_combustion_facilities_n,cob_persistent_poverty,pwr_substations_230kv_n
55131,Washington County,WI,0.5242465047766907,1192,0.6761085473156674,0.44405694570633997,0.504391879147077,0.658014540483305,0.7759244873927412,0.7211507382644866,0.1494785314268865,0,,0,0,0,0,0,0,0,prm_moratorium_active,prm_pct_tribal,prm_moratorium_proposed,cob_persistent_poverty,cob_energy_community,pwr_substations_230kv_n
05145,White County,AR,0.5241727963680283,1193,0.6507347606531401,0.5167979648914673,0.558783076702541,0.8411511509006225,0.3754919362219687,0.39375490722445483,0.2775083211957212,0,,0,0,0,0,0,0,0,prm_contested_total,prm_pct_tribal,haz_karst_exposed_pct,cob_persistent_poverty,pwr_substations_230kv_n,cob_ghgrp_combustion_facilities_n
06101,Sutter County,CA,0.5241637828127051,1194,0.5013032062242114,0.6577475197637813,0.546935959277046,0.5784193066066876,0.5324900978252055,0.4279949966696665,0.3749068097749677,0,,0,0,0,0,0,0,0,prm_moratorium_active,cob_energy_community,haz_karst_exposed_pct,pwr_ind_price_cents_kwh,cob_persistent_poverty,prm_price_growth_pct
39169,Wayne County,OH,0.5240978412397364,1195,0.5564932892113776,0.29965980921790064,0.5600171900173975,0.7538460805839807,0.7248075887375437,0.6957319208862439,0.3591615532999677,0,,0,0,0,0,0,0,0,prm_moratorium_proposed,cob_energy_community,haz_karst_exposed_pct,pwr_substations_230kv_n,cob_persistent_poverty,cob_lowtemp_ind_heat_tbtu
50007,Chittenden County,VT,0.5240066171230406,1196,0.3591059075919926,0.5141480451679337,0.9014388731698768,0.8445450306037848,0.7342365934495546,0.5917964136625762,0.17044033101557382,0,,0,0,0,0,0,0,0,prm_pct_tribal,cob_heat_demand,wtr_bws_2050_score,cob_persistent_poverty,cob_energy_community,pwr_substations_230kv_n
40041,Delaware County,OK,0.5239830191808945,1197,0.6162607061146778,0.48507533228509614,0.668716601123055,0.8583382038546394,0.4027941426650827,0.6557422111286433,0.14489941389077782,0,,0,0,0,0,0,0,0,prm_pct_tribal,prm_moratorium_active,prm_moratorium_proposed,crb_queue_clean_mw,crb_clean_gen_mw,cob_energy_community
19031,Cedar County,IA,0.5239437410355949,1198,0.5572608073895916,0.41196646002331416,0.6197707481204773,0.8113191825133761,0.6618306134667172,0.7504356445367284,0.15724324053165012,0,,0,0,0,0,0,0,0,prm_pct_tribal,haz_karst_exposed_pct,prm_moratorium_active,crb_clean_gen_mw,crb_queue_clean_mw,pwr_substations_230kv_n
16041,Franklin County,ID,0.5238971060295091,1199,0.5955259633181142,0.5409890303771998,0.38199859505287687,0.8272461331864888,0.6415180780423018,0.7433857195158002,0.17376861795861212,0,,0,0,0,0,0,0,0,lnd_pct_buildable,prm_nonattainment,prm_pop_density_km2,cob_ghgrp_combustion_facilities_n,cob_persistent_poverty,cob_energy_community
13303,Washington County,GA,0.5238786825814306,1200,0.7055436434231703,0.5318502807397413,0.47878972842294354,0.9252749101290817,0.5550719698922013,0.5296597282526373,0.12054914932395826,0,,0,0,0,0,0,0,0,prm_pct_tribal,prm_nonattainment,prm_moratorium_active,cob_persistent_poverty,cob_energy_community,lnd_dist_interstate_km
32019,Lyon County,NV,0.5238253063932939,1201,0.6140964726703466,0.5659403720349544,0.27190503282568346,0.8075451013693936,0.5160947910991192,0.6953101227882525,0.34314125560468334,0,,0,0,0,0,0,0,0,lnd_pct_buildable,prm_contested_total,cob_energy_community,cob_ghgrp_combustion_facilities_n,cob_persistent_poverty,lnd_dist_eaf_steel_km
21181,Nicholas County,KY,0.5237399936817727,1202,0.6451174206720074,0.22733391639890677,0.6992687749431783,0.8715590362323947,0.56400753497022,0.6993096628165568,0.3123134000316154,0,,0,0,0,0,0,0,0,prm_contested_total,prm_moratorium_active,cob_energy_community,cob_persistent_poverty,cob_ghgrp_combustion_facilities_n,pwr_substations_230kv_n
42115,Susquehanna County,PA,0.523711132461577,1203,0.5934201701216898,0.2855843232001298,0.6312045200792684,0.8176705659577688,0.6863657107770329,0.5730963083837762,0.32010558199418354,0,,0,0,0,0,0,0,0,haz_karst_exposed_pct,prm_moratorium_active,prm_moratorium_proposed,cob_persistent_poverty,crb_clean_gen_mw,cob_ghgrp_combustion_facilities_n
28097,Montgomery County,MS,0.5236963048963228,1204,0.39462204499694586,0.4309405577006311,0.6388179064268684,0.8667863125411044,0.4686999106297858,0.5861852384903282,0.48237127712834726,0,,0,0,0,0,0,0,0,wtr_bws_2050_score,prm_pop_density_km2,prm_moratorium_proposed,cob_lowtemp_ind_heat_tbtu,wtr_wwtp_flow_mgd,cob_ghgrp_combustion_facilities_n
21105,Hickman County,KY,0.5236890045616512,1205,0.47074359764821055,0.40439584991619587,0.6826491810239524,0.7999940847898723,0.48804419634256263,0.5976698972938171,0.35278468652407025,0,,0,0,0,0,0,0,0,prm_moratorium_active,haz_karst_exposed_pct,prm_moratorium_proposed,cob_ghgrp_combustion_facilities_n,pwr_substations_230kv_n,cob_persistent_poverty
51121,Montgomery County,VA,0.5236411941456897,1206,0.5309443060219656,0.2795021033406281,0.5656521925267493,0.8910721459817905,0.7198606851452457,0.6986554080984488,0.34397919588029435,0,,0,0,0,0,0,0,0,prm_pct_tribal,cob_persistent_poverty,prm_moratorium_active,cob_energy_community,pwr_substations_230kv_n,cob_lowtemp_ind_heat_tbtu
28051,Holmes County,MS,0.5236256889691245,1207,0.4824237274790023,0.4516232673892212,0.6531164402007225,0.8480188220254515,0.36422309535919806,0.3931709888682353,0.5457904518712682,0,,0,0,0,0,0,0,0,prm_pct_tribal,prm_pop_density_km2,wtr_bws_2050_score,crb_clean_gen_mw,lnd_dist_ixp_km,pwr_substations_230kv_n
21073,Franklin County,KY,0.5236158048930178,1208,0.719032405043978,0.2202834760816112,0.5871661490618484,0.8332235841852239,0.5198701510793141,0.8239145799054507,0.33254657143552335,0,,0,0,0,0,0,0,0,prm_pct_tribal,prm_moratorium_active,prm_moratorium_proposed,cob_persistent_poverty,crb_queue_clean_mw,crb_clean_gen_mw
39175,Wyandot County,OH,0.5235989261329363,1209,0.5710124158655462,0.3324883043205499,0.704037404102464,0.73481726142216,0.7060419116724527,0.5072206360500372,0.28938749902685484,0,,0,0,0,0,0,0,0,haz_karst_exposed_pct,prm_pct_tribal,prm_moratorium_active,cob_persistent_poverty,pwr_substations_230kv_n,cob_ghgrp_combustion_facilities_n
27085,McLeod County,MN,0.5234611958166906,1210,0.6108216869896205,0.5106885898140436,0.5503515815737308,0.7617162581026061,0.7615381535801652,0.3727386223597497,0.19879517379904463,0,,0,0,0,0,0,0,0,prm_contested_total,prm_pct_tribal,cob_heat_demand,cob_persistent_poverty,cob_energy_community,lnd_dist_interstate_km
40113,Osage County,OK,0.5234382979565364,1211,0.6780759998506888,0.559526829575378,0.5860162266972483,0.7655529804135295,0.42251856873350596,0.6314531392257613,0.12875100125593317,0,,0,0,0,0,0,0,0,prm_moratorium_active,lnd_pct_buildable,prm_moratorium_proposed,cob_persistent_poverty,cob_energy_community,prm_pct_tribal
47185,White County,TN,0.5234247169583164,1212,0.5555616342967997,0.3743188300946741,0.5033024513937232,0.8656004353681448,0.554427370743234,0.7171182920372982,0.28849685327833124,0,,0,0,0,0,0,0,0,prm_nonattainment,cob_energy_community,prm_moratorium_active,cob_ghgrp_combustion_facilities_n,cob_persistent_poverty,crb_queue_clean_mw
42095,Northampton County,PA,0.5232429288973905,1213,0.8002429063952182,0.31937006790467165,0.5777675741402276,0.651151552779857,0.6719309735358452,0.7990535708921072,0.1581840326313167,0,,0,0,0,0,0,0,0,prm_moratorium_active,prm_pct_tribal,prm_contested_total,cob_ghgrp_combustion_facilities_n,prm_nonattainment,cob_persistent_poverty
46013,Brown County,SD,0.5231002663415083,1214,0.5794553832040036,0.4727715702291636,0.7601311290786106,0.8165858059575556,0.5873542390967701,0.3176208819941231,0.21512372053286508,0,,0,0,0,0,0,0,0,wtr_bws_2050_score,prm_pct_tribal,prm_moratorium_active,lnd_dist_interstate_km,crb_clean_gen_mw,pwr_dist_retired_plant_km
48447,Throckmorton County,TX,0.5230296004218297,1215,0.7432581401474658,0.7323594152995148,0.39393439536973873,0.8863021543916069,0.37548899968988875,0.5597199315601368,0.11889816769919043,0,,0,0,0,0,0,0,0,prm_nonattainment,lnd_pct_buildable,prm_moratorium_active,cob_lowtemp_ind_heat_tbtu,cob_persistent_poverty,cob_energy_community
38003,Barnes County,ND,0.523003069350568,1216,0.5780105523190272,0.4811143818020917,0.6303372278231104,0.8316792522120661,0.6919286114743646,0.47861838174959237,0.1518423013889337,0,,0,0,0,0,0,0,0,prm_nonattainment,prm_contested_total,prm_moratorium_active,cob_persistent_poverty,cob_energy_community,pwr_dist_retired_plant_km
45059,Laurens County,SC,0.5229679378257652,1217,0.6115086261176115,0.5033727945905169,0.4478385508012691,0.8537949836965657,0.617618787787595,0.7348878671871198,0.14474688505441297,0,,0,0,0,0,0,0,0,prm_pct_tribal,prm_moratorium_active,prm_moratorium_proposed,cob_persistent_poverty,cob_energy_community,pwr_substations_230kv_n
37089,Henderson County,NC,0.5229276972775422,1218,0.6314252897275007,0.4760040386764193,0.5656153969901588,0.8652087100672982,0.6428262187533029,0.7042397033427324,0.10321236242769337,0,,0,0,0,0,0,0,0,prm_moratorium_active,prm_moratorium_proposed,prm_contested_total,crb_queue_clean_mw,cob_ghgrp_combustion_facilities_n,cob_persistent_poverty
29111,Lewis County,MO,0.5228945543526211,1219,0.6090000161257657,0.382192856600346,0.6556688405359339,0.8238105587534343,0.6158569274740204,0.5809509547883427,0.18092032227860821,0,,0,0,0,0,0,0,0,prm_moratorium_active,wtr_bws_score,wtr_bws_2050_score,cob_ghgrp_combustion_facilities_n,cob_persistent_poverty,cob_energy_community
05045,Faulkner County,AR,0.522891528127953,1220,0.6716672506803419,0.44245890541493094,0.7371435640498407,0.8425372684411633,0.40630805982130125,0.6211025077494584,0.12884722283896932,0,,0,0,0,0,0,0,0,prm_contested_total,prm_moratorium_proposed,haz_karst_exposed_pct,cob_persistent_poverty,cob_energy_community,cob_ghgrp_combustion_facilities_n
21137,Lincoln County,KY,0.5228707029105275,1221,0.6484479075672082,0.2885448179359112,0.5230529286640421,0.851719056766794,0.598694666479508,0.6670974431989333,0.31244696320605664,0,,0,0,0,0,0,0,0,lnd_pct_buildable,prm_pct_tribal,prm_moratorium_proposed,cob_lowtemp_ind_heat_tbtu,cob_persistent_poverty,pwr_substations_230kv_n
46039,Deuel County,SD,0.522782276738335,1222,0.6514943983989208,0.5675062122204493,0.5157042648674516,0.8282210333470056,0.6827730725232317,0.4316689065113761,0.1318895276860596,0,,0,0,0,0,0,0,0,prm_pct_tribal,prm_nonattainment,haz_karst_exposed_pct,cob_lowtemp_ind_heat_tbtu,cob_persistent_poverty,cob_energy_community
17117,Macoupin County,IL,0.522630836573345,1223,0.5398788057235047,0.4631858099742547,0.6697421194341857,0.7257421713690255,0.7024360144880475,0.5177353263948149,0.1913328426706815,0,,0,0,0,0,0,0,0,prm_nonattainment,prm_moratorium_active,prm_moratorium_proposed,cob_persistent_poverty,cob_energy_community,pwr_substations_230kv_n
13237,Putnam County,GA,0.5225950109342842,1224,0.7902771436654261,0.4719685344768319,0.4180394258452272,0.9207702780531335,0.5511047594705912,0.6088617934527304,0.12293872290468691,0,,0,0,0,0,0,0,0,prm_nonattainment,prm_contested_total,haz_karst_exposed_pct,cob_persistent_poverty,cob_energy_community,cob_ghgrp_combustion_facilities_n
13153,Houston County,GA,0.5225903229157303,1225,0.7548946111299435,0.4564648677368049,0.483959010788682,0.8647455006688064,0.530756872961561,0.6699631999574743,0.1201817610764041,0,,0,0,0,0,0,0,0,prm_contested_total,prm_moratorium_proposed,prm_tax_exemption_status,cob_persistent_poverty,cob_energy_community,crb_queue_clean_mw
27103,Nicollet County,MN,0.5224989518195041,1226,0.5842516147789654,0.44231014669601015,0.6961565700394553,0.7628549716742501,0.7838285039532591,0.3969535568204235,0.1783782394880928,0,,0,0,0,0,0,0,0,prm_contested_total,prm_pct_tribal,cob_heat_demand,cob_persistent_poverty,cob_energy_community,pwr_substations_230kv_n
06053,Monterey County,CA,0.522491218288787,1227,0.5931445385299229,0.694940140803401,0.4294618433891187,0.7749126492224511,0.5564000196569456,0.436598779845035,0.19751305401397568,0,,0,0,0,0,0,0,0,prm_pct_tribal,prm_moratorium_active,prm_moratorium_proposed,pwr_ind_price_cents_kwh,cob_persistent_poverty,cob_energy_community
05051,Garland County,AR,0.5224754574809612,1228,0.6194071532641917,0.45396363840139664,0.5732287671161111,0.8522537260450824,0.3984167733824354,0.48388014907048243,0.27368601235675644,0,,0,0,0,0,0,0,0,prm_contested_total,prm_pct_tribal,cob_energy_community,cob_persistent_poverty,pwr_substations_230kv_n,cob_ghgrp_combustion_facilities_n
39127,Perry County,OH,0.5222829242917859,1229,0.6010257401215933,0.2628219940391164,0.6063060743428593,0.8062341194449723,0.7137594436038097,0.6069006963236151,0.3465000485556683,0,,0,0,0,0,0,0,0,prm_moratorium_active,haz_karst_exposed_pct,prm_moratorium_proposed,cob_persistent_poverty,pwr_substations_230kv_n,crb_clean_gen_mw
13287,Turner County,GA,0.5222713438890126,1230,0.6262531345718109,0.4685681123106792,0.3724069879969099,0.8781998148421801,0.5292335272930961,0.5550928726673711,0.3011559920664685,0,,0,0,0,0,0,0,0,prm_tax_exemption_status,prm_pct_tribal,prm_moratorium_proposed,cob_ghgrp_combustion_facilities_n,crb_clean_gen_mw,cob_energy_community
13265,Taliaferro County,GA,0.5222614170368555,1231,0.5476522603600738,0.4474860966198798,0.37588405890169063,0.9390407543905681,0.6032833843043153,0.6180780163856184,0.3087402943618318,0,,0,0,0,0,0,0,0,prm_pop_density_km2,prm_nonattainment,haz_karst_exposed_pct,cob_lowtemp_ind_heat_tbtu,crb_clean_gen_mw,pwr_substations_230kv_n
55091,Pepin County,WI,0.5222566506617108,1232,0.5757603924567537,0.4330935525938321,0.5241320625841344,0.8019357231598526,0.6906909976942168,0.3853868041203021,0.31616202401001936,0,,0,0,0,0,0,0,0,prm_nonattainment,cob_energy_community,prm_moratorium_active,cob_ghgrp_combustion_facilities_n,cob_persistent_poverty,crb_clean_gen_mw
47049,Fentress County,TN,0.5222492979082916,1233,0.4143504726427852,0.38213823115361834,0.6024180778364001,0.8808247845489405,0.5793013421313078,0.5684892871964738,0.46533360779969046,0,,0,0,0,0,0,0,0,prm_nonattainment,cob_persistent_poverty,cob_energy_community,cob_ghgrp_combustion_facilities_n,crb_queue_clean_mw,crb_clean_gen_mw
06007,Butte County,CA,0.5222232407464747,1234,0.5576136640865309,0.7150171267816283,0.5624516342916566,0.6524670184122446,0.42242140666672917,0.5017558718799967,0.2116678298099523,0,,0,0,0,0,0,0,0,prm_contested_total,prm_moratorium_active,prm_moratorium_proposed,pwr_ind_price_cents_kwh,cob_persistent_poverty,cob_energy_community
50023,Washington County,VT,0.5221705553664155,1235,0.38752947310811564,0.5004047826109802,0.8651469968766861,0.8712533292998937,0.6467555106823054,0.5628593749283627,0.17704480038227308,0,,0,0,0,0,0,0,0,prm_moratorium_active,cob_heat_demand,haz_karst_exposed_pct,cob_persistent_poverty,cob_energy_community,pwr_substations_230kv_n
21151,Madison County,KY,0.5221606970237331,1236,0.6641129124305122,0.2708870084152495,0.5920836094503474,0.8388974213252217,0.5071170721804904,0.7704176003203943,0.2845237785194003,0,,0,0,0,0,0,0,0,lnd_pct_buildable,prm_pct_tribal,prm_moratorium_proposed,cob_ghgrp_combustion_facilities_n,cob_persistent_poverty,pwr_substations_230kv_n
01057,Fayette County,AL,0.5221389811353762,1237,0.5782909936000208,0.38801417683107353,0.5001647853785851,0.8696127767976283,0.5280787215558594,0.6598122527776811,0.2763349283269127,0,,0,0,0,0,0,0,0,prm_moratorium_active,prm_pct_tribal,prm_moratorium_proposed,crb_queue_clean_mw,crb_clean_gen_mw,pwr_substations_230kv_n
53065,Stevens County,WA,0.5221366121081242,1238,0.52573150461894,0.5730066124404968,0.6878747995863832,0.8455005084447671,0.6690832640100124,0.34002621150932805,0.16731922706807661,0,,0,0,0,0,0,0,0,prm_pop_density_km2,prm_moratorium_active,prm_moratorium_proposed,lnd_dist_interstate_km,cob_persistent_poverty,lnd_dist_cement_km
20085,Jackson County,KS,0.52196774172264,1239,0.6044517163474517,0.5537484907582317,0.5602077003210666,0.8154397598911869,0.4919582414980974,0.6219301943372572,0.13937894305321183,0,,0,0,0,0,0,0,0,prm_contested_total,haz_karst_exposed_pct,lnd_pct_buildable,cob_persistent_poverty,cob_energy_community,cob_ghgrp_combustion_facilities_n
01113,Russell County,AL,0.5218724643193526,1240,0.49144627834813404,0.4299343283073795,0.5872970556082902,0.8433718593720958,0.608107982034357,0.676305666907577,0.22794683662952608,0,,0,0,0,0,0,0,0,prm_pct_tribal,prm_nonattainment,prm_moratorium_active,cob_persistent_poverty,pwr_substations_230kv_n,cob_energy_community
42035,Clinton County,PA,0.5218395086479839,1241,0.6065279693715864,0.2507377339420199,0.5862262415097389,0.8371389040949094,0.7386899133693543,0.50951345933036,0.41936316378829946,0,,0,0,0,0,0,0,0,prm_moratorium_active,prm_moratorium_proposed,cob_energy_community,cob_persistent_poverty,crb_queue_clean_mw,crb_clean_gen_mw
13107,Emanuel County,GA,0.5218135944633319,1242,0.5041944759993485,0.49441869396749105,0.5200218366197842,0.9150796814273935,0.47903093586467027,0.4773848566840144,0.3196056007070236,0,,0,0,0,0,0,0,0,prm_contested_total,prm_moratorium_proposed,cob_persistent_poverty,cob_energy_community,pwr_substations_230kv_n,pwr_dist_retired_plant_km
01129,Washington County,AL,0.5217925265273756,1243,0.669594804467236,0.3876936206413232,0.533630906100276,0.8698049842453693,0.430658200526752,0.4409231851268634,0.33145337383198337,0,,0,0,0,0,0,0,0,prm_contested_total,cob_energy_community,prm_moratorium_active,cob_persistent_poverty,lnd_dist_interstate_km,crb_queue_clean_mw
56033,Sheridan County,WY,0.521702598275504,1244,0.4966750181728621,0.48718550745365424,0.41424367780121596,0.895447138937995,0.6151517553561563,0.5563900791232551,0.32863638395424893,0,,0,0,0,0,0,0,0,cob_energy_community,prm_moratorium_active,prm_moratorium_proposed,crb_queue_clean_mw,cob_persistent_poverty,lnd_dist_eaf_steel_km
28089,Madison County,MS,0.5215975126967457,1245,0.7764723823964209,0.5093901882627132,0.6828899018017094,0.8301437776758785,0.42166792771242784,0.6186525346225443,0.07865267081876184,0,,0,0,0,0,0,0,0,prm_moratorium_proposed,prm_contested_total,prm_moratorium_active,cob_persistent_poverty,cob_energy_community,cob_ghgrp_combustion_facilities_n
37135,Orange County,NC,0.5214614517747894,1246,0.6811380776178774,0.4833504106013072,0.5174129677421097,0.8619477671586113,0.6225248981116279,0.7025813484158944,0.09831103062862692,0,,0,0,0,0,0,0,0,prm_tax_exemption_status,haz_karst_exposed_pct,prm_moratorium_active,cob_persistent_poverty,cob_energy_community,cob_ghgrp_combustion_facilities_n
17175,Stark County,IL,0.5214392843221921,1247,0.5751458944696454,0.5192796019909899,0.4681611782771965,0.7158413757269437,0.6955570384111663,0.5865489889375033,0.20622827626358156,0,,0,0,0,0,0,0,0,haz_karst_exposed_pct,prm_pop_density_km2,prm_moratorium_active,cob_lowtemp_ind_heat_tbtu,cob_persistent_poverty,cob_ghgrp_combustion_facilities_n
17005,Bond County,IL,0.5213514181325102,1248,0.6105069144955794,0.37531990495533857,0.5015761230364855,0.7291245112044806,0.6026757104313728,0.6021889761841214,0.31940308500153586,0,,0,0,0,0,0,0,0,prm_contested_total,haz_karst_exposed_pct,cob_energy_community,cob_lowtemp_ind_heat_tbtu,cob_ghgrp_combustion_facilities_n,cob_persistent_poverty
05033,Crawford County,AR,0.5212955700272982,1249,0.5002687940664728,0.5327163058947438,0.7093026907198227,0.8525580883694976,0.4587633363868876,0.6779442677672769,0.14447209700456592,0,,0,0,0,0,0,0,0,prm_pct_tribal,prm_moratorium_active,haz_karst_exposed_pct,cob_ghgrp_combustion_facilities_n,cob_energy_community,cob_persistent_poverty
42029,Chester County,PA,0.5212943116910009,1250,0.8072691380527799,0.33871238250638774,0.5674474162465708,0.6649171654561095,0.7578509795140493,0.8079733022456413,0.11740131983180642,0,,0,0,0,0,0,0,0,prm_pct_tribal,haz_alr_coastal_flood,prm_moratorium_active,cob_ghgrp_combustion_facilities_n,prm_nonattainment,cob_persistent_poverty
13255,Spalding County,GA,0.521199697442036,1251,0.6805562469393053,0.40256495382830365,0.49477186969566445,0.824689501096183,0.6447468790316695,0.7194736208356272,0.14675355746617214,0,,0,0,0,0,0,0,0,prm_moratorium_active,haz_karst_exposed_pct,prm_tax_exemption_status,cob_ghgrp_combustion_facilities_n,cob_persistent_poverty,cob_energy_community
27003,Anoka County,MN,0.5211687800688278,1252,0.7501887331488846,0.41941855511025194,0.4437756650443182,0.8034805364766096,0.6857940596736494,0.5413492328442182,0.1681757893965772,0,,0,0,0,0,0,0,0,prm_nonattainment,prm_pct_tribal,cob_heat_demand,cob_persistent_poverty,cob_energy_community,cob_ghgrp_combustion_facilities_n
19173,Taylor County,IA,0.5210718882953843,1253,0.5295884247238383,0.5598239826169075,0.6993730237795316,0.8461598928953832,0.5980709528074324,0.46196772514551543,0.13496238931643778,0,,0,0,0,0,0,0,0,prm_moratorium_active,prm_pop_density_km2,haz_karst_exposed_pct,lnd_dist_interstate_km,cob_persistent_poverty,pwr_substations_230kv_n
13169,Jones County,GA,0.5210264273295964,1254,0.7016984525876503,0.39096250020265255,0.37672678434401463,0.898385997376157,0.5794068788862625,0.6315302807900302,0.24188623650545962,0,,0,0,0,0,0,0,0,prm_nonattainment,prm_tax_exemption_status,prm_moratorium_active,cob_lowtemp_ind_heat_tbtu,cob_persistent_poverty,pwr_substations_230kv_n
21219,Todd County,KY,0.5209543070964109,1255,0.6340505367907275,0.3963857707371942,0.4388207815159236,0.8142778835022867,0.48884421834913055,0.6169355362901058,0.32939067232395414,0,,0,0,0,0,0,0,0,prm_moratorium_proposed,cob_energy_community,prm_moratorium_active,cob_persistent_poverty,pwr_substations_230kv_n,cob_ghgrp_combustion_facilities_n
37107,Lenoir County,NC,0.5208732230085389,1256,0.6037832289293378,0.5663882426900195,0.5129563114125526,0.8301984778579982,0.483590434594432,0.45201283244380974,0.2042934642095161,0,,0,0,0,0,0,0,0,prm_moratorium_active,prm_moratorium_proposed,prm_contested_total,lnd_dist_cement_km,cob_energy_community,cob_persistent_poverty
48265,Kerr County,TX,0.5207782960517306,1257,0.6107537904054536,0.6188469677360889,0.3385708987580303,0.8914527718321863,0.4100290342041279,0.676644867115796,0.22385971917243244,0,,0,0,0,0,0,0,0,prm_moratorium_proposed,lnd_pct_buildable,prm_moratorium_active,crb_clean_gen_mw,cob_persistent_poverty,cob_ghgrp_combustion_facilities_n
55061,Kewaunee County,WI,0.5207087683921755,1258,0.6700971232015204,0.37575231780411045,0.5207836686153582,0.7768218114274307,0.8330068882981736,0.4872967446501215,0.19711178687036907,0,,0,0,0,0,0,0,0,cob_heat_demand,prm_moratorium_active,prm_moratorium_proposed,cob_persistent_poverty,crb_queue_clean_mw,cob_energy_community
48207,Haskell County,TX,0.5206918127244864,1259,0.7752101130834509,0.7653493975343312,0.37978135562668175,0.8348352507529343,0.39898987793392254,0.4518206825652249,0.12897560970471225,0,,0,0,0,0,0,0,0,prm_moratorium_active,prm_county_can_zone,prm_pop_density_km2,cob_persistent_poverty,cob_energy_community,lnd_dist_interstate_km
49039,Sanpete County,UT,0.5206606934021215,1260,0.5420626904286208,0.4548389135786725,0.34038987599511455,0.8657775338099931,0.5675659234320549,0.6789015327841526,0.3772226504126339,0,,0,0,0,0,0,0,0,prm_pct_tribal,cob_heat_demand,cob_energy_community,crb_queue_clean_mw,cob_persistent_poverty,cob_ghgrp_combustion_facilities_n
18143,Scott County,IN,0.5206581101537473,1261,0.6453350620437318,0.4302091217202283,0.4826282393672363,0.822875152132267,0.5886521814457653,0.8131820040962663,0.14618706983834812,0,,0,0,0,0,0,0,0,prm_moratorium_proposed,prm_moratorium_active,prm_pct_tribal,crb_queue_clean_mw,cob_ghgrp_combustion_facilities_n,cob_persistent_poverty
18075,Jay County,IN,0.5206503487767347,1262,0.5215576450726738,0.5652074534474212,0.4754798610668492,0.7735379108709399,0.6614263521188559,0.5746505841689861,0.20189074728280504,0,,0,0,0,0,0,0,0,prm_nonattainment,prm_pct_tribal,haz_karst_exposed_pct,cob_persistent_poverty,cob_energy_community,pwr_substations_230kv_n
13045,Carroll County,GA,0.5205633635272047,1263,0.737164496755539,0.44070052348816907,0.44892322044848687,0.874288303950778,0.506900032034426,0.7453665877557533,0.1344632266718102,0,,0,0,0,0,0,0,0,prm_tax_exemption_status,haz_karst_exposed_pct,prm_moratorium_proposed,cob_ghgrp_combustion_facilities_n,cob_persistent_poverty,cob_energy_community
08111,San Juan County,CO,0.5204002389821978,1264,0.40879281546340385,0.4811391509919327,0.4497519280984313,0.878778926810908,0.7542989778840763,0.44131793266738967,0.4703339862582946,0,,0,0,0,0,0,0,0,haz_days_gt95f_2050,prm_pop_density_km2,haz_cdd_annual,crb_queue_clean_mw,lnd_dist_interstate_km,lnd_dist_ixp_km
30093,Silver Bow County,MT,0.5201831361355012,1265,0.5687346646816274,0.5073958106881717,0.3760837512835463,0.8432969657837993,0.6917699918096969,0.6079034620349147,0.22669553761252137,0,,0,0,0,0,0,0,0,prm_moratorium_proposed,cob_heat_demand,prm_moratorium_active,crb_clean_gen_mw,crb_queue_clean_mw,lnd_dist_ixp_km
27023,Chippewa County,MN,0.5201609781912534,1266,0.5991662131792538,0.46481889796465226,0.7004146311576129,0.7755958454140681,0.7305124215584379,0.2398251889672741,0.25331118722846746,0,,0,0,0,0,0,0,0,cob_heat_demand,haz_karst_exposed_pct,prm_moratorium_active,cob_persistent_poverty,cob_energy_community,pwr_dist_retired_plant_km
20191,Sumner County,KS,0.5201598619395112,1267,0.6936764414533412,0.6609818377310046,0.4087368439288511,0.8125215577306417,0.48429830202230634,0.533440713531282,0.13815443052387372,0,,0,0,0,0,0,0,0,prm_nonattainment,prm_moratorium_active,prm_pop_density_km2,cob_persistent_poverty,cob_energy_community,cob_ghgrp_combustion_facilities_n
37199,Yancey County,NC,0.5200805987275572,1268,0.5974178581956464,0.41586197458427965,0.5793223857043952,0.8998024077552663,0.6634891291862319,0.526668896926307,0.1658873361935289,0,,0,0,0,0,0,0,0,prm_tax_exemption_status,prm_moratorium_active,prm_moratorium_proposed,cob_lowtemp_ind_heat_tbtu,cob_ghgrp_combustion_facilities_n,cob_persistent_poverty
13185,Lowndes County,GA,0.5200340279932302,1269,0.6103508703668848,0.474339194041039,0.45651998188643883,0.8794834455535463,0.49560456561051824,0.6577064588449496,0.19787173236638317,0,,0,0,0,0,0,0,0,prm_pct_tribal,prm_moratorium_proposed,prm_tax_exemption_status,cob_persistent_poverty,cob_energy_community,cob_heat_demand
19125,Marion County,IA,0.5200013931270109,1270,0.5234773487182239,0.46794692397824644,0.7677695758851637,0.8421451763598724,0.6383843149440935,0.4904470835421177,0.14471537353787622,0,,0,0,0,0,0,0,0,prm_moratorium_active,wtr_bws_score,haz_karst_exposed_pct,cob_ghgrp_combustion_facilities_n,cob_persistent_poverty,cob_energy_community
29087,Holt County,MO,0.5199656476399799,1271,0.5856041507506814,0.4774755455583189,0.6272760477824229,0.7931293307397599,0.5390851545861559,0.567959070837797,0.16509232144672786,0,,0,0,0,0,0,0,0,prm_moratorium_proposed,haz_karst_exposed_pct,prm_pop_density_km2,cob_persistent_poverty,cob_energy_community,pwr_dist_retired_plant_km
19057,Des Moines County,IA,0.5198725855063776,1272,0.4208001915534182,0.4234642510272888,0.7688018217060796,0.8219839774230181,0.6291891667899779,0.5771623106141895,0.24925055329107548,0,,0,0,0,0,0,0,0,prm_contested_total,wtr_bws_score,prm_moratorium_active,cob_persistent_poverty,lnd_dist_interstate_km,pwr_substations_230kv_n
42077,Lehigh County,PA,0.5197170169588777,1273,0.7550862795788073,0.2949057158581958,0.5914099077279554,0.6462758927314337,0.7126183901456018,0.8196803131894118,0.17405471650732618,0,,0,0,0,0,0,0,0,prm_pct_tribal,prm_moratorium_active,prm_moratorium_proposed,cob_ghgrp_combustion_facilities_n,cob_persistent_poverty,cob_energy_community
48171,Gillespie County,TX,0.5197154872913775,1274,0.5858370906107705,0.64359181141661,0.38610994691150763,0.9013802421968993,0.39679127041220863,0.6004154805307359,0.21067162357238733,0,,0,0,0,0,0,0,0,prm_moratorium_active,prm_pct_tribal,lnd_pct_buildable,cob_persistent_poverty,pwr_substations_230kv_n,lnd_dist_brownfield_or_retired_km
47077,Henderson County,TN,0.5196496799450786,1275,0.5806477994214049,0.475072825157406,0.6488630359033181,0.8607908946461058,0.48310741364815296,0.5851711679036795,0.15361283551383081,0,,0,0,0,0,0,0,0,prm_moratorium_active,haz_karst_exposed_pct,prm_pct_tribal,cob_ghgrp_combustion_facilities_n,pwr_substations_230kv_n,cob_persistent_poverty
30037,Golden Valley County,MT,0.5196363613375553,1276,0.571730327796237,0.5429146302993773,0.2889903024760624,0.8433425872449722,0.6918763265573278,0.4743613821944037,0.3734127079400158,0,,0,0,0,0,0,0,0,lnd_pct_buildable,prm_pct_tribal,cob_energy_community,cob_lowtemp_ind_heat_tbtu,lnd_dist_eaf_steel_km,crb_queue_clean_mw
13117,Forsyth County,GA,0.5196082698276634,1277,0.6926056356546845,0.44487068521407397,0.461332887753435,0.8640662646407936,0.6441550385541136,0.6852847220987215,0.1244992750492617,0,,0,0,0,0,0,0,0,prm_moratorium_proposed,haz_karst_exposed_pct,prm_tax_exemption_status,cob_poverty_pct,cob_energy_community,cob_persistent_poverty
19161,Sac County,IA,0.5195810286649916,1278,0.6763340043167954,0.4964628595909657,0.6155159340673466,0.8100837139941044,0.7337027484642693,0.3107530593746783,0.14893357901557966,0,,0,0,0,0,0,0,0,prm_moratorium_active,prm_pct_tribal,prm_moratorium_proposed,lnd_dist_interstate_km,cob_persistent_poverty,cob_energy_community
45085,Sumter County,SC,0.5195597418739742,1279,0.5971418609568042,0.5030285448217073,0.6121698240215179,0.8358277851902938,0.47310557751367094,0.6209221664807474,0.14277078126128293,0,,0,0,0,0,0,0,0,prm_contested_total,prm_moratorium_active,prm_moratorium_proposed,cob_persistent_poverty,pwr_dist_hv345_line_km,cob_energy_community
13233,Polk County,GA,0.5195207024846105,1280,0.7486026562381908,0.42714590613653247,0.45868049845904296,0.9049795124949996,0.5028023991967037,0.6391013263787281,0.14569603831490555,0,,0,0,0,0,0,0,0,prm_moratorium_proposed,prm_tax_exemption_status,prm_moratorium_active,cob_persistent_poverty,cob_energy_community,cob_ghgrp_combustion_facilities_n
38025,Dunn County,ND,0.5194907816759832,1281,0.6144704787439519,0.4761834226856253,0.6212272469159137,0.855839638233455,0.6719257309547791,0.18882502909772383,0.3230258981906976,0,,0,0,0,0,0,0,0,prm_pop_density_km2,lnd_pct_buildable,prm_moratorium_active,lnd_dist_ixp_km,cob_persistent_poverty,lnd_dist_eaf_steel_km
47127,Moore County,TN,0.5194286177381461,1282,0.6243870433671345,0.44197177310157787,0.6285818688437699,0.8736450145195193,0.5309406219882312,0.6379844928065689,0.12710091425268488,0,,0,0,0,0,0,0,0,prm_moratorium_active,prm_moratorium_proposed,prm_contested_total,cob_persistent_poverty,cob_energy_community,pwr_substations_230kv_n
18081,Johnson County,IN,0.519361365684038,1283,0.7172906615386822,0.43682094138780964,0.5117695286705546,0.7474366118829584,0.5995425980654397,0.767033308260087,0.12106353360702601,0,,0,0,0,0,0,0,0,prm_pct_tribal,prm_nonattainment,haz_karst_exposed_pct,cob_ghgrp_combustion_facilities_n,cob_persistent_poverty,cob_energy_community
20043,Doniphan County,KS,0.5193585823058366,1284,0.5368041847401034,0.47932798851819725,0.6766344176080994,0.8184746685714256,0.5905870350847358,0.5603472328048537,0.15458203171848756,0,,0,0,0,0,0,0,0,prm_nonattainment,prm_contested_total,haz_karst_exposed_pct,cob_persistent_poverty,cob_energy_community,pwr_substations_230kv_n
17129,Menard County,IL,0.5192922341273618,1285,0.5083820190885149,0.4416837889614107,0.5610527226003197,0.7173149683946977,0.6393837442015813,0.5307784715391999,0.3173613320417633,0,,0,0,0,0,0,0,0,haz_karst_exposed_pct,prm_nonattainment,cob_energy_community,cob_lowtemp_ind_heat_tbtu,cob_persistent_poverty,cob_ghgrp_combustion_facilities_n
42075,Lebanon County,PA,0.5192757061262432,1286,0.7360330529826186,0.29122876544592124,0.6639245290784049,0.7594151725567487,0.6996181907635984,0.663371271275134,0.15512062214099104,0,,0,0,0,0,0,0,0,prm_pct_tribal,prm_moratorium_active,prm_moratorium_proposed,cob_ghgrp_combustion_facilities_n,cob_persistent_poverty,cob_energy_community
19105,Jones County,IA,0.5192728737986947,1287,0.5017316542101141,0.41139162863159606,0.7005251705335215,0.8230681029879652,0.6564856840585066,0.6017782237610335,0.18591235245135074,0,,0,0,0,0,0,0,0,prm_moratorium_active,prm_moratorium_proposed,prm_contested_total,crb_queue_clean_mw,crb_clean_gen_mw,cob_energy_community
22049,Jackson Parish,LA,0.5190890731384767,1288,0.5761633502045056,0.3887678928956485,0.6273217515665527,0.8806288285850784,0.46126765403257697,0.36136317735167606,0.38234376976237405,0,,0,0,0,0,0,0,0,prm_moratorium_active,prm_pct_tribal,cob_energy_community,cob_persistent_poverty,pwr_substations_230kv_n,crb_clean_gen_mw
13033,Burke County,GA,0.5190234755177177,1289,0.6850193441623025,0.5753700959282919,0.44191573387900707,0.9014126081699342,0.5103190562410699,0.45090342225182417,0.15243991740976018,0,,0,0,0,0,0,0,0,prm_nonattainment,prm_contested_total,crb_clean_gen_mw,cob_persistent_poverty,cob_energy_community,pwr_dist_retired_plant_km
33019,Sullivan County,NH,0.5190043683679914,1290,0.4145058350930581,0.539748630893358,0.739113970685454,0.8412853624477472,0.6497831112208846,0.5276089764992169,0.17767863352239482,0,,0,0,0,0,0,0,0,cob_heat_demand,prm_moratorium_active,prm_moratorium_proposed,pwr_ind_price_cents_kwh,cob_persistent_poverty,cob_energy_community
47019,Carter County,TN,0.5189695254237389,1291,0.5993253849553959,0.4377281659588981,0.6269406044498288,0.8522159004350843,0.6144957299759607,0.6034835979771621,0.13351934962810208,0,,0,0,0,0,0,0,0,prm_pct_tribal,prm_moratorium_active,prm_moratorium_proposed,cob_ghgrp_combustion_facilities_n,cob_energy_community,cob_persistent_poverty
55109,St. Croix County,WI,0.5189439512357036,1292,0.6177932370583518,0.49009047466808137,0.4361181876502549,0.7933658745930647,0.7386761953284566,0.5710614608387908,0.17182993031024013,0,,0,0,0,0,0,0,0,cob_heat_demand,prm_moratorium_active,prm_moratorium_proposed,cob_ghgrp_combustion_facilities_n,cob_persistent_poverty,cob_energy_community
06021,Glenn County,CA,0.5188643600544579,1293,0.48922690726524765,0.5833363463246558,0.4325969777834996,0.7779519211982081,0.4733521982479214,0.597630008792397,0.32567937095692606,0,,0,0,0,0,0,0,0,prm_contested_total,haz_karst_exposed_pct,cob_energy_community,pwr_ind_price_cents_kwh,cob_persistent_poverty,prm_price_growth_pct
48241,Jasper County,TX,0.5188152567567723,1294,0.47607454739324445,0.4453753026524758,0.5996127072172052,0.8977181080399936,0.40502873862984656,0.4696023624696197,0.41286027915815166,0,,0,0,0,0,0,0,0,prm_contested_total,prm_pct_tribal,haz_karst_exposed_pct,cob_persistent_poverty,pwr_substations_230kv_n,lnd_dist_interstate_km
34019,Hunterdon County,NJ,0.5188039836100039,1295,0.7414313626395491,0.40318636636067595,0.4886260274800581,0.6804277572964981,0.6429714268309404,0.8016339043246475,0.1416317880946615,0,,0,0,0,0,0,0,0,prm_pct_tribal,prm_moratorium_active,prm_moratorium_proposed,cob_persistent_poverty,cob_energy_community,cob_poverty_pct
20149,Pottawatomie County,KS,0.5187714797171049,1296,0.6483426460019306,0.5351070966953849,0.4992656993998793,0.8801921587160594,0.5124626860377275,0.6331035004397426,0.11942541074146035,0,,0,0,0,0,0,0,0,prm_pct_tribal,prm_moratorium_active,lnd_pct_buildable,cob_persistent_poverty,cob_energy_community,cob_ghgrp_combustion_facilities_n
13161,Jeff Davis County,GA,0.518706414435798,1297,0.6545419910232624,0.4890305159970955,0.532532919963414,0.8988792450079046,0.4814840821247187,0.4451631017326611,0.1828841699375383,0,,0,0,0,0,0,0,0,prm_contested_total,haz_karst_exposed_pct,prm_moratorium_proposed,cob_persistent_poverty,cob_energy_community,lnd_dist_interstate_km
54057,Mineral County,WV,0.5185961420687744,1298,0.6533996311374314,0.3149237834593256,0.46231314746418856,0.8341112353084054,0.6540817731195622,0.6363619109349193,0.2881063918019714,0,,0,0,0,0,0,0,0,prm_pct_tribal,cob_energy_community,prm_moratorium_active,cob_lowtemp_ind_heat_tbtu,cob_ghgrp_combustion_facilities_n,cob_persistent_poverty
41041,Lincoln County,OR,0.5185753894854214,1299,0.4243547520915972,0.549482432921128,0.7799943719061353,0.841957019542019,0.6081045320847852,0.4260326253335149,0.19756273078698972,0,,0,0,0,0,0,0,0,haz_karst_exposed_pct,prm_moratorium_active,prm_moratorium_proposed,crb_clean_gen_mw,cob_persistent_poverty,lnd_dist_interstate_km
16061,Lewis County,ID,0.518549089432805,1300,0.4832581339838728,0.4864678342031811,0.6919923777845673,0.7075847374496117,0.7126382635583342,0.33190988444833774,0.31426656060337776,0,,0,0,0,0,0,0,0,prm_nonattainment,wtr_bws_score,wtr_bws_2050_score,cob_lowtemp_ind_heat_tbtu,lnd_dist_interstate_km,cob_ghgrp_combustion_facilities_n
28163,Yazoo County,MS,0.5185363696165307,1301,0.5506128430828456,0.44983058830186806,0.6132773408343404,0.8332620354456715,0.34529083371593033,0.4317019252595833,0.40403157722393473,0,,0,0,0,0,0,0,0,prm_nonattainment,prm_pct_tribal,wtr_bws_2050_score,wtr_wwtp_flow_mgd,cob_energy_community,crb_clean_gen_mw
26113,Missaukee County,MI,0.5185161881909827,1302,0.3610860774210786,0.45901047019438146,0.6566619928539219,0.8583334473066759,0.8216447690348647,0.40933068881182194,0.37700197019618054,0,,0,0,0,0,0,0,0,haz_alr_riverine_flood,prm_pct_tribal,prm_moratorium_active,cob_lowtemp_ind_heat_tbtu,pwr_dist_retired_plant_km,pwr_substations_230kv_n
27051,Grant County,MN,0.518407583256538,1303,0.6781691656413483,0.44823389344373066,0.5793214276150652,0.7835445657855217,0.742774295105306,0.29944613232170436,0.20531033244786728,0,,0,0,0,0,0,0,0,prm_nonattainment,cob_heat_demand,haz_karst_exposed_pct,cob_energy_community,cob_ghgrp_combustion_facilities_n,lnd_dist_cement_km
31141,Platte County,NE,0.518357846672869,1304,0.6382589051279659,0.4922108309490961,0.465010664977188,0.8057453629333938,0.5748665627406727,0.528669712287757,0.19328090855099517,0,,0,0,0,0,0,0,0,prm_moratorium_active,prm_moratorium_proposed,prm_contested_total,cob_persistent_poverty,cob_energy_community,lnd_dist_interstate_km
40099,Murray County,OK,0.5183313459368221,1305,0.46349799361569116,0.6487524186250696,0.4230559982307306,0.866926379395236,0.3791161669433192,0.777874879743364,0.25279885329646723,0,,0,0,0,0,0,0,0,prm_pct_tribal,lnd_pct_buildable,cob_energy_community,cob_persistent_poverty,pwr_substations_230kv_n,pwr_dist_retired_plant_km
21125,Laurel County,KY,0.5183215536174396,1306,0.4826301771593595,0.268378356290659,0.60961668133624,0.8471943836636883,0.5609030187441181,0.7200355799646366,0.49487300704578135,0,,0,0,0,0,0,0,0,prm_moratorium_active,cob_persistent_poverty,cob_energy_community,crb_queue_clean_mw,pwr_substations_230kv_n,cob_ghgrp_combustion_facilities_n
47063,Hamblen County,TN,0.5183210642077315,1307,0.6447285463965595,0.3517795573059031,0.6416556917496884,0.8328769026969755,0.6471277591758181,0.7848736973714368,0.12146697647650873,0,,0,0,0,0,0,0,0,prm_moratorium_active,prm_moratorium_proposed,prm_contested_total,cob_persistent_poverty,cob_energy_community,pwr_substations_230kv_n
48461,Upton County,TX,0.5182663156032103,1308,0.7986386844767067,0.7793100562289952,0.31330012136536933,0.9019783016525702,0.4948402654813012,0.5037062636826825,0.09591868348913705,0,,0,0,0,0,0,0,0,prm_moratorium_proposed,prm_county_can_zone,lnd_pct_buildable,cob_lowtemp_ind_heat_tbtu,cob_persistent_poverty,cob_energy_community
17173,Shelby County,IL,0.5181051053883521,1309,0.6067233774157043,0.453039535853674,0.5096973876515257,0.7267361127152473,0.6323891889733517,0.38569138017487203,0.31644339445484604,0,,0,0,0,0,0,0,0,prm_contested_total,prm_moratorium_active,prm_moratorium_proposed,cob_persistent_poverty,cob_ghgrp_combustion_facilities_n,crb_clean_gen_mw
26093,Livingston County,MI,0.518012931083289,1310,0.6118322881710033,0.4849967164111015,0.5154555126436213,0.5999038379869478,0.7629440482963322,0.7159023747628038,0.16059394813727365,0,,0,0,0,0,0,0,0,prm_moratorium_active,prm_moratorium_proposed,prm_pct_tribal,cob_persistent_poverty,cob_energy_community,cob_poverty_pct
01091,Marengo County,AL,0.5180098998604755,1311,0.4195481975429765,0.3884742174391228,0.6378299175757562,0.868255011077902,0.44011161539277327,0.572664788977172,0.49649737582711845,0,,0,0,0,0,0,0,0,prm_pct_tribal,prm_pop_density_km2,prm_moratorium_proposed,crb_clean_gen_mw,crb_queue_clean_mw,pwr_dist_hv345_line_km
55127,Walworth County,WI,0.5179396897671171,1312,0.5260645849948312,0.5285537088100181,0.409416929129077,0.7519858703441443,0.7853842310412772,0.7580353209711342,0.1768523029121312,0,,0,0,0,0,0,0,0,prm_moratorium_proposed,haz_karst_exposed_pct,prm_moratorium_active,cob_persistent_poverty,cob_energy_community,pwr_substations_230kv_n
21023,Bracken County,KY,0.5179127442449304,1313,0.655410040419747,0.278038978027651,0.7257214789162766,0.8701155012435828,0.5670272390410409,0.6186133697237598,0.20012594753807164,0,,0,0,0,0,0,0,0,prm_pct_tribal,prm_moratorium_active,prm_moratorium_proposed,cob_persistent_poverty,cob_energy_community,pwr_substations_230kv_n
13247,Rockdale County,GA,0.5178687350576717,1314,0.7546230547239751,0.3938847099848791,0.3515970369863071,0.873484038441874,0.6342744606016137,0.7500261299336733,0.17030306458266634,0,,0,0,0,0,0,0,0,prm_contested_total,prm_moratorium_active,haz_karst_exposed_pct,cob_persistent_poverty,cob_energy_community,crb_clean_gen_mw
39067,Harrison County,OH,0.5178318543380925,1315,0.5707715784000856,0.2838732350378437,0.5271141132573973,0.8375247342205503,0.7074488074358081,0.646918602872441,0.342096306826159,0,,0,0,0,0,0,0,0,prm_moratorium_active,prm_moratorium_proposed,cob_energy_community,cob_lowtemp_ind_heat_tbtu,cob_ghgrp_combustion_facilities_n,pwr_substations_230kv_n
08033,Dolores County,CO,0.517752546665663,1316,0.5154479997545903,0.5703191352726192,0.505798470965834,0.871768923448105,0.7208356603192416,0.1945812343459469,0.3980135796329375,0,,0,0,0,0,0,0,0,prm_pop_density_km2,prm_moratorium_active,prm_moratorium_proposed,cob_lowtemp_ind_heat_tbtu,cob_persistent_poverty,lnd_dist_cement_km
48259,Kendall County,TX,0.5177248797043126,1317,0.7299835231172308,0.6225637455313682,0.2697866658468936,0.8838502338099524,0.3906030840967097,0.7683315856783409,0.18568962811950118,0,,0,0,0,0,0,0,0,prm_moratorium_proposed,prm_pct_tribal,prm_moratorium_active,cob_persistent_poverty,crb_clean_gen_mw,cob_ghgrp_combustion_facilities_n
31155,Saunders County,NE,0.5176580171773815,1318,0.5766348429657382,0.49274054118273264,0.6222675857200196,0.8178717970264756,0.5373926177804538,0.6716366284798494,0.1265653683871896,0,,0,0,0,0,0,0,0,prm_nonattainment,prm_moratorium_active,prm_moratorium_proposed,crb_queue_clean_mw,cob_energy_community,pwr_substations_230kv_n
21213,Simpson County,KY,0.5175118728486401,1319,0.49636105761639737,0.4687396797615163,0.520870171654528,0.7621037407978335,0.5304375197957768,0.6137318161956635,0.3090600687447154,0,,0,0,0,0,0,0,0,prm_nonattainment,cob_energy_community,prm_moratorium_active,pwr_substations_230kv_n,cob_ghgrp_combustion_facilities_n,cob_persistent_poverty
13313,Whitfield County,GA,0.5174361146414337,1320,0.7120144339976238,0.40876546183068785,0.6064016276738166,0.887814442953746,0.5390577910180985,0.6981092820738342,0.0977813170152349,0,,0,0,0,0,0,0,0,prm_tax_exemption_status,prm_pct_tribal,prm_moratorium_proposed,cob_persistent_poverty,cob_energy_community,cob_ghgrp_combustion_facilities_n
39101,Marion County,OH,0.5173314237986884,1321,0.5260938318675134,0.31451647822046536,0.5729815586198346,0.7169741777549381,0.7207555826735571,0.5976978592205424,0.398892112322984,0,,0,0,0,0,0,0,0,prm_moratorium_active,cob_energy_community,haz_karst_exposed_pct,cob_persistent_poverty,pwr_substations_230kv_n,cob_lowtemp_ind_heat_tbtu
18059,Hancock County,IN,0.5173214597282261,1322,0.6837051081325966,0.44240217403178994,0.5017021832537741,0.7324574525140243,0.7221669080241171,0.7559162685249867,0.11310156366750883,0,,0,0,0,0,0,0,0,prm_moratorium_proposed,haz_karst_exposed_pct,prm_moratorium_active,cob_persistent_poverty,cob_energy_community,cob_poverty_pct
06041,Marin County,CA,0.5172709838460113,1323,0.4822991760225559,0.6042134903212324,0.543718134817822,0.6567549095332001,0.5296290165364331,0.5798703878281496,0.2577945060955244,0,,0,0,0,0,0,0,0,prm_pct_tribal,cob_energy_community,haz_karst_exposed_pct,pwr_ind_price_cents_kwh,cob_persistent_poverty,prm_price_growth_pct
37023,Burke County,NC,0.5172179104661293,1324,0.596864631574522,0.46200276293011455,0.5550202325954587,0.8784770488411067,0.5880662928506167,0.6411197790759399,0.133359558974102,0,,0,0,0,0,0,0,0,prm_tax_exemption_status,prm_moratorium_active,prm_moratorium_proposed,cob_persistent_poverty,cob_energy_community,cob_ghgrp_combustion_facilities_n
19087,Henry County,IA,0.5171925396622954,1325,0.5626296544984075,0.426003026114932,0.7012293952984384,0.8315433054873151,0.6400347194931116,0.4716496459147946,0.16774492925094858,0,,0,0,0,0,0,0,0,prm_moratorium_active,wtr_bws_score,haz_karst_exposed_pct,cob_ghgrp_combustion_facilities_n,cob_persistent_poverty,cob_energy_community
54069,Ohio County,WV,0.5171915071067404,1326,0.5602368061179506,0.21290012896935506,0.744945836159791,0.8034615503764199,0.6595604481052858,0.7735919650525013,0.3357208638781419,0,,0,0,0,0,0,0,0,prm_moratorium_proposed,cob_energy_community,wtr_bws_score,crb_queue_clean_mw,pwr_saidi_min,cob_ghgrp_combustion_facilities_n
29075,Gentry County,MO,0.5171892069516243,1327,0.5340866103262493,0.5505180053963338,0.5731596543107265,0.843124087045479,0.5505265879495393,0.5345261411857233,0.1611989290893786,0,,0,0,0,0,0,0,0,prm_moratorium_active,prm_pop_density_km2,haz_karst_exposed_pct,cob_ghgrp_combustion_facilities_n,cob_persistent_poverty,pwr_substations_230kv_n
37093,Hoke County,NC,0.5171478353072642,1328,0.6733119424735516,0.5288270266586733,0.530684210809302,0.8611368647981249,0.445397709660077,0.5805847128357028,0.12871541417038085,0,,0,0,0,0,0,0,0,prm_pct_tribal,prm_moratorium_active,prm_moratorium_proposed,cob_persistent_poverty,cob_energy_community,cob_ghgrp_combustion_facilities_n
48089,Colorado County,TX,0.517127862794317,1329,0.46755619641918067,0.6295896613102151,0.47351282554339547,0.8834059306678599,0.3848440456179917,0.6970082577248671,0.2308237781728066,0,,0,0,0,0,0,0,0,prm_contested_total,cob_energy_community,haz_karst_exposed_pct,cob_persistent_poverty,cob_ghgrp_combustion_facilities_n,pwr_substations_230kv_n
13289,Twiggs County,GA,0.5170339991053682,1330,0.7293511563225387,0.5332285213165198,0.36493909836705746,0.9311462181458451,0.5442372198568471,0.6460315947762671,0.12172698180777236,0,,0,0,0,0,0,0,0,prm_contested_total,prm_moratorium_proposed,prm_tax_exemption_status,cob_lowtemp_ind_heat_tbtu,cob_persistent_poverty,cob_energy_community
39111,Monroe County,OH,0.5170115261538274,1331,0.7025453702980732,0.20622780081691777,0.6421786765429316,0.8434117860334556,0.6373842359882292,0.527220051110529,0.3798018619816215,0,,0,0,0,0,0,0,0,prm_nonattainment,prm_moratorium_active,cob_energy_community,cob_ghgrp_combustion_facilities_n,cob_persistent_poverty,crb_clean_gen_mw
29219,Warren County,MO,0.5168264443914374,1332,0.6256317781031606,0.5000808679832744,0.7204737944902975,0.8181722952166389,0.5710706938894438,0.6209149457801715,0.0827669695199369,0,,0,0,0,0,0,0,0,prm_moratorium_active,wtr_bws_score,wtr_bws_2050_score,cob_persistent_poverty,cob_energy_community,cob_ghgrp_combustion_facilities_n
19197,Wright County,IA,0.5167804537801274,1333,0.487305949726477,0.4870419556701431,0.5390463953484844,0.8100837139941044,0.7064964916977051,0.441493108129042,0.26792271499282716,0,,0,0,0,0,0,0,0,prm_moratorium_proposed,haz_karst_exposed_pct,prm_pop_density_km2,lnd_pct_cropland,cob_persistent_poverty,cob_energy_community
24031,Montgomery County,MD,0.516715521472106,1334,0.7559894491104486,0.3741612226393477,0.7103531250846495,0.6074664740853694,0.7654549176205971,0.7503406638814644,0.09049022043289534,0,,0,0,0,0,0,0,0,prm_moratorium_active,prm_moratorium_proposed,prm_pct_tribal,cob_persistent_poverty,cob_energy_community,prm_nonattainment
05035,Crittenden County,AR,0.5166803150737822,1335,0.7164477583114047,0.5396780418759769,0.4314785917433275,0.7220886238038368,0.5161094349691934,0.5363045313040625,0.17802981918304056,0,,0,0,0,0,0,0,0,prm_pct_tribal,prm_nonattainment,haz_karst_exposed_pct,cob_ghgrp_combustion_facilities_n,cob_energy_community,cob_persistent_poverty
35043,Sandoval County,NM,0.516639300935457,1336,0.6439678575042562,0.6104516775904522,0.29179249723004336,0.849032375468361,0.5353059227680924,0.7895303514256632,0.1664303088235122,0,,0,0,0,0,0,0,0,prm_nonattainment,prm_moratorium_active,prm_moratorium_proposed,cob_ghgrp_combustion_facilities_n,cob_persistent_poverty,pwr_dist_retired_plant_km
17147,Piatt County,IL,0.5165630614896624,1337,0.6127080591618234,0.5198337400690244,0.5382261436468487,0.7086661853064645,0.657093211672444,0.6253281275381225,0.1333137176294099,0,,0,0,0,0,0,0,0,prm_pct_tribal,prm_nonattainment,haz_karst_exposed_pct,cob_ghgrp_combustion_facilities_n,cob_persistent_poverty,cob_energy_community
21067,Fayette County,KY,0.5164125134558601,1338,0.6989074044651071,0.28334403056777846,0.6591827660414886,0.8009497846597377,0.6037823618334183,0.8104642029243602,0.15294950684437159,0,,0,0,0,0,0,0,0,prm_pct_tribal,lnd_pct_buildable,prm_moratorium_active,cob_persistent_poverty,cob_energy_community,cob_ghgrp_combustion_facilities_n
48047,Brooks County,TX,0.516383635325242,1339,0.5654459863155216,0.6600646941222663,0.3009231705026171,0.9032260432308163,0.3182866036576284,0.4457848769879617,0.49646279924179376,0,,0,0,0,0,0,0,0,lnd_pct_buildable,prm_moratorium_proposed,cob_persistent_poverty,haz_days_gt95f_2050,lnd_dist_interstate_km,haz_cdd_annual
39089,Licking County,OH,0.5163511549364648,1340,0.6960460367831629,0.30840195285741834,0.5720374320155801,0.7635508295972128,0.7391866756204344,0.6810151895363279,0.1709750182068314,0,,0,0,0,0,0,0,0,prm_pct_tribal,haz_karst_exposed_pct,prm_moratorium_active,cob_ghgrp_combustion_facilities_n,cob_persistent_poverty,cob_energy_community
39047,Fayette County,OH,0.5163453139641742,1341,0.621033336460467,0.32717628584922803,0.4987628921379093,0.7022725435536616,0.7054713015366495,0.5257277351438792,0.3733381248799652,0,,0,0,0,0,0,0,0,cob_energy_community,haz_karst_exposed_pct,prm_moratorium_active,cob_persistent_poverty,lnd_pct_cropland,cob_lowtemp_ind_heat_tbtu
41057,Tillamook County,OR,0.5161994784968087,1342,0.5338203590897642,0.5502888863818859,0.7697512879702819,0.856223577986405,0.5587746037341016,0.5090586853749433,0.10290395452071764,0,,0,0,0,0,0,0,0,prm_nonattainment,prm_pop_density_km2,haz_karst_exposed_pct,cob_persistent_poverty,cob_ghgrp_combustion_facilities_n,cob_energy_community
54009,Brooke County,WV,0.5161375157227733,1343,0.5923704874368813,0.20564716107918085,0.7318560998422161,0.81270354669123,0.6497793487790916,0.7262157342410115,0.3380333364728745,0,,0,0,0,0,0,0,0,prm_moratorium_proposed,cob_energy_community,wtr_bws_score,crb_queue_clean_mw,cob_ghgrp_combustion_facilities_n,crb_clean_gen_mw
39019,Carroll County,OH,0.5161272787097558,1344,0.7180563100334787,0.21862493159785462,0.5145240354112998,0.8200096229218304,0.7247764031531043,0.6600904874888878,0.32727704622476367,0,,0,0,0,0,0,0,0,prm_moratorium_active,prm_pct_tribal,prm_moratorium_proposed,cob_ghgrp_combustion_facilities_n,cob_persistent_poverty,crb_queue_clean_mw
13077,Coweta County,GA,0.5160626707840527,1345,0.7959219707733605,0.45457465316459,0.48366008179090636,0.8465451577773848,0.6504197406245364,0.7459756361273465,0.0719806995460838,0,,0,0,0,0,0,0,0,prm_moratorium_active,prm_moratorium_proposed,haz_karst_exposed_pct,cob_persistent_poverty,cob_energy_community,cob_ghgrp_combustion_facilities_n
29159,Pettis County,MO,0.5159520365395497,1346,0.47306203289818133,0.4687123630709674,0.7187208759923835,0.8202579230518714,0.5061589670444699,0.6043391356520808,0.19602356046343972,0,,0,0,0,0,0,0,0,prm_moratorium_proposed,prm_moratorium_active,prm_pct_tribal,cob_energy_community,crb_clean_gen_mw,pwr_substations_230kv_n
39069,Henry County,OH,0.515904102112204,1347,0.6201694912015777,0.27023820898002154,0.6999210695416458,0.7226164211673105,0.7388286701943918,0.6458914926937385,0.23463032083065377,0,,0,0,0,0,0,0,0,prm_nonattainment,prm_moratorium_active,prm_moratorium_proposed,lnd_pct_cropland,cob_persistent_poverty,cob_energy_community
54053,Mason County,WV,0.5158782155110109,1348,0.6274000386711204,0.251449858573417,0.6068223271880018,0.8370117525414555,0.6187592503614431,0.54763136407981,0.36421825291275534,0,,0,0,0,0,0,0,0,prm_moratorium_active,cob_energy_community,haz_karst_exposed_pct,cob_persistent_poverty,crb_clean_gen_mw,cob_lowtemp_ind_heat_tbtu
29003,Andrew County,MO,0.5157952831689294,1349,0.6326007607695522,0.4774007766480028,0.6437972864905442,0.8122318805762772,0.5568665969002768,0.6770811128325948,0.09688645268726773,0,,0,0,0,0,0,0,0,prm_moratorium_active,haz_karst_exposed_pct,prm_pct_tribal,cob_lowtemp_ind_heat_tbtu,cob_ghgrp_combustion_facilities_n,cob_persistent_poverty
48179,Gray County,TX,0.5157444444129855,1350,0.704182770997574,0.6244963195670605,0.3398429826378151,0.8762029075530717,0.5040843572654843,0.36821090479366475,0.22287408008352622,0,,0,0,0,0,0,0,0,prm_moratorium_active,prm_pop_density_km2,lnd_pct_buildable,cob_lowtemp_ind_heat_tbtu,cob_persistent_poverty,cob_energy_community
53043,Lincoln County,WA,0.5157281604096365,1351,0.5657707575539687,0.7149227975303101,0.3944542945061384,0.8069908083390124,0.6149535335512748,0.48344472637650315,0.1596782850983397,0,,0,0,0,0,0,0,0,prm_contested_total,prm_pop_density_km2,prm_moratorium_active,lnd_dist_cement_km,cob_ghgrp_combustion_facilities_n,cob_energy_community
55019,Clark County,WI,0.5156999732210839,1352,0.5981307948565602,0.4547917781334315,0.5721222394102016,0.8236349024006926,0.8051028649339451,0.2704696177700325,0.24163042889743874,0,,0,0,0,0,0,0,0,prm_moratorium_active,prm_moratorium_proposed,prm_contested_total,cob_persistent_poverty,cob_energy_community,lnd_dist_interstate_km
39083,Knox County,OH,0.5156671070041225,1353,0.6461648274180906,0.2780434843591769,0.5304727558772486,0.7713485802862214,0.705664751198618,0.5804917104345639,0.32454207347428976,0,,0,0,0,0,0,0,0,prm_moratorium_active,cob_energy_community,haz_karst_exposed_pct,cob_ghgrp_combustion_facilities_n,cob_persistent_poverty,pwr_substations_230kv_n
19009,Audubon County,IA,0.5156338564156379,1354,0.5672939302570646,0.5021213728492284,0.48752256219362866,0.8100837139941044,0.7074120208391006,0.5944272392995883,0.15311671733703983,0,,0,0,0,0,0,0,0,prm_nonattainment,haz_karst_exposed_pct,prm_moratorium_active,cob_lowtemp_ind_heat_tbtu,cob_ghgrp_combustion_facilities_n,cob_energy_community
45087,Union County,SC,0.5155845040766702,1355,0.639410977239022,0.5054397222872584,0.35630042150508484,0.8656700965957702,0.567146961733783,0.6241599758863638,0.19995526704072938,0,,0,0,0,0,0,0,0,prm_pct_tribal,prm_moratorium_active,prm_moratorium_proposed,cob_persistent_poverty,cob_energy_community,pwr_substations_230kv_n
19003,Adams County,IA,0.5155796495246253,1356,0.6165326879022656,0.48949732704161075,0.566612548615699,0.8425746792673682,0.6153839194152538,0.3998131726311711,0.17145830199076956,0,,0,0,0,0,0,0,0,prm_moratorium_active,prm_pop_density_km2,haz_karst_exposed_pct,lnd_dist_interstate_km,cob_persistent_poverty,cob_energy_community
49013,Duchesne County,UT,0.5155255445570861,1357,0.6052933327809048,0.4523631287914801,0.38763659034619946,0.660317112972374,0.6584504859751519,0.5518419600147736,0.35456524329409067,0,,0,0,0,0,0,0,0,prm_pop_density_km2,prm_contested_total,prm_moratorium_active,cob_persistent_poverty,pwr_substations_230kv_n,cob_ghgrp_combustion_facilities_n
47075,Haywood County,TN,0.5155056969058922,1358,0.6462024842482398,0.47935965246383355,0.5323492442316484,0.8081993876559506,0.4803106806219018,0.48481776840135726,0.19799742885017688,0,,0,0,0,0,0,0,0,prm_pct_tribal,haz_karst_exposed_pct,prm_moratorium_active,cob_persistent_poverty,cob_energy_community,cob_lowtemp_ind_heat_tbtu
48275,Knox County,TX,0.5154195525897399,1359,0.7689713973391835,0.7494419614080348,0.411813375126657,0.8559066470568579,0.46403001875179034,0.3824733381912268,0.10671870908289674,0,,0,0,0,0,0,0,0,prm_moratorium_active,prm_county_can_zone,prm_pop_density_km2,cob_lowtemp_ind_heat_tbtu,cob_persistent_poverty,cob_energy_community
18109,Morgan County,IN,0.5153755355394953,1360,0.7137142607082251,0.41306724087272845,0.49580438916443637,0.7849480526919408,0.5969900107085309,0.7585778158283225,0.12400890795732199,0,,0,0,0,0,0,0,0,prm_nonattainment,prm_moratorium_active,prm_moratorium_proposed,cob_ghgrp_combustion_facilities_n,cob_persistent_poverty,cob_energy_community
22125,West Feliciana Parish,LA,0.5153161715389061,1361,0.674409171222721,0.47842949376452903,0.6455986700670252,0.8673434619047489,0.5188266013263463,0.3793137514336003,0.14360923202034429,0,,0,0,0,0,0,0,0,prm_contested_total,prm_pct_tribal,haz_alr_coastal_flood,lnd_dist_cement_km,cob_persistent_poverty,cob_energy_community
46081,Lawrence County,SD,0.5152967921692385,1362,0.4902357558526106,0.49547605553599183,0.40744161663411776,0.8946738029389487,0.6169933807793121,0.5356936162381537,0.30821266389617114,0,,0,0,0,0,0,0,0,prm_contested_total,prm_pct_tribal,cob_energy_community,lnd_dist_ixp_km,cob_persistent_poverty,cob_ghgrp_combustion_facilities_n
27133,Rock County,MN,0.5151741223190278,1363,0.5718974642933251,0.5565905560502189,0.4317697483703635,0.7756040845026162,0.6705178080677323,0.520799975776259,0.19101004369422012,0,,0,0,0,0,0,0,0,prm_contested_total,prm_nonattainment,haz_karst_exposed_pct,cob_persistent_poverty,cob_energy_community,pwr_substations_230kv_n
29121,Macon County,MO,0.5150392432867129,1364,0.4769376688703715,0.47833162842148014,0.6998301130016313,0.8529020989287897,0.5548922316147007,0.5415726201010801,0.18220999784924286,0,,0,0,0,0,0,0,0,prm_contested_total,haz_karst_exposed_pct,prm_moratorium_active,lnd_dist_interstate_km,cob_persistent_poverty,pwr_substations_230kv_n
20207,Woodson County,KS,0.5149953849231884,1365,0.48632933894412345,0.49119314392544977,0.6139087683303583,0.8770522337379948,0.5486159700423933,0.6283444431316508,0.16918896617798818,0,,0,0,0,0,0,0,0,prm_nonattainment,prm_moratorium_active,prm_moratorium_proposed,crb_queue_clean_mw,lnd_dist_interstate_km,crb_clean_gen_mw
46103,Pennington County,SD,0.5149474776600527,1366,0.5184836962118694,0.5407373013268729,0.5063464457307357,0.8816683159612998,0.5756304803330455,0.6500263408089694,0.15070667617052702,0,,0,0,0,0,0,0,0,prm_moratorium_proposed,lnd_pct_buildable,prm_moratorium_active,cob_persistent_poverty,cob_energy_community,pwr_dist_hv345_line_km
51069,Frederick County,VA,0.5149429362643143,1367,0.6119510798058883,0.38844052949289987,0.5282017316227927,0.891240885812756,0.660770971629621,0.7887574594265393,0.1258471291759147,0,,0,0,0,0,0,0,0,prm_moratorium_proposed,prm_pct_tribal,prm_moratorium_active,cob_persistent_poverty,cob_energy_community,cob_poverty_pct
45073,Oconee County,SC,0.5149075130051927,1368,0.7058888091188991,0.5018661131418621,0.4276707037978329,0.8692601567615437,0.6094813458071722,0.569835349436656,0.12385557096192637,0,,0,0,0,0,0,0,0,prm_moratorium_active,prm_moratorium_proposed,prm_contested_total,cob_ghgrp_combustion_facilities_n,cob_persistent_poverty,wtr_wwtp_flow_mgd
55121,Trempealeau County,WI,0.5148639733267867,1369,0.5738283640857487,0.4528343328972884,0.6552488386823084,0.8294884968489755,0.7028995414244839,0.3612594905603947,0.1817089519512305,0,,0,0,0,0,0,0,0,prm_moratorium_active,prm_moratorium_proposed,prm_contested_total,cob_persistent_poverty,cob_energy_community,pwr_substations_230kv_n
31079,Hall County,NE,0.514759129892396,1370,0.6158424311218708,0.47790579570805863,0.3849933158435323,0.8049789842548933,0.6075673139056007,0.5719031330068528,0.239121063149708,0,,0,0,0,0,0,0,0,prm_moratorium_active,prm_moratorium_proposed,prm_contested_total,cob_persistent_poverty,cob_energy_community,pwr_substations_230kv_n
42089,Monroe County,PA,0.514748638617335,1371,0.7093756179421253,0.33347260853884253,0.45348495397506977,0.7602907653647595,0.6568516151041675,0.7094627314423091,0.212718491975446,0,,0,0,0,0,0,0,0,prm_moratorium_active,prm_moratorium_proposed,prm_nonattainment,cob_energy_community,cob_persistent_poverty,cob_lowtemp_ind_heat_tbtu
05073,Lafayette County,AR,0.5147108259986748,1372,0.5808809536586822,0.39302503285778756,0.42524866119885923,0.8695010049216575,0.4337452331068465,0.4647772557870682,0.5108998774034266,0,,0,0,0,0,0,0,0,prm_moratorium_proposed,prm_nonattainment,haz_karst_exposed_pct,cob_lowtemp_ind_heat_tbtu,crb_queue_clean_mw,crb_clean_gen_mw
51105,Lee County,VA,0.5147034648765967,1373,0.6542144501591244,0.20247445201386363,0.5414163984450454,0.92352998850195,0.5834671035643102,0.5936084232903148,0.4803194431345695,0,,0,0,0,0,0,0,0,prm_tax_exemption_status,prm_pct_tribal,prm_moratorium_proposed,cob_lowtemp_ind_heat_tbtu,cob_ghgrp_combustion_facilities_n,crb_queue_clean_mw
17015,Carroll County,IL,0.5146687283080694,1374,0.5594201137457964,0.3340609632556618,0.5259202906681796,0.732035878630851,0.6602810688060006,0.561291647611969,0.38042746306156117,0,,0,0,0,0,0,0,0,prm_contested_total,prm_pct_tribal,prm_moratorium_active,cob_persistent_poverty,cob_ghgrp_combustion_facilities_n,pwr_substations_230kv_n
19071,Fremont County,IA,0.5146392900805914,1375,0.611743852270328,0.3912020296606507,0.5716175798056057,0.8178370031581441,0.5142127361149046,0.6066160658143617,0.208707966782336,0,,0,0,0,0,0,0,0,prm_pop_density_km2,haz_karst_exposed_pct,prm_moratorium_active,cob_persistent_poverty,cob_energy_community,pwr_substations_230kv_n
01089,Madison County,AL,0.5145997044978431,1376,0.6654430062032199,0.48405951974937683,0.8214259250152084,0.7917337501814066,0.5492841191297541,0.6754476054852968,0.060523437799315315,0,,0,0,0,0,0,0,0,prm_pct_tribal,prm_moratorium_active,prm_moratorium_proposed,cob_ghgrp_combustion_facilities_n,cob_energy_community,cob_persistent_poverty
48399,Runnels County,TX,0.5145532780074014,1377,0.5428076583827289,0.6443018856222545,0.48903841703906525,0.8617071124098276,0.4418014144110411,0.3829128264448683,0.23787042265187422,0,,0,0,0,0,0,0,0,prm_pop_density_km2,lnd_pct_buildable,prm_moratorium_active,cob_persistent_poverty,lnd_dist_brownfield_or_retired_km,pwr_substations_230kv_n
51087,Henrico County,VA,0.5145337572362645,1378,0.7576892194028692,0.3536424266000328,0.6452109950392301,0.8067533080722823,0.660526999423052,0.7017255512543619,0.08935540018587845,0,,0,0,0,0,0,0,0,prm_tax_exemption_status,prm_moratorium_active,prm_moratorium_proposed,cob_persistent_poverty,cob_energy_community,cob_ghgrp_combustion_facilities_n
45005,Allendale County,SC,0.5144618208390114,1379,0.5242137406295916,0.5034222168099534,0.44215828279157804,0.8551028875511395,0.4244992619469891,0.507377132612683,0.36943046623204917,0,,0,0,0,0,0,0,0,prm_moratorium_proposed,prm_pop_density_km2,cob_persistent_poverty,cob_lowtemp_ind_heat_tbtu,crb_queue_clean_mw,cob_ghgrp_combustion_facilities_n
17007,Boone County,IL,0.514409484548492,1380,0.6755345656780972,0.3650090602772835,0.4007350280749086,0.68569843634008,0.7720326764755608,0.6919524516754293,0.24520019706032292,0,,0,0,0,0,0,0,0,prm_contested_total,prm_pct_tribal,haz_karst_exposed_pct,cob_persistent_poverty,cob_energy_community,cob_ghgrp_combustion_facilities_n
55107,Rusk County,WI,0.5142980838376628,1381,0.6256413817593315,0.49740625362343094,0.45228859958803425,0.8631616214301574,0.8100118597028169,0.250755574117282,0.25772062968266074,0,,0,0,0,0,0,0,0,prm_pct_tribal,cob_heat_demand,prm_moratorium_active,cob_persistent_poverty,cob_energy_community,lnd_dist_interstate_km
29157,Perry County,MO,0.5142170709712018,1382,0.6397818833554986,0.36818394429499574,0.6821265513173256,0.846879817399269,0.4643784087089278,0.7481596834993022,0.13673556497947853,0,,0,0,0,0,0,0,0,prm_moratorium_proposed,prm_moratorium_active,prm_pct_tribal,cob_persistent_poverty,cob_energy_community,pwr_substations_230kv_n
37033,Caswell County,NC,0.5142042413167665,1383,0.6625667796973088,0.4765430192603584,0.47237603063551925,0.8789824457301666,0.6534069257613443,0.5864624871387044,0.11836994480881768,0,,0,0,0,0,0,0,0,haz_karst_exposed_pct,prm_tax_exemption_status,prm_moratorium_active,cob_persistent_poverty,cob_energy_community,cob_ghgrp_combustion_facilities_n
17159,Richland County,IL,0.5140139568755425,1384,0.5845593956814598,0.386445207390633,0.5985716180004712,0.7196826177634547,0.6011284711109469,0.44181486828050714,0.30929614191568355,0,,0,0,0,0,0,0,0,prm_pct_tribal,cob_energy_community,prm_moratorium_active,cob_ghgrp_combustion_facilities_n,lnd_dist_interstate_km,cob_persistent_poverty
22027,Claiborne Parish,LA,0.5139826114680379,1385,0.5240732126245066,0.38831770342720096,0.4632325348844966,0.8808965922413369,0.47834725576822723,0.42386363868574106,0.5536427056828823,0,,0,0,0,0,0,0,0,prm_nonattainment,prm_pct_tribal,haz_karst_exposed_pct,lnd_dist_ixp_km,cob_ghgrp_combustion_facilities_n,crb_queue_clean_mw
01077,Lauderdale County,AL,0.5139575942596606,1386,0.5867328878204318,0.4805589156094543,0.7585192368388523,0.8222082348341695,0.49967004372311064,0.5558943257848102,0.11362183223765746,0,,0,0,0,0,0,0,0,prm_pct_tribal,prm_moratorium_active,prm_moratorium_proposed,crb_queue_clean_mw,lnd_dist_interstate_km,cob_energy_community
51107,Loudoun County,VA,0.5139356452065571,1387,0.7981868355688394,0.3502618558676785,0.8228404791006458,0.5486151276807647,0.7152952959648722,0.756762357092284,0.08496307415385006,0,,0,0,0,0,0,0,0,pwr_substations_230kv_n,prm_tax_exemption_status,prm_pct_tribal,prm_moratorium_proposed,cob_persistent_poverty,cob_energy_community
48059,Callahan County,TX,0.5138813766442314,1388,0.6903080973996569,0.7618921880974888,0.3791249975968629,0.8931479737906944,0.46822103640811374,0.7066091281783402,0.07263350474498312,0,,0,0,0,0,0,0,0,prm_contested_total,lnd_pct_buildable,prm_county_can_zone,cob_persistent_poverty,cob_energy_community,cob_ghgrp_combustion_facilities_n
22013,Bienville Parish,LA,0.5138531113915282,1389,0.577349271736615,0.38764499536218133,0.4619207532240382,0.880888545731977,0.45158660904904907,0.3733740539192816,0.5406616467204036,0,,0,0,0,0,0,0,0,prm_moratorium_active,prm_pct_tribal,cob_persistent_poverty,pwr_substations_230kv_n,cob_ghgrp_combustion_facilities_n,crb_clean_gen_mw
12049,Hardee County,FL,0.5138527771427256,1390,0.6706295088963098,0.3573396626500961,0.4350904956746686,0.840513239732733,0.451001058573471,0.6463894375856896,0.30564759519740237,0,,0,0,0,0,0,0,0,prm_contested_total,prm_nonattainment,lnd_pct_buildable,cob_energy_community,crb_queue_clean_mw,cob_ghgrp_combustion_facilities_n
13165,Jenkins County,GA,0.5136267205906746,1391,0.5113269744949651,0.49522265810058397,0.4980434511387807,0.9068565752684626,0.4716998294295103,0.452443552773736,0.3056744548826372,0,,0,0,0,0,0,0,0,prm_pct_tribal,prm_pop_density_km2,cob_persistent_poverty,cob_ghgrp_combustion_facilities_n,wtr_wwtp_flow_mgd,pwr_substations_230kv_n
46085,Lyman County,SD,0.5135605198005074,1392,0.459520007164378,0.5004129632092805,0.6508160986508494,0.820365745636727,0.6202688164367929,0.5048909465947048,0.200945798777162,0,,0,0,0,0,0,0,0,prm_moratorium_active,prm_nonattainment,wtr_bws_2050_score,cob_lowtemp_ind_heat_tbtu,cob_persistent_poverty,cob_energy_community
51085,Hanover County,VA,0.5134534253612707,1393,0.713751661035116,0.37354591050709546,0.6430026654370997,0.8579429059565541,0.6656932084165188,0.722531700858274,0.07986378990202934,0,,0,0,0,0,0,0,0,prm_nonattainment,prm_pct_tribal,prm_moratorium_proposed,cob_persistent_poverty,cob_energy_community,cob_poverty_pct
46009,Bon Homme County,SD,0.5134470492313163,1394,0.5191706707692293,0.535991711857505,0.6638077890067333,0.8202213554698446,0.6470856169668882,0.3924277449778635,0.162221414212636,0,,0,0,0,0,0,0,0,prm_moratorium_active,prm_pop_density_km2,prm_nonattainment,lnd_dist_interstate_km,cob_persistent_poverty,pwr_substations_230kv_n
40015,Caddo County,OK,0.5132806311660844,1395,0.7197192157087245,0.6756510953591197,0.416998461930356,0.8102509537926786,0.31558857412795227,0.6030721808745575,0.14179728042805548,0,,0,0,0,0,0,0,0,prm_contested_total,prm_pop_density_km2,lnd_pct_buildable,cob_persistent_poverty,cob_energy_community,cob_ghgrp_combustion_facilities_n
45071,Newberry County,SC,0.5132627486088509,1396,0.6740599165445857,0.506852109249363,0.3631783384788014,0.8812723007648273,0.5464142149928695,0.7388034535316685,0.1404683534380126,0,,0,0,0,0,0,0,0,prm_moratorium_proposed,prm_moratorium_active,haz_karst_exposed_pct,cob_ghgrp_combustion_facilities_n,wtr_wwtp_flow_mgd,cob_persistent_poverty
13027,Brooks County,GA,0.5132097947623082,1397,0.6168853645047372,0.5336118323977976,0.3635878262873494,0.8890609395940724,0.40958628551477144,0.4892077042333889,0.30856291962888455,0,,0,0,0,0,0,0,0,prm_pct_tribal,prm_nonattainment,cob_persistent_poverty,cob_ghgrp_combustion_facilities_n,cob_energy_community,cob_lowtemp_ind_heat_tbtu
13061,Clay County,GA,0.513200186460194,1398,0.5118740194284358,0.472406092069122,0.5418607703624214,0.911110762205837,0.4980626397370331,0.37517351019676126,0.3290310771684305,0,,0,0,0,0,0,0,0,prm_pct_tribal,prm_nonattainment,cob_persistent_poverty,cob_lowtemp_ind_heat_tbtu,cob_ghgrp_combustion_facilities_n,cob_energy_community
39119,Muskingum County,OH,0.5131995319255319,1399,0.6685761171103957,0.21026864684392307,0.5472072203724277,0.8063854497577017,0.6951291460168323,0.7122118173675012,0.35060658140016254,0,,0,0,0,0,0,0,0,haz_karst_exposed_pct,prm_pct_tribal,prm_moratorium_active,cob_ghgrp_combustion_facilities_n,cob_persistent_poverty,crb_queue_clean_mw
17101,Lawrence County,IL,0.5131693694934852,1400,0.5796204401245207,0.40249373162301305,0.5672294819732279,0.721339502328171,0.5959367424549769,0.4032173363558935,0.3439834850445429,0,,0,0,0,0,0,0,0,prm_nonattainment,cob_energy_community,prm_moratorium_active,cob_ghgrp_combustion_facilities_n,cob_persistent_poverty,pwr_substations_230kv_n
18175,Washington County,IN,0.5130785823068674,1401,0.6923538035442832,0.4067816340156033,0.5815688490431952,0.8347300679537666,0.5227344674059259,0.6487080381980264,0.12494401763914292,0,,0,0,0,0,0,0,0,prm_pct_tribal,prm_moratorium_active,prm_moratorium_proposed,cob_persistent_poverty,cob_energy_community,crb_queue_clean_mw
18077,Jefferson County,IN,0.5129999207058284,1402,0.6891341441931674,0.4021219969957124,0.6000695097434887,0.8333179584577733,0.5517280564421648,0.7161831137845261,0.10563139033762776,0,,0,0,0,0,0,0,0,prm_moratorium_proposed,prm_moratorium_active,prm_pct_tribal,crb_queue_clean_mw,crb_clean_gen_mw,cob_energy_community
34035,Somerset County,NJ,0.5129882634510725,1403,0.7488350571554638,0.3512859999824204,0.54529133090478,0.657861177161205,0.6268381200054802,0.825218047399986,0.1410479610595444,0,,0,0,0,0,0,0,0,prm_contested_total,prm_moratorium_active,prm_moratorium_proposed,cob_persistent_poverty,cob_energy_community,prm_nonattainment
06069,San Benito County,CA,0.5129181683790306,1404,0.5728132114679647,0.690488688439221,0.43175403445843186,0.8036531786379979,0.5505120704203912,0.4759358306290173,0.15616995773448647,0,,0,0,0,0,0,0,0,prm_moratorium_active,lnd_pct_buildable,prm_pct_tribal,pwr_ind_price_cents_kwh,cob_persistent_poverty,cob_energy_community
37037,Chatham County,NC,0.512908710880564,1405,0.7726885261117824,0.4841730046235379,0.4818997437849834,0.8648823201035705,0.6114633323284234,0.5688212472280177,0.08761391755927618,0,,0,0,0,0,0,0,0,haz_karst_exposed_pct,prm_tax_exemption_status,prm_moratorium_active,cob_persistent_poverty,cob_energy_community,cob_ghgrp_combustion_facilities_n
40051,Grady County,OK,0.512889914728821,1406,0.6511283714397835,0.6766462761424725,0.45655471896310573,0.8341945959780288,0.36255728606808274,0.7772544907774539,0.0987287842245642,0,,0,0,0,0,0,0,0,prm_nonattainment,lnd_pct_buildable,prm_moratorium_active,cob_persistent_poverty,cob_energy_community,cob_ghgrp_combustion_facilities_n
49017,Garfield County,UT,0.5128732527236658,1407,0.4915051552141471,0.46991805024128397,0.5037594213812006,0.8724847627715162,0.5492541224893123,0.42379261226152704,0.3449059203617826,0,,0,0,0,0,0,0,0,prm_pct_tribal,cob_energy_community,prm_moratorium_active,cob_lowtemp_ind_heat_tbtu,cob_ghgrp_combustion_facilities_n,lnd_dist_interstate_km
19023,Butler County,IA,0.5128717938916945,1408,0.5085843582895381,0.40645777553086565,0.5991056011281287,0.810769970885243,0.6955114008670449,0.5015897982338293,0.23856529600832305,0,,0,0,0,0,0,0,0,haz_karst_exposed_pct,prm_pop_density_km2,prm_moratorium_proposed,cob_persistent_poverty,cob_energy_community,pwr_substations_230kv_n
51083,Halifax County,VA,0.5127268669556041,1409,0.6278308569809813,0.4188752917337729,0.5310085198085727,0.9042209430325732,0.5803093302532026,0.6032476329158992,0.14375902286689496,0,,0,0,0,0,0,0,0,prm_tax_exemption_status,prm_moratorium_active,prm_moratorium_proposed,cob_ghgrp_combustion_facilities_n,cob_persistent_poverty,cob_energy_community
19091,Humboldt County,IA,0.5125956760205637,1410,0.6032861670318728,0.47239604437903215,0.5474354231212801,0.8100837139941044,0.6881365264416517,0.3822299498136479,0.189039779198078,0,,0,0,0,0,0,0,0,prm_moratorium_active,prm_pop_density_km2,haz_karst_exposed_pct,cob_persistent_poverty,cob_energy_community,pwr_substations_230kv_n
47057,Grainger County,TN,0.5125082594075524,1411,0.6717314841839347,0.4216755257551196,0.5566650619191721,0.8649628395363025,0.6038417545201279,0.6767992034768732,0.10397930881006574,0,,0,0,0,0,0,0,0,prm_moratorium_active,prm_moratorium_proposed,prm_contested_total,cob_energy_community,crb_queue_clean_mw,cob_ghgrp_combustion_facilities_n
29053,Cooper County,MO,0.5125066099060409,1412,0.6289067879926844,0.43521673107182546,0.6746363478655305,0.8346593296303136,0.4671329888033424,0.6338189625716004,0.12392547459447567,0,,0,0,0,0,0,0,0,prm_moratorium_active,prm_contested_total,prm_moratorium_proposed,cob_persistent_poverty,cob_energy_community,pwr_dist_retired_plant_km
08091,Ouray County,CO,0.5124697216609835,1413,0.5500076134457401,0.45750744268348953,0.4607962902219551,0.8787309108813594,0.6694086098503658,0.33743163615880684,0.32676073522010596,0,,0,0,0,0,0,0,0,prm_pop_density_km2,cob_heat_demand,prm_moratorium_active,cob_persistent_poverty,lnd_dist_interstate_km,pwr_substations_230kv_n
30023,Deer Lodge County,MT,0.5123788166678568,1414,0.5864380408570151,0.5093312027343824,0.33538719329370437,0.85413801392998,0.6774467051832518,0.5529597328153283,0.23661486704078888,0,,0,0,0,0,0,0,0,prm_pct_tribal,cob_heat_demand,prm_moratorium_active,crb_queue_clean_mw,lnd_dist_ixp_km,crb_clean_gen_mw
42117,Tioga County,PA,0.5122788380191801,1415,0.5525725801492846,0.33450169311224054,0.5492115214769828,0.8420374014244174,0.76878616092875,0.37900166742628416,0.3596147063825712,0,,0,0,0,0,0,0,0,haz_karst_exposed_pct,prm_moratorium_active,prm_moratorium_proposed,cob_ghgrp_combustion_facilities_n,pwr_dist_retired_plant_km,cob_persistent_poverty
01043,Cullman County,AL,0.5122293964701113,1416,0.5969759396936015,0.38100170905053055,0.5392745432379457,0.8404124070912901,0.5980153189847742,0.8523970432260257,0.14127447324059195,0,,0,0,0,0,0,0,0,prm_pct_tribal,prm_moratorium_active,prm_moratorium_proposed,crb_queue_clean_mw,cob_persistent_poverty,crb_clean_gen_mw
39045,Fairfield County,OH,0.5122020259448333,1417,0.6858395855917606,0.291634966090821,0.6747349135713001,0.7214273195818695,0.7517387703481362,0.6197858117000684,0.1654683036880389,0,,0,0,0,0,0,0,0,haz_karst_exposed_pct,prm_moratorium_active,prm_moratorium_proposed,cob_ghgrp_combustion_facilities_n,cob_persistent_poverty,cob_energy_community
13001,Appling County,GA,0.5121662947600907,1418,0.6565597232950052,0.5675055613304727,0.5613783638501938,0.9024269173446694,0.4394909178518971,0.36230139204879563,0.15133484256343688,0,,0,0,0,0,0,0,0,prm_contested_total,prm_moratorium_proposed,prm_tax_exemption_status,cob_lowtemp_ind_heat_tbtu,cob_persistent_poverty,cob_energy_community
20035,Cowley County,KS,0.512065729240034,1419,0.5964013355189317,0.5710914083174435,0.4743966526013792,0.8720220264437991,0.3894235843821477,0.5891546967182248,0.17351892396167706,0,,0,0,0,0,0,0,0,prm_contested_total,prm_moratorium_active,lnd_pct_buildable,cob_persistent_poverty,cob_energy_community,pwr_substations_230kv_n
13039,Camden County,GA,0.512062263389001,1420,0.7303693753115709,0.5008757816645795,0.5747737029317939,0.9153664010291355,0.43499902148719727,0.6049903521871529,0.0855156339948616,0,,0,0,0,0,0,0,0,prm_pct_tribal,prm_moratorium_active,prm_moratorium_proposed,cob_persistent_poverty,cob_energy_community,cob_ghgrp_combustion_facilities_n
27045,Fillmore County,MN,0.5120581823534863,1421,0.4324711839952863,0.5019709181576236,0.6350489321435187,0.8042551500235744,0.6479664974505484,0.5361994821810417,0.2136413983347849,0,,0,0,0,0,0,0,0,prm_pct_tribal,prm_pop_density_km2,cob_heat_demand,cob_persistent_poverty,pwr_substations_230kv_n,cob_energy_community
18041,Fayette County,IN,0.5120437727409167,1422,0.6081336584049988,0.41700533566061104,0.4548182355992587,0.7910058020743138,0.6419914555235086,0.6391138727923366,0.20178287086943458,0,,0,0,0,0,0,0,0,prm_pct_tribal,prm_moratorium_active,prm_moratorium_proposed,cob_ghgrp_combustion_facilities_n,cob_persistent_poverty,cob_energy_community
27043,Faribault County,MN,0.5120190589486914,1423,0.46599328098315856,0.5289560802382678,0.45839910773889586,0.7756040845026162,0.7042238703459275,0.5808293458443489,0.2410935860061973,0,,0,0,0,0,0,0,0,prm_contested_total,prm_pop_density_km2,cob_heat_demand,lnd_pct_cropland,cob_persistent_poverty,cob_energy_community
47037,Davidson County,TN,0.5118986716945633,1424,0.5862863036949403,0.42678205946930114,0.756254949561363,0.8086067966885542,0.49465774146384955,0.7067746211158003,0.1107728469207569,0,,0,0,0,0,0,0,0,wtr_wwtp_flow_mgd,prm_moratorium_active,prm_moratorium_proposed,cob_persistent_poverty,cob_energy_community,pwr_dist_retired_plant_km
46073,Jerauld County,SD,0.5118973283777256,1425,0.5486194681797948,0.4783346022778461,0.6709585697881622,0.8501806749316367,0.634805213022577,0.43328491733019936,0.1472957661591351,0,,0,0,0,0,0,0,0,haz_karst_exposed_pct,prm_moratorium_active,wtr_bws_score,crb_queue_clean_mw,lnd_dist_cement_km,wtr_wwtp_flow_mgd
13295,Walker County,GA,0.5117736760887357,1426,0.7227909375424818,0.38260692336881613,0.6227591517631941,0.9037382575999675,0.5118028989412647,0.7419677397525892,0.08850432018308411,0,,0,0,0,0,0,0,0,prm_moratorium_active,prm_moratorium_proposed,prm_contested_total,cob_ghgrp_combustion_facilities_n,cob_persistent_poverty,cob_energy_community
48463,Uvalde County,TX,0.5117695428632506,1427,0.5684870360803324,0.6910409765597869,0.32861766882472365,0.8893961050989931,0.3777470452708942,0.46543020931805845,0.298894160573877,0,,0,0,0,0,0,0,0,prm_nonattainment,cob_energy_community,lnd_pct_buildable,cob_persistent_poverty,lnd_dist_brownfield_or_retired_km,pwr_substations_230kv_n
50019,Orleans County,VT,0.5117527867130971,1428,0.3729662564804418,0.5163051452688755,0.7627707568411732,0.8851651228787283,0.6543383047861878,0.4861049547313329,0.20092670908868282,0,,0,0,0,0,0,0,0,prm_moratorium_active,prm_pct_tribal,cob_heat_demand,cob_persistent_poverty,cob_energy_community,pwr_substations_230kv_n
48365,Panola County,TX,0.51174382881522,1429,0.5635562057913136,0.46411268065370004,0.5077698705229341,0.7967194102368498,0.4743327023824584,0.5317871923509859,0.2668471750678927,0,,0,0,0,0,0,0,0,prm_moratorium_active,haz_karst_exposed_pct,cob_energy_community,cob_persistent_poverty,pwr_substations_230kv_n,prm_nonattainment
29113,Lincoln County,MO,0.5117092198974804,1430,0.5855199965225678,0.5083312332767075,0.7274402232227215,0.8005342995208192,0.5665186787445743,0.5705245272940794,0.09404201888161623,0,,0,0,0,0,0,0,0,haz_karst_exposed_pct,wtr_bws_2050_score,prm_moratorium_active,cob_ghgrp_combustion_facilities_n,pwr_substations_230kv_n,cob_persistent_poverty
13081,Crisp County,GA,0.5115790464138814,1431,0.5609232435813495,0.41114238101285816,0.4899806496920494,0.8580641222757208,0.4300617323910155,0.6269818749405945,0.2951345685459324,0,,0,0,0,0,0,0,0,prm_contested_total,prm_moratorium_proposed,cob_persistent_poverty,cob_energy_community,pwr_substations_230kv_n,cob_ghgrp_combustion_facilities_n
21013,Bell County,KY,0.5115567411676721,1432,0.5969646365253434,0.22091640506143612,0.5769245771464777,0.8625886982593532,0.5261067195753671,0.5845188459073504,0.5357772585615092,0,,0,0,0,0,0,0,0,prm_contested_total,prm_moratorium_active,cob_persistent_poverty,crb_queue_clean_mw,crb_clean_gen_mw,cob_ghgrp_combustion_facilities_n
27041,Douglas County,MN,0.511368982620058,1433,0.6445047263290778,0.47607929632266305,0.5690102145209105,0.8071392449430963,0.7808954776525342,0.28953537420447756,0.17371060208750955,0,,0,0,0,0,0,0,0,prm_pct_tribal,cob_heat_demand,prm_moratorium_active,cob_ghgrp_combustion_facilities_n,cob_persistent_poverty,cob_energy_community
22127,Winn Parish,LA,0.5113525490678198,1434,0.6127476943846853,0.3772138154621007,0.6247039611378473,0.8807809930897662,0.4268971421732558,0.3639747768619439,0.32743044176440106,0,,0,0,0,0,0,0,0,prm_moratorium_proposed,prm_nonattainment,cob_energy_community,cob_lowtemp_ind_heat_tbtu,cob_persistent_poverty,crb_queue_clean_mw
30029,Flathead County,MT,0.5113161663603814,1435,0.5944504974207716,0.5560412677620552,0.6068681188213294,0.8519023816995657,0.594960477832874,0.3159741682230595,0.15786364933977592,0,,0,0,0,0,0,0,0,prm_nonattainment,prm_moratorium_active,prm_moratorium_proposed,cob_energy_community,lnd_dist_eaf_steel_km,lnd_dist_interstate_km
28063,Jefferson County,MS,0.5112324748922192,1436,0.4649801918262841,0.3918480733194836,0.6040606772678732,0.870045789147414,0.5037864777236726,0.31209571213766446,0.5925818320650382,0,,0,0,0,0,0,0,0,prm_pct_tribal,prm_pop_density_km2,prm_moratorium_active,cob_lowtemp_ind_heat_tbtu,wtr_wwtp_flow_mgd,lnd_dist_interstate_km
13199,Meriwether County,GA,0.5111880614582703,1437,0.5869436894611066,0.47677013545895586,0.47759107108405796,0.9089193811137847,0.6262344867222794,0.585604228168738,0.14230660419382046,0,,0,0,0,0,0,0,0,prm_nonattainment,prm_moratorium_active,prm_moratorium_proposed,cob_persistent_poverty,pwr_substations_230kv_n,cob_energy_community
51095,James City County,VA,0.5111600576099765,1438,0.6519900238077202,0.4099344062770305,0.5321878419016529,0.8708421556656039,0.6408156483503831,0.6520209510716167,0.11785605423103082,0,,0,0,0,0,0,0,0,prm_pct_tribal,prm_moratorium_active,prm_moratorium_proposed,cob_persistent_poverty,cob_energy_community,cob_poverty_pct
19085,Harrison County,IA,0.5111583920370663,1439,0.6126079959227362,0.42295029691790065,0.6864013074964832,0.8175622947580221,0.5583530465455371,0.6086777109608412,0.1178928791953271,0,,0,0,0,0,0,0,0,prm_contested_total,haz_karst_exposed_pct,prm_moratorium_active,crb_clean_gen_mw,cob_ghgrp_combustion_facilities_n,cob_energy_community
01119,Sumter County,AL,0.5111368644083709,1440,0.45633395009612227,0.4348297734398245,0.43057830925696344,0.8700140038894881,0.34655136186334695,0.7646289164606239,0.503952171643496,0,,0,0,0,0,0,0,0,prm_pop_density_km2,prm_nonattainment,cob_persistent_poverty,cob_ghgrp_combustion_facilities_n,crb_clean_gen_mw,pwr_substations_230kv_n
28133,Sunflower County,MS,0.5110968019235285,1441,0.4862404948026119,0.5521499039747741,0.5943078088354472,0.7623988265658092,0.43171926846752107,0.2198455828433714,0.5979252559945947,0,,0,0,0,0,0,0,0,prm_contested_total,prm_moratorium_proposed,cob_persistent_poverty,lnd_dist_ixp_km,pwr_dist_hv345_line_km,lnd_pct_cropland
22107,Tensas Parish,LA,0.5110410199931135,1442,0.5841861339862863,0.40018987916774246,0.6288439016972767,0.809374233495542,0.38370335684235995,0.25755041467750733,0.5743408393511924,0,,0,0,0,0,0,0,0,prm_contested_total,prm_pct_tribal,cob_persistent_poverty,crb_queue_clean_mw,lnd_dist_cement_km,pwr_substations_230kv_n
06087,Santa Cruz County,CA,0.5109489821530532,1443,0.48100345982106196,0.6333557096531401,0.6171839155102958,0.7528244276650354,0.6059597187510751,0.42134608090807973,0.17074120172207916,0,,0,0,0,0,0,0,0,prm_pct_tribal,prm_moratorium_active,prm_moratorium_proposed,pwr_ind_price_cents_kwh,cob_persistent_poverty,cob_energy_community
29101,Johnson County,MO,0.5109150316118783,1444,0.5169011231660476,0.47083734630126833,0.6845709160045181,0.8172401818098732,0.5659604115961769,0.6863334367697821,0.12355185905882637,0,,0,0,0,0,0,0,0,prm_moratorium_active,prm_pct_tribal,prm_nonattainment,cob_lowtemp_ind_heat_tbtu,cob_ghgrp_combustion_facilities_n,pwr_substations_230kv_n
18093,Lawrence County,IN,0.5108865100940889,1445,0.6755422700578306,0.42560824134290465,0.4755592210178537,0.8418715707703562,0.5384562068399923,0.690436436432738,0.14185379904893133,0,,0,0,0,0,0,0,0,prm_moratorium_active,prm_moratorium_proposed,prm_contested_total,cob_ghgrp_combustion_facilities_n,cob_persistent_poverty,cob_energy_community
08051,Gunnison County,CO,0.5108412296127521,1446,0.41658874693688924,0.4897895344180152,0.523892366874769,0.8787788706988634,0.6522217862174529,0.4433605179171732,0.33239226228429464,0,,0,0,0,0,0,0,0,prm_pop_density_km2,prm_moratorium_active,prm_moratorium_proposed,cob_persistent_poverty,cob_ghgrp_combustion_facilities_n,pwr_substations_230kv_n
37123,Montgomery County,NC,0.5108404825840942,1447,0.5948085327709529,0.5111781104938421,0.5651879742539068,0.9000917661265952,0.5336986492600495,0.5527338339818976,0.11864829305972982,0,,0,0,0,0,0,0,0,prm_moratorium_active,prm_moratorium_proposed,prm_contested_total,cob_persistent_poverty,cob_energy_community,cob_ghgrp_combustion_facilities_n
30109,Wibaux County,MT,0.5108036053997415,1448,0.4446779544720703,0.5281348339345925,0.5622159635343227,0.8356033752696789,0.6559403254781752,0.4852541950715157,0.22141645387404424,0,,0,0,0,0,0,0,0,prm_pct_tribal,prm_contested_total,cob_heat_demand,cob_persistent_poverty,cob_energy_community,pwr_substations_230kv_n
37175,Transylvania County,NC,0.5107348239893639,1449,0.6179713688014783,0.41844765055897926,0.579689673574199,0.8915994583184801,0.6670052557499129,0.5893397113998696,0.1143739937107461,0,,0,0,0,0,0,0,0,prm_tax_exemption_status,prm_moratorium_active,prm_moratorium_proposed,cob_ghgrp_combustion_facilities_n,crb_queue_clean_mw,cob_persistent_poverty
21239,Woodford County,KY,0.5107120695136335,1450,0.7084976064863625,0.2332966064430047,0.5573779359921753,0.8421174353055644,0.5462767132860787,0.7894753193496317,0.2551212949609786,0,,0,0,0,0,0,0,0,prm_nonattainment,cob_energy_community,lnd_pct_buildable,cob_persistent_poverty,pwr_substations_230kv_n,cob_ghgrp_combustion_facilities_n
17059,Gallatin County,IL,0.510581760788137,1451,0.5445149393112804,0.3671982889915014,0.6514050879740958,0.7354905101330887,0.5368193650630253,0.4644432653050398,0.33667205224266294,0,,0,0,0,0,0,0,0,prm_moratorium_active,cob_energy_community,prm_pop_density_km2,cob_lowtemp_ind_heat_tbtu,lnd_dist_interstate_km,cob_ghgrp_combustion_facilities_n
37061,Duplin County,NC,0.5105454128985786,1452,0.6031389858455419,0.5691995683554462,0.49673749338891654,0.8518311400129428,0.48679107020617246,0.4367673952993014,0.1724391193233677,0,,0,0,0,0,0,0,0,prm_moratorium_proposed,haz_alr_coastal_flood,prm_tax_exemption_status,cob_persistent_poverty,cob_energy_community,lnd_dist_cement_km
17013,Calhoun County,IL,0.5105301401788168,1453,0.5256646571830169,0.36957591962965786,0.6507242086769823,0.7713580919477333,0.5963862093165224,0.4970081210291342,0.28178467583955247,0,,0,0,0,0,0,0,0,prm_moratorium_active,prm_pop_density_km2,prm_moratorium_proposed,cob_ghgrp_combustion_facilities_n,cob_persistent_poverty,pwr_substations_230kv_n
50017,Orange County,VT,0.5105188340077709,1454,0.4473311471324058,0.49760180149502864,0.6886086997215272,0.8845313644616093,0.655429905711413,0.5077637793169069,0.1567218313681891,0,,0,0,0,0,0,0,0,prm_moratorium_proposed,haz_karst_exposed_pct,prm_moratorium_active,cob_persistent_poverty,cob_energy_community,cob_ghgrp_combustion_facilities_n
20127,Morris County,KS,0.5104409114559789,1455,0.5891073913315165,0.46520070226843807,0.6122626997777288,0.876559616860218,0.47032464179718364,0.5351881926539188,0.15409591207861525,0,,0,0,0,0,0,0,0,prm_pct_tribal,prm_nonattainment,prm_moratorium_active,cob_lowtemp_ind_heat_tbtu,cob_persistent_poverty,cob_energy_community
47177,Warren County,TN,0.5104299241337924,1456,0.46875257749975013,0.43452650875040266,0.5390592292025812,0.8526184691869607,0.5650357988096056,0.6041450918329198,0.26794882330377984,0,,0,0,0,0,0,0,0,prm_moratorium_active,cob_energy_community,prm_pct_tribal,cob_lowtemp_ind_heat_tbtu,cob_ghgrp_combustion_facilities_n,crb_queue_clean_mw
21065,Estill County,KY,0.5101841689835397,1457,0.5973922353364326,0.2262878721365842,0.5724431221230731,0.8648672645049931,0.51958723664024,0.5770040632737141,0.5155233877619828,0,,0,0,0,0,0,0,0,prm_moratorium_active,cob_persistent_poverty,cob_energy_community,cob_lowtemp_ind_heat_tbtu,pwr_substations_230kv_n,crb_queue_clean_mw
40137,Stephens County,OK,0.5101455950011969,1458,0.6143897123551244,0.5623983711490255,0.53393307557955,0.8538912918155935,0.35212829876486446,0.6518332053148227,0.1390317316547471,0,,0,0,0,0,0,0,0,prm_moratorium_proposed,prm_moratorium_active,lnd_pct_buildable,cob_persistent_poverty,cob_energy_community,pwr_dist_retired_plant_km
21037,Campbell County,KY,0.5100959136151801,1459,0.7464258841746352,0.22485854260620367,0.7606428783443405,0.8176144318308641,0.6141384436942119,0.7880603574041176,0.14031077551880758,0,,0,0,0,0,0,0,0,prm_moratorium_active,prm_moratorium_proposed,prm_contested_total,cob_ghgrp_combustion_facilities_n,cob_persistent_poverty,cob_energy_community
37163,Sampson County,NC,0.5100933471248726,1460,0.6471416800821822,0.5020241486680368,0.4936294984011191,0.8494612618845707,0.5041266842575267,0.4291789765070961,0.18280940255225547,0,,0,0,0,0,0,0,0,prm_tax_exemption_status,haz_alr_coastal_flood,prm_moratorium_proposed,cob_persistent_poverty,cob_energy_community,crb_queue_clean_mw
16071,Oneida County,ID,0.5097850068486323,1461,0.572302519819478,0.5017341123819582,0.3851363160844755,0.8328991647944921,0.6273570277853454,0.7914992524015446,0.15522654076589223,0,,0,0,0,0,0,0,0,prm_nonattainment,prm_moratorium_active,prm_pop_density_km2,crb_queue_clean_mw,crb_clean_gen_mw,pwr_dist_retired_plant_km
27059,Isanti County,MN,0.5097818953299316,1462,0.5893544593957679,0.43524299963248747,0.5070638770291426,0.8176954833811562,0.7329968672589542,0.45572566078945503,0.19011280680492718,0,,0,0,0,0,0,0,0,cob_heat_demand,haz_karst_exposed_pct,prm_moratorium_active,cob_persistent_poverty,cob_energy_community,pwr_substations_230kv_n
30049,Lewis and Clark County,MT,0.5097046729198927,1463,0.4483008173290623,0.5942259175918639,0.4803681694877849,0.8533053352834908,0.6082745541589791,0.6494437806690668,0.17020059983074237,0,,0,0,0,0,0,0,0,prm_pct_tribal,lnd_pct_buildable,prm_moratorium_active,cob_persistent_poverty,cob_ghgrp_combustion_facilities_n,lnd_dist_eaf_steel_km
37105,Lee County,NC,0.5095864088963608,1464,0.7243754598637457,0.4848822958298819,0.5212387817434342,0.8645978944743192,0.5214432520104485,0.5115954257105281,0.10944671362990477,0,,0,0,0,0,0,0,0,prm_nonattainment,prm_moratorium_active,prm_moratorium_proposed,lnd_dist_interstate_km,cob_ghgrp_combustion_facilities_n,cob_persistent_poverty
30077,Powell County,MT,0.5095808026692682,1465,0.5951496735534825,0.49121657751973063,0.41650384857981326,0.8548148134789654,0.6286717249198907,0.598552624738027,0.16630245642382152,0,,0,0,0,0,0,0,0,prm_pop_density_km2,prm_moratorium_active,prm_moratorium_proposed,crb_queue_clean_mw,lnd_dist_eaf_steel_km,cob_ghgrp_combustion_facilities_n
01109,Pike County,AL,0.5094613740572038,1466,0.5674541453274055,0.3919288598307246,0.524599015893905,0.8544202978661458,0.5954557100429407,0.41657990150212426,0.29709515267040976,0,,0,0,0,0,0,0,0,prm_moratorium_active,cob_persistent_poverty,prm_moratorium_proposed,crb_queue_clean_mw,lnd_dist_interstate_km,cob_energy_community
21179,Nelson County,KY,0.5094366523585587,1467,0.5762893473181121,0.22719103852876166,0.7760077518535358,0.8343968897132533,0.5126836865052118,0.6940086495455091,0.3075501454239785,0,,0,0,0,0,0,0,0,prm_moratorium_proposed,cob_energy_community,wtr_bws_score,crb_clean_gen_mw,crb_queue_clean_mw,cob_persistent_poverty
20113,McPherson County,KS,0.509362727586568,1468,0.7066318373517448,0.5820887462278317,0.39023398308261054,0.8195896408538605,0.5030838626611648,0.5197242126486047,0.14134171613461058,0,,0,0,0,0,0,0,0,prm_contested_total,prm_moratorium_proposed,prm_moratorium_active,cob_persistent_poverty,cob_energy_community,cob_ghgrp_combustion_facilities_n
12089,Nassau County,FL,0.509354940481455,1469,0.728140972101223,0.397688472967168,0.5960339493684588,0.8277933641973625,0.39069673384892833,0.7047318445939563,0.13016694363609135,0,,0,0,0,0,0,0,0,prm_pct_tribal,prm_moratorium_active,prm_moratorium_proposed,cob_persistent_poverty,cob_energy_community,cob_heat_demand
48253,Jones County,TX,0.5093461730906905,1470,0.781651945724211,0.7426372805201906,0.34927762805001517,0.8407650312481414,0.38554349397536275,0.5717248518614334,0.09841793698502799,0,,0,0,0,0,0,0,0,prm_moratorium_proposed,prm_county_can_zone,prm_pop_density_km2,cob_persistent_poverty,cob_energy_community,cob_ghgrp_combustion_facilities_n
37109,Lincoln County,NC,0.5093384409594046,1471,0.7156028734002747,0.5344403768158625,0.518070958048219,0.8409929397228059,0.6286058926083627,0.6201261974134756,0.06759839533324363,0,,0,0,0,0,0,0,0,prm_tax_exemption_status,prm_moratorium_active,prm_moratorium_proposed,cob_persistent_poverty,cob_energy_community,cob_ghgrp_combustion_facilities_n
27017,Carlton County,MN,0.509251892857223,1472,0.5342079924715442,0.43511705749543844,0.40900153655782673,0.8293725403984534,0.7832773803366059,0.49351591458880356,0.2728626227838425,0,,0,0,0,0,0,0,0,prm_nonattainment,prm_moratorium_proposed,cob_heat_demand,cob_persistent_poverty,cob_energy_community,pwr_substations_230kv_n
22083,Richland Parish,LA,0.5091858750094286,1473,0.6310721523719313,0.47506309789381207,0.4140925608874797,0.7929817505003881,0.37859147461706844,0.3519069280326446,0.49124453111598987,0,,0,0,0,0,0,0,0,prm_moratorium_active,prm_pct_tribal,haz_karst_exposed_pct,pwr_substations_230kv_n,cob_ghgrp_combustion_facilities_n,crb_clean_gen_mw
27115,Pine County,MN,0.5091802979612434,1474,0.6023438987416793,0.46668466819368215,0.35734365140406066,0.8717807290988454,0.7698663838706169,0.44227566362815157,0.2379398654123186,0,,0,0,0,0,0,0,0,prm_nonattainment,prm_pop_density_km2,cob_heat_demand,cob_persistent_poverty,cob_energy_community,pwr_dist_retired_plant_km
39059,Guernsey County,OH,0.509097805808523,1475,0.6601442910431237,0.2097731399360656,0.5130357093297848,0.8238791316293079,0.6832076273675836,0.7136709722997095,0.3619008203073254,0,,0,0,0,0,0,0,0,haz_karst_exposed_pct,prm_moratorium_active,cob_energy_community,cob_persistent_poverty,crb_queue_clean_mw,crb_clean_gen_mw
29183,St. Charles County,MO,0.5090281168792881,1476,0.7219338514245257,0.3914152822478799,0.7966414728658957,0.6046103875115703,0.5908585717919178,0.672369613843066,0.09744869582791171,0,,0,0,0,0,0,0,0,prm_pct_tribal,prm_moratorium_proposed,pwr_dist_hv345_line_km,cob_ghgrp_combustion_facilities_n,cob_persistent_poverty,cob_energy_community
20125,Montgomery County,KS,0.5088835348251763,1477,0.5298587277664752,0.4934174231042219,0.5711497221939552,0.8628683383640195,0.40294597569429147,0.5734658965942573,0.21011136799145058,0,,0,0,0,0,0,0,0,prm_nonattainment,lnd_pct_buildable,prm_moratorium_proposed,lnd_dist_interstate_km,crb_queue_clean_mw,crb_clean_gen_mw
13189,McDuffie County,GA,0.5088086494078387,1478,0.6422797478070833,0.4729494987710513,0.3769143141049126,0.9156807888740076,0.5429312237972078,0.677794362772895,0.15887738954558167,0,,0,0,0,0,0,0,0,prm_moratorium_active,prm_tax_exemption_status,prm_pct_tribal,cob_persistent_poverty,cob_energy_community,cob_ghgrp_combustion_facilities_n
39165,Warren County,OH,0.5087564978087967,1479,0.7441806932446682,0.2696910211314004,0.738594815011554,0.731680211350191,0.7069638561152036,0.7075685688013814,0.11846510566543245,0,,0,0,0,0,0,0,0,prm_moratorium_active,prm_moratorium_proposed,prm_nonattainment,cob_ghgrp_combustion_facilities_n,cob_persistent_poverty,cob_energy_community
48325,Medina County,TX,0.5087549007892119,1480,0.614560792385105,0.6098206759930148,0.27397736524301053,0.880741343814651,0.393516655190696,0.7521063263740487,0.23539246923453266,0,,0,0,0,0,0,0,0,lnd_pct_buildable,prm_pct_tribal,prm_moratorium_active,cob_persistent_poverty,cob_ghgrp_combustion_facilities_n,pwr_substations_230kv_n
51081,Greensville County,VA,0.5087257618689818,1481,0.6633322450164716,0.42035751312755465,0.4223948775717884,0.9084568699078247,0.6532161086194207,0.6846740165466826,0.12821529500510429,0,,0,0,0,0,0,0,0,prm_moratorium_proposed,prm_moratorium_active,prm_tax_exemption_status,cob_ghgrp_combustion_facilities_n,cob_energy_community,cob_persistent_poverty
17191,Wayne County,IL,0.5087081764470578,1482,0.5392461939008389,0.4035528295177671,0.5693093758925378,0.7362677932986742,0.5831509840346316,0.4702681828956352,0.31076496634641304,0,,0,0,0,0,0,0,0,prm_pop_density_km2,prm_pct_tribal,prm_moratorium_active,cob_lowtemp_ind_heat_tbtu,crb_clean_gen_mw,cob_persistent_poverty
39103,Medina County,OH,0.5086688522002685,1483,0.7314912307546958,0.26145985451920667,0.6105886669286548,0.7651440871543062,0.7368871739665711,0.7807820332195766,0.14047323742342904,0,,0,0,0,0,0,0,0,haz_karst_exposed_pct,prm_pct_tribal,prm_moratorium_proposed,cob_persistent_poverty,cob_energy_community,cob_ghgrp_combustion_facilities_n
54093,Tucker County,WV,0.5086464655362046,1484,0.5616303586994912,0.35042997356527017,0.46728155819773304,0.8567596474799913,0.7453282413504372,0.45446620540774463,0.31738117450370384,0,,0,0,0,0,0,0,0,prm_pop_density_km2,prm_moratorium_active,prm_moratorium_proposed,cob_ghgrp_combustion_facilities_n,lnd_dist_interstate_km,cob_persistent_poverty
17083,Jersey County,IL,0.5086274403613406,1485,0.6193396653245007,0.4366311718517162,0.613371316702196,0.7213770264714146,0.6221334956653012,0.5647498823554136,0.14288261173194888,0,,0,0,0,0,0,0,0,prm_pct_tribal,prm_moratorium_active,prm_moratorium_proposed,crb_queue_clean_mw,cob_ghgrp_combustion_facilities_n,cob_persistent_poverty
39141,Ross County,OH,0.5085924944530495,1486,0.6429479462234052,0.29471313958585216,0.4967096867787329,0.7607986688251543,0.6549660656618228,0.4870067555475284,0.3723756160530125,0,,0,0,0,0,0,0,0,prm_moratorium_proposed,cob_energy_community,prm_moratorium_active,lnd_dist_interstate_km,crb_queue_clean_mw,cob_persistent_poverty
39015,Brown County,OH,0.5085006813220414,1487,0.7199109042285832,0.2941008987554693,0.6966358395492064,0.7773256684071506,0.5786926603995158,0.5535834182528419,0.16887463507368816,0,,0,0,0,0,0,0,0,prm_moratorium_active,prm_pct_tribal,wtr_bws_score,cob_ghgrp_combustion_facilities_n,cob_persistent_poverty,cob_energy_community
46015,Brule County,SD,0.5084889494752052,1488,0.5987872863508404,0.4665429859703167,0.6766968316275861,0.8425463101040729,0.634779162501309,0.5238361299553959,0.09840349947127801,0,,0,0,0,0,0,0,0,prm_moratorium_active,wtr_bws_score,wtr_bws_2050_score,cob_ghgrp_combustion_facilities_n,lnd_dist_cement_km,cob_persistent_poverty
13103,Effingham County,GA,0.5084283828285951,1489,0.8212163403635789,0.5109458793485919,0.46630405448801504,0.896480072751507,0.48892919035911053,0.5255328236672855,0.08585306516646819,0,,0,0,0,0,0,0,0,prm_nonattainment,prm_contested_total,prm_tax_exemption_status,cob_persistent_poverty,cob_energy_community,cob_heat_demand
28043,Grenada County,MS,0.5083525107890442,1490,0.4489513636126796,0.3779118157354554,0.5862256941338463,0.8517566708723634,0.4117474476570171,0.565279342516413,0.4710248418228778,0,,0,0,0,0,0,0,0,wtr_bws_score,wtr_bws_2050_score,prm_moratorium_proposed,crb_queue_clean_mw,wtr_wwtp_flow_mgd,crb_clean_gen_mw
29145,Newton County,MO,0.5083359839038,1491,0.572824586418606,0.4911084947961264,0.567805691314266,0.8564331225783618,0.41672975756585534,0.7507921980264906,0.13305384879935347,0,,0,0,0,0,0,0,0,prm_moratorium_proposed,lnd_pct_buildable,prm_moratorium_active,crb_queue_clean_mw,cob_persistent_poverty,cob_energy_community
13309,Wheeler County,GA,0.5083154906364087,1492,0.5811096603050785,0.44929333609614963,0.4224454309966631,0.9250789382202381,0.5026128137946207,0.4918928081621215,0.2656950934210399,0,,0,0,0,0,0,0,0,prm_contested_total,cob_persistent_poverty,haz_karst_exposed_pct,cob_lowtemp_ind_heat_tbtu,cob_energy_community,pwr_substations_230kv_n
29099,Jefferson County,MO,0.5081699451722216,1493,0.7833733337173688,0.3614044340112696,0.7815742341965105,0.7060856468834568,0.4880168953697005,0.6943282801908719,0.08835457422758361,0,,0,0,0,0,0,0,0,prm_moratorium_proposed,wtr_bws_score,wtr_bws_2050_score,cob_ghgrp_combustion_facilities_n,cob_persistent_poverty,cob_energy_community
28119,Quitman County,MS,0.5081516809366599,1494,0.4705568896728321,0.47023948789033926,0.5982778528413892,0.7734121315507541,0.38518822955658116,0.35996334047530437,0.5371683944130334,0,,0,0,0,0,0,0,0,prm_nonattainment,prm_contested_total,wtr_bws_2050_score,cob_lowtemp_ind_heat_tbtu,wtr_wwtp_flow_mgd,cob_ghgrp_combustion_facilities_n
13263,Talbot County,GA,0.5081317666878459,1495,0.6369556538709719,0.45279590735043873,0.47346213603507525,0.9388697945581714,0.5906869526174645,0.47999870547023454,0.1533434991304834,0,,0,0,0,0,0,0,0,haz_karst_exposed_pct,prm_tax_exemption_status,prm_moratorium_active,cob_persistent_poverty,cob_energy_community,cob_ghgrp_combustion_facilities_n
13005,Bacon County,GA,0.5081098097971438,1496,0.6010145271920014,0.4728760215173434,0.4698556898295999,0.8980260299374333,0.4680795731563937,0.37673965004634286,0.28005452543525494,0,,0,0,0,0,0,0,0,prm_nonattainment,prm_moratorium_proposed,cob_persistent_poverty,cob_energy_community,wtr_wwtp_flow_mgd,lnd_dist_interstate_km
22011,Beauregard Parish,LA,0.5080766527085523,1497,0.6057200963382645,0.46772584611088996,0.47836765417807936,0.8748079788843659,0.43801453222785663,0.34603745683358683,0.3305111497382021,0,,0,0,0,0,0,0,0,prm_moratorium_proposed,haz_karst_exposed_pct,cob_energy_community,lnd_dist_interstate_km,cob_persistent_poverty,pwr_substations_230kv_n
54077,Preston County,WV,0.5080464759786067,1498,0.5849840463688004,0.26384998684225597,0.4898159168735292,0.8426532291159691,0.7458700056744801,0.6519143005096816,0.31805228504380223,0,,0,0,0,0,0,0,0,prm_pct_tribal,prm_moratorium_active,prm_moratorium_proposed,cob_ghgrp_combustion_facilities_n,pwr_substations_230kv_n,cob_persistent_poverty
47025,Claiborne County,TN,0.5079494765308625,1499,0.5004732919949781,0.3825013324334973,0.5439236059746975,0.8680087762178438,0.5338092445526598,0.6170186935851829,0.2767262866468068,0,,0,0,0,0,0,0,0,prm_nonattainment,cob_energy_community,prm_moratorium_active,cob_persistent_poverty,cob_ghgrp_combustion_facilities_n,crb_queue_clean_mw
51177,Spotsylvania County,VA,0.5079345996082474,1500,0.7091079708818356,0.4215223269645299,0.5948506651431912,0.8179003476684358,0.7119679907324219,0.7092257728307222,0.06728623381750777,0,,0,0,0,0,0,0,0,prm_nonattainment,prm_moratorium_active,prm_tax_exemption_status,cob_persistent_poverty,cob_energy_community,cob_ghgrp_combustion_facilities_n
35003,Catron County,NM,0.5078501910695973,1501,0.674790274840877,0.5384495847563957,0.23394269396296644,0.9257919709918598,0.7062092069539159,0.3229294771086548,0.3594581344180735,0,,0,0,0,0,0,0,0,prm_pop_density_km2,prm_moratorium_active,prm_moratorium_proposed,cob_lowtemp_ind_heat_tbtu,lnd_dist_brownfield_or_retired_km,cob_ghgrp_combustion_facilities_n
27147,Steele County,MN,0.5078414209956014,1502,0.42669304695700483,0.4653832146865633,0.6966117168729141,0.7560412322103423,0.6947245088812467,0.630219864238383,0.17593756527305954,0,,0,0,0,0,0,0,0,prm_contested_total,prm_pct_tribal,cob_heat_demand,cob_persistent_poverty,cob_energy_community,pwr_substations_230kv_n
38053,McKenzie County,ND,0.5078080229828116,1503,0.6705910465456159,0.4789848688194166,0.5908568285328648,0.8903201458088432,0.6756389866445099,0.32668099325510613,0.12269533242825126,0,,0,0,0,0,0,0,0,prm_pop_density_km2,prm_price_growth_pct,haz_karst_exposed_pct,cob_lowtemp_ind_heat_tbtu,lnd_dist_eaf_steel_km,cob_ghgrp_combustion_facilities_n
48335,Mitchell County,TX,0.5077930636810195,1504,0.7530973574976826,0.7476341701652902,0.2866089203710754,0.878993071402992,0.45047892057372396,0.6575659008386481,0.09585796913101913,0,,0,0,0,0,0,0,0,prm_moratorium_active,lnd_pct_buildable,prm_county_can_zone,cob_lowtemp_ind_heat_tbtu,cob_persistent_poverty,cob_energy_community
13163,Jefferson County,GA,0.5077248233556757,1505,0.5795129889130834,0.5519767418910926,0.4875003650224488,0.9049901187032917,0.5325194713024695,0.4794546790729501,0.147257139170128,0,,0,0,0,0,0,0,0,prm_pct_tribal,prm_moratorium_proposed,prm_tax_exemption_status,cob_persistent_poverty,cob_energy_community,cob_ghgrp_combustion_facilities_n
27093,Meeker County,MN,0.5077153809540969,1506,0.6261268571981179,0.5285006795185165,0.4890320659422159,0.7897457832737046,0.749450370437339,0.3012035042713272,0.18544887496135024,0,,0,0,0,0,0,0,0,prm_nonattainment,prm_pct_tribal,haz_karst_exposed_pct,cob_persistent_poverty,cob_energy_community,pwr_substations_230kv_n
20121,Miami County,KS,0.5077095886700022,1507,0.6097084123697708,0.5128214808514807,0.5844073241511369,0.8443168837730767,0.4952409336475674,0.7296554333087538,0.08978000571792755,0,,0,0,0,0,0,0,0,prm_moratorium_proposed,lnd_pct_buildable,prm_moratorium_active,cob_persistent_poverty,cob_energy_community,pwr_substations_230kv_n
13293,Upson County,GA,0.5075276008020727,1508,0.6690041266941724,0.41558127638561915,0.5163579238378047,0.8948901849069602,0.6091779771134875,0.47480501092640887,0.1468020689811544,0,,0,0,0,0,0,0,0,prm_pct_tribal,prm_tax_exemption_status,prm_moratorium_active,cob_ghgrp_combustion_facilities_n,lnd_dist_brownfield_or_retired_km,cob_persistent_poverty
06033,Lake County,CA,0.5074549338726244,1509,0.4635629817840178,0.6761032991401698,0.5444539196951691,0.8055165014764786,0.5224675895198843,0.4178412486330993,0.19605956234348246,0,,0,0,0,0,0,0,0,prm_contested_total,prm_moratorium_active,lnd_pct_buildable,pwr_ind_price_cents_kwh,cob_persistent_poverty,cob_energy_community
24015,Cecil County,MD,0.5074363172269121,1510,0.714283576491697,0.3709471836378343,0.5880871421156637,0.6508610425450501,0.6341837868772251,0.7664429199609112,0.12287071002575321,0,,0,0,0,0,0,0,0,prm_pct_tribal,haz_karst_exposed_pct,prm_moratorium_active,cob_persistent_poverty,cob_energy_community,prm_nonattainment
46069,Hyde County,SD,0.5072732266928175,1511,0.6296195761380996,0.5072774741049926,0.6746431681669389,0.8286267974187779,0.6537153845220426,0.3903965250766273,0.0993026831833563,0,,0,0,0,0,0,0,0,lnd_pct_buildable,wtr_bws_score,prm_moratorium_active,cob_lowtemp_ind_heat_tbtu,lnd_dist_interstate_km,wtr_wwtp_flow_mgd
29119,McDonald County,MO,0.5070527043852289,1512,0.6286200490721231,0.47223698427486244,0.369118248186722,0.876065206871628,0.3731635433509287,0.7551870735697547,0.23231767827521957,0,,0,0,0,0,0,0,0,prm_pct_tribal,prm_moratorium_active,prm_moratorium_proposed,crb_clean_gen_mw,cob_persistent_poverty,cob_energy_community
50011,Franklin County,VT,0.506996666976919,1513,0.30345074078883105,0.5391567580679,0.8510991638695348,0.8638915924301254,0.6750566831500954,0.51790262595642,0.2133646321068532,0,,0,0,0,0,0,0,0,prm_moratorium_active,prm_pct_tribal,cob_heat_demand,cob_persistent_poverty,pwr_substations_230kv_n,cob_energy_community
40141,Tillman County,OK,0.5069958715829658,1514,0.6176238865459676,0.5072301643396357,0.3915474765558426,0.802427144501231,0.4352239197384335,0.48433957472611366,0.29609722718008946,0,,0,0,0,0,0,0,0,prm_contested_total,cob_energy_community,prm_pop_density_km2,cob_lowtemp_ind_heat_tbtu,cob_persistent_poverty,cob_ghgrp_combustion_facilities_n
45017,Calhoun County,SC,0.5069761911320034,1515,0.51124000254345,0.5597590340774949,0.49986223452568684,0.8608728678221552,0.43771201969242657,0.6729001567855222,0.16775516384785955,0,,0,0,0,0,0,0,0,prm_pct_tribal,prm_moratorium_active,prm_moratorium_proposed,cob_persistent_poverty,pwr_dist_hv345_line_km,cob_energy_community
27011,Big Stone County,MN,0.5069507447551835,1516,0.5725595949054101,0.4820115230102352,0.6275241906240833,0.78885835726471,0.7031669292862494,0.29002406949918846,0.20022210812796368,0,,0,0,0,0,0,0,0,prm_nonattainment,cob_heat_demand,haz_karst_exposed_pct,cob_lowtemp_ind_heat_tbtu,cob_ghgrp_combustion_facilities_n,lnd_dist_cement_km
49051,Wasatch County,UT,0.5069495272341326,1517,0.6341168983530528,0.4615588051468379,0.3985380175740779,0.7640700937379704,0.6814400627038839,0.7050405462345978,0.15213174250280403,0,,0,0,0,0,0,0,0,prm_nonattainment,cob_heat_demand,prm_moratorium_active,crb_queue_clean_mw,cob_persistent_poverty,cob_energy_community
45027,Clarendon County,SC,0.5068655574104441,1518,0.5310010926654566,0.4738091546357962,0.6707463414617161,0.8531829483429949,0.455024211955923,0.5946646320188813,0.14754495245687754,0,,0,0,0,0,0,0,0,prm_moratorium_active,haz_alr_coastal_flood,prm_pct_tribal,cob_lowtemp_ind_heat_tbtu,cob_persistent_poverty,pwr_dist_hv345_line_km
37171,Surry County,NC,0.5068514360618884,1519,0.5417935197730309,0.47490211968529417,0.5082846733698262,0.8785374770203941,0.6668325173499614,0.7092167159611465,0.11665096929956126,0,,0,0,0,0,0,0,0,prm_tax_exemption_status,prm_moratorium_active,prm_moratorium_proposed,cob_ghgrp_combustion_facilities_n,cob_persistent_poverty,cob_energy_community
28151,Washington County,MS,0.5068385736473461,1520,0.4699056078275102,0.47780483189018347,0.7330925012354824,0.766820070205055,0.3860329311653404,0.25791616103897524,0.5305678973654904,0,,0,0,0,0,0,0,0,prm_contested_total,wtr_bws_2050_score,prm_moratorium_active,lnd_dist_ixp_km,cob_ghgrp_combustion_facilities_n,crb_clean_gen_mw
13259,Stewart County,GA,0.5067877229010997,1521,0.43605573763137634,0.4521984539112678,0.5648418615491637,0.9308295499809546,0.5139896178062616,0.41497241658521616,0.356046710646429,0,,0,0,0,0,0,0,0,prm_pct_tribal,prm_nonattainment,cob_persistent_poverty,cob_ghgrp_combustion_facilities_n,crb_queue_clean_mw,pwr_substations_230kv_n
21205,Rowan County,KY,0.5067806661515348,1522,0.46298210746184154,0.21603576083554676,0.7539220343607624,0.8558378001359827,0.5559379597796245,0.6444012663522719,0.5164798647085154,0,,0,0,0,0,0,0,0,prm_pct_tribal,prm_moratorium_active,cob_persistent_poverty,cob_ghgrp_combustion_facilities_n,pwr_substations_230kv_n,crb_queue_clean_mw
48431,Sterling County,TX,0.5067794803459833,1523,0.584914378182651,0.7565129060829923,0.3511913809597826,0.9025558913376578,0.5217747286418715,0.3361248319157055,0.19195842587064676,0,,0,0,0,0,0,0,0,prm_moratorium_active,prm_pct_tribal,haz_alr_riverine_flood,cob_lowtemp_ind_heat_tbtu,cob_persistent_poverty,cob_poverty_pct
29033,Carroll County,MO,0.5067655171681942,1524,0.5222145806768059,0.5256902935177445,0.6581809815307997,0.8201261218401448,0.44248420479870315,0.4382954070837462,0.19296795456176896,0,,0,0,0,0,0,0,0,prm_moratorium_active,haz_karst_exposed_pct,prm_pop_density_km2,pwr_substations_230kv_n,cob_persistent_poverty,cob_energy_community
18031,Decatur County,IN,0.5067546771714554,1525,0.59967223773194,0.482212519902394,0.5164152292576636,0.7812369403255084,0.6420964192718941,0.6300998092196736,0.12332621452690014,0,,0,0,0,0,0,0,0,prm_pct_tribal,prm_moratorium_active,prm_moratorium_proposed,cob_ghgrp_combustion_facilities_n,cob_persistent_poverty,cob_energy_community
30043,Jefferson County,MT,0.5067043400608029,1526,0.5959526425670907,0.505960755125928,0.39112262686238086,0.853608394136005,0.6500213027341982,0.6123904408628692,0.15465240358036061,0,,0,0,0,0,0,0,0,prm_nonattainment,prm_moratorium_active,prm_moratorium_proposed,crb_clean_gen_mw,crb_queue_clean_mw,pwr_dist_retired_plant_km
37009,Ashe County,NC,0.5066689285822021,1527,0.581410805292118,0.47961382833998323,0.5572588919523505,0.8987577409999512,0.6756711355290361,0.45572897857328715,0.12641056194442707,0,,0,0,0,0,0,0,0,prm_tax_exemption_status,haz_karst_exposed_pct,prm_moratorium_proposed,crb_clean_gen_mw,cob_ghgrp_combustion_facilities_n,crb_queue_clean_mw
29143,New Madrid County,MO,0.5065600592777906,1528,0.634401387920988,0.5077326008611172,0.4752881944829938,0.675614656239412,0.4604206397069666,0.6595115429990077,0.18561110555094307,0,,0,0,0,0,0,0,0,prm_pop_density_km2,haz_karst_exposed_pct,prm_moratorium_active,cob_persistent_poverty,cob_energy_community,lnd_pct_cropland
01007,Bibb County,AL,0.5065524569498284,1529,0.5984024457126532,0.38625456374907785,0.4164126000652556,0.86475197699871,0.4983735939621377,0.6427693670200739,0.27558337468783944,0,,0,0,0,0,0,0,0,prm_moratorium_active,prm_contested_total,cob_energy_community,cob_lowtemp_ind_heat_tbtu,crb_clean_gen_mw,crb_queue_clean_mw
19191,Winneshiek County,IA,0.5065521003502478,1530,0.4930363087817583,0.42128303382606846,0.6748119772326264,0.8327636358171455,0.6737562139551544,0.5240186112122415,0.1679840990968718,0,,0,0,0,0,0,0,0,cob_heat_demand,prm_moratorium_active,prm_moratorium_proposed,cob_persistent_poverty,cob_ghgrp_combustion_facilities_n,pwr_substations_230kv_n
39159,Union County,OH,0.5065377343964325,1531,0.7257600163137727,0.3812817707817039,0.5110546636777239,0.726264738939523,0.7420959241970692,0.6188207294667033,0.12295950425043756,0,,0,0,0,0,0,0,0,prm_moratorium_active,prm_moratorium_proposed,prm_contested_total,cob_persistent_poverty,cob_energy_community,cob_ghgrp_combustion_facilities_n
20115,Marion County,KS,0.5063769901047622,1532,0.5578716031038559,0.596395075715438,0.5740850280366844,0.8451200615950412,0.407267056752684,0.5033765961317648,0.14648350749207376,0,,0,0,0,0,0,0,0,prm_pct_tribal,prm_nonattainment,prm_moratorium_active,cob_ghgrp_combustion_facilities_n,cob_persistent_poverty,crb_queue_clean_mw
08109,Saguache County,CO,0.5062955458786714,1533,0.4539918370490885,0.5164353985148595,0.29323003446073087,0.8749690963499429,0.7303927739465775,0.553074741695287,0.3935179284967816,0,,0,0,0,0,0,0,0,lnd_pct_buildable,prm_moratorium_active,cob_energy_community,cob_ghgrp_combustion_facilities_n,cob_persistent_poverty,lnd_dist_interstate_km
46005,Beadle County,SD,0.5062656520782991,1534,0.5998510244905554,0.42289739332737486,0.6798016058972263,0.8280815717281985,0.5458371014852335,0.3501577931066539,0.19854379585688042,0,,0,0,0,0,0,0,0,haz_karst_exposed_pct,prm_moratorium_proposed,wtr_bws_score,crb_queue_clean_mw,cob_persistent_poverty,cob_energy_community
37085,Harnett County,NC,0.5062361621608299,1535,0.7206244722611743,0.49867560331421856,0.5546285129543419,0.8284950328175199,0.4775044744033758,0.5112542648559897,0.10457952749338104,0,,0,0,0,0,0,0,0,prm_moratorium_active,prm_moratorium_proposed,prm_tax_exemption_status,cob_persistent_poverty,cob_energy_community,cob_ghgrp_combustion_facilities_n
19073,Greene County,IA,0.5061343902488367,1536,0.4476402481408963,0.5232070678766372,0.5850994716746978,0.8100837139941044,0.6817577740572389,0.46976271190709307,0.19854266955040373,0,,0,0,0,0,0,0,0,haz_karst_exposed_pct,prm_moratorium_active,prm_moratorium_proposed,cob_lowtemp_ind_heat_tbtu,cob_persistent_poverty,lnd_dist_interstate_km
46087,McCook County,SD,0.5061334201250577,1537,0.5345253322705631,0.48018040532420453,0.6757119248670616,0.8083177053322732,0.6400870010578117,0.4797220882638638,0.1322353865262996,0,,0,0,0,0,0,0,0,prm_pct_tribal,prm_contested_total,haz_karst_exposed_pct,cob_lowtemp_ind_heat_tbtu,cob_persistent_poverty,cob_energy_community
08057,Jackson County,CO,0.5061063728178395,1538,0.5964572948869545,0.44696156332369,0.4043870887006447,0.8787783627677402,0.7858690808409855,0.4304358601296652,0.20435419513209407,0,,0,0,0,0,0,0,0,lnd_pct_buildable,prm_pop_density_km2,prm_moratorium_active,cob_lowtemp_ind_heat_tbtu,lnd_dist_interstate_km,lnd_dist_brownfield_or_retired_km
29187,St. Francois County,MO,0.5060728687098196,1539,0.6761163268281548,0.38879812004984954,0.5448901381569812,0.829901217202376,0.4950966984980477,0.6537755988545114,0.14503010905140035,0,,0,0,0,0,0,0,0,prm_moratorium_active,prm_pct_tribal,prm_nonattainment,cob_persistent_poverty,cob_energy_community,cob_ghgrp_combustion_facilities_n
27081,Lincoln County,MN,0.5060431185699025,1540,0.5803049002901648,0.5745389212156125,0.6113326674677548,0.7877465170796011,0.6903058739326172,0.2427614623479155,0.1765383391152776,0,,0,0,0,0,0,0,0,prm_pct_tribal,haz_karst_exposed_pct,prm_moratorium_active,cob_lowtemp_ind_heat_tbtu,cob_persistent_poverty,cob_energy_community
12027,DeSoto County,FL,0.5059435501482787,1541,0.7564414143382413,0.44741121998914873,0.43182372948539155,0.8229117051322065,0.4161289180121424,0.6644133167225011,0.14749821814250844,0,,0,0,0,0,0,0,0,prm_contested_total,prm_pct_tribal,prm_moratorium_active,cob_persistent_poverty,cob_energy_community,cob_ghgrp_combustion_facilities_n
13225,Peach County,GA,0.5056767402070539,1542,0.7202232209857616,0.43508234966132775,0.40211449072150635,0.869469733651771,0.5553161745351439,0.6920073739906688,0.12671153213518774,0,,0,0,0,0,0,0,0,prm_pct_tribal,prm_nonattainment,prm_tax_exemption_status,cob_lowtemp_ind_heat_tbtu,cob_persistent_poverty,cob_energy_community
54001,Barbour County,WV,0.5055982274919884,1543,0.485515701871075,0.3315403087918968,0.47993987516954073,0.8462861814065936,0.726474284276382,0.5598679700646358,0.37074970179558614,0,,0,0,0,0,0,0,0,prm_moratorium_active,cob_energy_community,prm_moratorium_proposed,cob_ghgrp_combustion_facilities_n,cob_persistent_poverty,pwr_substations_230kv_n
38007,Billings County,ND,0.5054188586866825,1544,0.5602432554605785,0.4809571586077186,0.5602438254613358,0.9144140940145342,0.7141996754410833,0.4090308259754381,0.13565588695708702,0,,0,0,0,0,0,0,0,lnd_pct_buildable,prm_pop_density_km2,prm_moratorium_proposed,cob_lowtemp_ind_heat_tbtu,cob_persistent_poverty,lnd_dist_eaf_steel_km
39157,Tuscarawas County,OH,0.505312166170883,1545,0.557133868884403,0.21781048114318527,0.5528879706461278,0.7982200100574361,0.722105919718415,0.778173806120002,0.3707896293755095,0,,0,0,0,0,0,0,0,prm_moratorium_active,prm_moratorium_proposed,cob_energy_community,cob_persistent_poverty,crb_queue_clean_mw,pwr_substations_230kv_n
01121,Talladega County,AL,0.5052933934063291,1546,0.5450275072435941,0.3896876195713196,0.5794339066033499,0.8388496158917189,0.5337623069194729,0.743514055180062,0.1672463584468437,0,,0,0,0,0,0,0,0,prm_pct_tribal,prm_moratorium_active,prm_moratorium_proposed,cob_persistent_poverty,cob_energy_community,crb_clean_gen_mw
19075,Grundy County,IA,0.5052099640213923,1547,0.45933609880002924,0.4840408657189368,0.5920647440874898,0.8100837139941044,0.7319618358991404,0.5761746529817517,0.15807125855991208,0,,0,0,0,0,0,0,0,haz_karst_exposed_pct,prm_moratorium_active,prm_moratorium_proposed,cob_ghgrp_combustion_facilities_n,cob_persistent_poverty,lnd_pct_cropland
54095,Tyler County,WV,0.5052032100297204,1548,0.6121866185062104,0.1975046568056787,0.6646794082560183,0.8528960870152411,0.6568640510649039,0.49194081128045863,0.42837735357193796,0,,0,0,0,0,0,0,0,prm_contested_total,prm_moratorium_active,cob_energy_community,crb_queue_clean_mw,crb_clean_gen_mw,cob_persistent_poverty
51165,Rockingham County,VA,0.5052001371743959,1549,0.5665594193917941,0.35125172232372165,0.561823376925736,0.9007452505409244,0.6076750300737523,0.684838176534202,0.16588965758575347,0,,0,0,0,0,0,0,0,prm_tax_exemption_status,prm_moratorium_active,prm_moratorium_proposed,cob_persistent_poverty,cob_energy_community,pwr_dist_retired_plant_km
22015,Bossier Parish,LA,0.5051887439341353,1550,0.5705912093323542,0.45584745483452727,0.44031009888150285,0.8438757122962468,0.44195734980050816,0.5524291515336192,0.27671562021581003,0,,0,0,0,0,0,0,0,prm_contested_total,haz_karst_exposed_pct,cob_energy_community,cob_persistent_poverty,pwr_substations_230kv_n,cob_ghgrp_combustion_facilities_n
21047,Christian County,KY,0.5051672919300337,1551,0.5258366564900104,0.3952554262322566,0.6701263753877166,0.8044922787778092,0.46565869775334295,0.5870862738130077,0.21868183066158825,0,,0,0,0,0,0,0,0,prm_moratorium_active,prm_pct_tribal,prm_nonattainment,crb_clean_gen_mw,crb_queue_clean_mw,cob_energy_community
53029,Island County,WA,0.5050933794483973,1552,0.39805131913038,0.5511802304126395,0.7681146352379747,0.8142375829936406,0.7042640792745836,0.669257124789297,0.10278457775232647,0,,0,0,0,0,0,0,0,prm_pct_tribal,wtr_bws_2050_score,haz_karst_exposed_pct,crb_clean_gen_mw,crb_queue_clean_mw,cob_ghgrp_combustion_facilities_n
13093,Dooly County,GA,0.5050228117697607,1553,0.5158791444257116,0.40674461583118526,0.4867209393474615,0.8687931791073045,0.4618004347887913,0.6431955807758821,0.2861759396227137,0,,0,0,0,0,0,0,0,prm_contested_total,prm_nonattainment,cob_persistent_poverty,cob_energy_community,pwr_substations_230kv_n,cob_ghgrp_combustion_facilities_n
20205,Wilson County,KS,0.5050225926571352,1554,0.5388278725862637,0.5550491406542475,0.5392199813239171,0.8593835615077109,0.38296695719405177,0.566189497616198,0.17744702818911173,0,,0,0,0,0,0,0,0,prm_pct_tribal,prm_contested_total,prm_pop_density_km2,cob_ghgrp_combustion_facilities_n,cob_persistent_poverty,cob_energy_community
21231,Wayne County,KY,0.5049939002837655,1555,0.37547951556500203,0.3748062141636732,0.5995837367194607,0.8652381723667452,0.5658306719513687,0.5105903039037897,0.5042919610951271,0,,0,0,0,0,0,0,0,prm_moratorium_proposed,cob_persistent_poverty,cob_energy_community,cob_ghgrp_combustion_facilities_n,lnd_dist_interstate_km,pwr_substations_230kv_n
46125,Turner County,SD,0.5049552504982425,1556,0.5377136612955903,0.4887480458793981,0.6718304409392204,0.7974694624464187,0.5235190410837594,0.42092593067679746,0.17715961784875084,0,,0,0,0,0,0,0,0,prm_pct_tribal,haz_karst_exposed_pct,prm_moratorium_active,cob_persistent_poverty,cob_energy_community,crb_clean_gen_mw
21095,Harlan County,KY,0.5049246973774716,1557,0.5946313530534988,0.2225493476782435,0.5547716142473924,0.8658592935860303,0.5527950807418829,0.5174984704190021,0.5305642836179817,0,,0,0,0,0,0,0,0,lnd_pct_cropland,prm_moratorium_active,cob_persistent_poverty,cob_lowtemp_ind_heat_tbtu,cob_ghgrp_combustion_facilities_n,crb_queue_clean_mw
05017,Chicot County,AR,0.5048924291032176,1558,0.5084654488711509,0.5307398890547924,0.5459282582481294,0.796080513888028,0.38601737135086955,0.2629053461335021,0.5127210749400366,0,,0,0,0,0,0,0,0,prm_moratorium_proposed,prm_pct_tribal,haz_karst_exposed_pct,lnd_dist_ixp_km,cob_ghgrp_combustion_facilities_n,lnd_dist_interstate_km
01131,Wilcox County,AL,0.5047904081747301,1559,0.3355166931954284,0.44931244507884927,0.6048597068114739,0.8698236553556199,0.4770353085497597,0.47693642889452287,0.5771820517041136,0,,0,0,0,0,0,0,0,prm_pct_tribal,prm_pop_density_km2,prm_moratorium_proposed,pwr_substations_230kv_n,crb_queue_clean_mw,lnd_dist_interstate_km
29167,Polk County,MO,0.5047450135204222,1560,0.5822342143471203,0.5156996256176585,0.5207192177114717,0.871501017006579,0.43074117973277004,0.6450200361222344,0.13680257046217295,0,,0,0,0,0,0,0,0,prm_nonattainment,lnd_pct_buildable,prm_moratorium_active,cob_persistent_poverty,cob_energy_community,pwr_substations_230kv_n
47047,Fayette County,TN,0.5047171642809775,1561,0.6204475833356105,0.5020214009684174,0.7171267549312816,0.8189808366019251,0.4576229379646758,0.46177197154249816,0.11142680067752589,0,,0,0,0,0,0,0,0,prm_pct_tribal,haz_karst_exposed_pct,prm_moratorium_active,cob_persistent_poverty,cob_energy_community,pwr_substations_230kv_n
13305,Wayne County,GA,0.5047147472071322,1562,0.6496011268151652,0.422134664882996,0.594720415261462,0.9157628111949012,0.511673642585778,0.3691520675971329,0.17237849917586173,0,,0,0,0,0,0,0,0,prm_pct_tribal,prm_tax_exemption_status,prm_moratorium_active,crb_queue_clean_mw,cob_persistent_poverty,cob_energy_community
06105,Trinity County,CA,0.5046980422988416,1563,0.3243641513724556,0.6027908259215186,0.6307622670266482,0.8209832615145893,0.5551190105482278,0.48371994272438307,0.31729547935261787,0,,0,0,0,0,0,0,0,prm_nonattainment,prm_moratorium_active,cob_energy_community,pwr_ind_price_cents_kwh,cob_persistent_poverty,prm_price_growth_pct
29081,Harrison County,MO,0.5046348812563464,1564,0.4185603538602744,0.465337985662967,0.5797644275174538,0.8495781703748567,0.6352464791720253,0.7175942304676886,0.1829860522767845,0,,0,0,0,0,0,0,0,prm_pop_density_km2,haz_karst_exposed_pct,prm_moratorium_active,cob_energy_community,cob_ghgrp_combustion_facilities_n,cob_persistent_poverty
22111,Union Parish,LA,0.5045690654153379,1565,0.6140296015241946,0.3890434828246154,0.5138610015200897,0.8807154241346512,0.44747168160160555,0.3018037901022541,0.416083920395485,0,,0,0,0,0,0,0,0,prm_moratorium_proposed,haz_karst_exposed_pct,prm_moratorium_active,crb_queue_clean_mw,cob_persistent_poverty,crb_clean_gen_mw
39137,Putnam County,OH,0.5045574214597045,1566,0.549504466292264,0.36273919230359997,0.7095485776030175,0.7212288817248842,0.6975540222586337,0.5832156730174463,0.1663065370945696,0,,0,0,0,0,0,0,0,prm_moratorium_active,prm_moratorium_proposed,prm_contested_total,lnd_pct_cropland,cob_persistent_poverty,pwr_substations_230kv_n
32033,White Pine County,NV,0.5044180149173838,1567,0.6497219552587671,0.5905599105412006,0.28366418242452035,0.8207289143409632,0.6130894266527631,0.42978936102775167,0.24007355330082053,0,,0,0,0,0,0,0,0,prm_moratorium_active,prm_moratorium_proposed,cob_energy_community,cob_lowtemp_ind_heat_tbtu,cob_ghgrp_combustion_facilities_n,cob_persistent_poverty
21029,Bullitt County,KY,0.5042871653222699,1568,0.7395199193175326,0.22035786799512574,0.7941601427490002,0.7251680744856382,0.5025769213192033,0.795888381067305,0.17983870228730975,0,,0,0,0,0,0,0,0,prm_moratorium_active,wtr_bws_score,wtr_bws_2050_score,cob_persistent_poverty,cob_energy_community,prm_nonattainment
48247,Jim Hogg County,TX,0.504262700371597,1569,0.4818041116473169,0.7061634643072499,0.29424326635980774,0.9033026853866704,0.47682481155619255,0.4331250418372803,0.35030151609664706,0,,0,0,0,0,0,0,0,prm_pct_tribal,prm_pop_density_km2,lnd_pct_buildable,haz_days_gt95f_2050,cob_persistent_poverty,lnd_dist_interstate_km
29201,Scott County,MO,0.5041893457566599,1570,0.6052166757326845,0.5054372494613626,0.5124920544084657,0.7681056014313544,0.43721960164252527,0.6853554177649347,0.14786114810896647,0,,0,0,0,0,0,0,0,prm_moratorium_active,prm_pct_tribal,prm_nonattainment,cob_ghgrp_combustion_facilities_n,cob_persistent_poverty,cob_energy_community
12047,Hamilton County,FL,0.5040427431846702,1571,0.5249006646529073,0.4005079285234977,0.40404412461604844,0.8510934273721598,0.39380641670812433,0.755052925937826,0.3783857311244332,0,,0,0,0,0,0,0,0,prm_contested_total,prm_pct_tribal,prm_moratorium_active,cob_lowtemp_ind_heat_tbtu,cob_energy_community,pwr_dist_hv345_line_km
18117,Orange County,IN,0.5038010054189346,1572,0.6002412726682016,0.4094831121017008,0.5351576802355983,0.851862370074442,0.5144853064035227,0.687002759352235,0.14847056980661175,0,,0,0,0,0,0,0,0,prm_pct_tribal,prm_moratorium_active,prm_moratorium_proposed,cob_persistent_poverty,cob_energy_community,pwr_substations_230kv_n
39109,Miami County,OH,0.5037868978186898,1573,0.7049074527737236,0.3176810808656655,0.5329832392999345,0.7183628001853344,0.6894851243666094,0.6889886929419875,0.1591001360441415,0,,0,0,0,0,0,0,0,prm_contested_total,haz_karst_exposed_pct,prm_moratorium_active,cob_ghgrp_combustion_facilities_n,cob_persistent_poverty,cob_energy_community
39011,Auglaize County,OH,0.503706723947124,1574,0.635174252392931,0.2775087934021825,0.687582573944244,0.7188807293445553,0.6997103166133201,0.6507553766366153,0.18122011005843597,0,,0,0,0,0,0,0,0,prm_moratorium_proposed,prm_moratorium_active,prm_pct_tribal,cob_persistent_poverty,cob_energy_community,crb_queue_clean_mw
22035,East Carroll Parish,LA,0.5036689633579811,1575,0.49821958146836837,0.46028514526978404,0.6416929819220909,0.787196627699207,0.36690318224804935,0.2383996522270456,0.6261880304222233,0,,0,0,0,0,0,0,0,prm_contested_total,prm_nonattainment,wtr_bws_2050_score,cob_ghgrp_combustion_facilities_n,pwr_substations_230kv_n,lnd_dist_cement_km
37101,Johnston County,NC,0.5035320626017198,1576,0.7744087654032884,0.5610769713018312,0.47321288471104206,0.8144294796857382,0.5338773695663287,0.5384208408871892,0.075660269073423,0,,0,0,0,0,0,0,0,prm_nonattainment,prm_moratorium_active,prm_moratorium_proposed,cob_persistent_poverty,cob_energy_community,cob_ghgrp_combustion_facilities_n
13055,Chattooga County,GA,0.5035135904674414,1577,0.6372098670642868,0.39040622470499853,0.5246418452551651,0.9169051813573378,0.44609374225484827,0.6366765731261985,0.16193261801907138,0,,0,0,0,0,0,0,0,prm_moratorium_active,prm_tax_exemption_status,prm_pct_tribal,cob_lowtemp_ind_heat_tbtu,cob_ghgrp_combustion_facilities_n,cob_persistent_poverty
29151,Osage County,MO,0.5034904018665071,1578,0.6335155888353459,0.41055262643193374,0.5150386764285624,0.8793157079052428,0.44825992752264626,0.4421992947455651,0.23488593361861176,0,,0,0,0,0,0,0,0,prm_moratorium_active,prm_moratorium_proposed,cob_energy_community,cob_persistent_poverty,pwr_dist_retired_plant_km,cob_ghgrp_combustion_facilities_n
47123,Monroe County,TN,0.5034234764313628,1579,0.5113999513235468,0.4143216591732659,0.7295383313336422,0.8658353601904925,0.5854884677916868,0.6372090274192027,0.11921419762685857,0,,0,0,0,0,0,0,0,prm_moratorium_active,wtr_bws_score,wtr_bws_2050_score,crb_queue_clean_mw,cob_energy_community,cob_persistent_poverty
19165,Shelby County,IA,0.503407749143508,1580,0.5844755877891513,0.42809641018527866,0.5560440892547176,0.8100837139941044,0.7284273657487597,0.5274585813973695,0.1350531667782951,0,,0,0,0,0,0,0,0,prm_nonattainment,haz_karst_exposed_pct,prm_moratorium_active,lnd_pct_cropland,cob_ghgrp_combustion_facilities_n,cob_energy_community
48065,Carson County,TX,0.503294635036012,1581,0.8197585885711715,0.7125657869527365,0.3404695618745005,0.8476803931010494,0.43144976403368024,0.48130482001482483,0.09230236585008261,0,,0,0,0,0,0,0,0,prm_moratorium_proposed,prm_nonattainment,lnd_pct_buildable,cob_lowtemp_ind_heat_tbtu,cob_persistent_poverty,cob_energy_community
42001,Adams County,PA,0.5030607924132343,1582,0.6969291672609872,0.38160523866375884,0.505076249138403,0.7812240222727793,0.713106500807741,0.5849874745216751,0.12582998342230356,0,,0,0,0,0,0,0,0,prm_pct_tribal,prm_moratorium_active,prm_moratorium_proposed,cob_ghgrp_combustion_facilities_n,cob_persistent_poverty,cob_energy_community
47131,Obion County,TN,0.5028890151474588,1583,0.5097887576658072,0.46591391484695494,0.5122890274105611,0.8045570626099883,0.5018221324560417,0.588916157235022,0.23030404633473062,0,,0,0,0,0,0,0,0,prm_moratorium_active,prm_nonattainment,prm_moratorium_proposed,crb_queue_clean_mw,cob_energy_community,cob_persistent_poverty
38033,Golden Valley County,ND,0.5026739922115726,1584,0.5100628739603124,0.4374768035350812,0.5259094872551967,0.8979216296699319,0.7024921596644865,0.41635596978373207,0.2113695871097684,0,,0,0,0,0,0,0,0,prm_moratorium_active,prm_pop_density_km2,cob_heat_demand,cob_lowtemp_ind_heat_tbtu,cob_persistent_poverty,cob_energy_community
47017,Carroll County,TN,0.5026692267821086,1585,0.6167273906690656,0.47940702791127343,0.5669300258927562,0.8470575549147505,0.4675115607854275,0.495219009267025,0.1454108193383433,0,,0,0,0,0,0,0,0,prm_contested_total,haz_karst_exposed_pct,prm_moratorium_active,cob_lowtemp_ind_heat_tbtu,cob_persistent_poverty,cob_energy_community
05013,Calhoun County,AR,0.5026375613759111,1586,0.5817247311768945,0.49590275441763304,0.4772296508537221,0.8857329457337365,0.49853060917287895,0.33937484632902964,0.25765601942550254,0,,0,0,0,0,0,0,0,prm_moratorium_proposed,prm_pct_tribal,haz_karst_exposed_pct,lnd_dist_interstate_km,cob_ghgrp_combustion_facilities_n,cob_persistent_poverty
46135,Yankton County,SD,0.5026303262938437,1587,0.5400365165398536,0.49074487334438127,0.7168781046499473,0.8098832976782502,0.5120311638398432,0.46319644759607553,0.13701003026190273,0,,0,0,0,0,0,0,0,wtr_bws_2050_score,wtr_bws_score,prm_moratorium_proposed,crb_queue_clean_mw,cob_persistent_poverty,cob_energy_community
41061,Union County,OR,0.502449956621558,1588,0.5290191998917245,0.6295328824902083,0.2929788442706982,0.8450780897227856,0.6488380260908926,0.5843005955067716,0.20496775360153174,0,,0,0,0,0,0,0,0,prm_moratorium_active,prm_pop_density_km2,prm_nonattainment,cob_ghgrp_combustion_facilities_n,cob_persistent_poverty,pwr_dist_hv345_line_km
54079,Putnam County,WV,0.502449496664778,1589,0.5766202144127324,0.24616249844709043,0.691548190069733,0.820400698004313,0.6366249944558845,0.6341242405222416,0.2488492326138,0,,0,0,0,0,0,0,0,prm_moratorium_proposed,cob_energy_community,prm_moratorium_active,crb_queue_clean_mw,cob_persistent_poverty,cob_ghgrp_combustion_facilities_n
05003,Ashley County,AR,0.5023659428365912,1590,0.4544919696670335,0.5368082050218961,0.5403203644878112,0.855657347854016,0.3913174901684685,0.280347880669577,0.5156041373708447,0,,0,0,0,0,0,0,0,prm_pct_tribal,cob_energy_community,prm_moratorium_active,cob_persistent_poverty,lnd_dist_ixp_km,pwr_substations_230kv_n
48055,Caldwell County,TX,0.502345652777492,1591,0.7585513126111897,0.6195347540993379,0.3482321907614906,0.8518534479201499,0.37146800203451397,0.8125107551328768,0.09125152248225737,0,,0,0,0,0,0,0,0,prm_pct_tribal,prm_moratorium_active,prm_county_can_zone,cob_persistent_poverty,cob_energy_community,cob_ghgrp_combustion_facilities_n
46003,Aurora County,SD,0.5022082951734135,1592,0.5167857986903572,0.5261146114294977,0.66973037032857,0.8393271308326851,0.5717198583790309,0.5581676713529581,0.10301870114160906,0,,0,0,0,0,0,0,0,prm_contested_total,prm_moratorium_active,wtr_bws_score,cob_unemp_rate,lnd_dist_cement_km,wtr_wwtp_flow_mgd
13083,Dade County,GA,0.502086678345285,1593,0.7417094527967054,0.39434440004393745,0.6058151185125029,0.9141258752814625,0.5289773876812686,0.7044648067575164,0.06829372496079039,0,,0,0,0,0,0,0,0,prm_nonattainment,prm_moratorium_active,prm_tax_exemption_status,cob_lowtemp_ind_heat_tbtu,cob_persistent_poverty,cob_energy_community
55075,Marinette County,WI,0.5020693333752025,1594,0.5126530307122039,0.3807422635418535,0.5970367257068558,0.8622494593145776,0.8292072199564033,0.3264482337553544,0.25174500757333845,0,,0,0,0,0,0,0,0,cob_heat_demand,prm_moratorium_active,prm_moratorium_proposed,cob_persistent_poverty,cob_energy_community,pwr_substations_230kv_n
48281,Lampasas County,TX,0.5020079260172111,1595,0.6721604777938975,0.6487227838411789,0.4665556540704533,0.8972955898762097,0.42617977791343986,0.6027787442899464,0.07628681360592061,0,,0,0,0,0,0,0,0,prm_contested_total,lnd_pct_buildable,prm_county_can_zone,cob_persistent_poverty,cob_energy_community,pwr_substations_230kv_n
19027,Carroll County,IA,0.5019992975040547,1596,0.465750140003181,0.5505389712887097,0.5917605647955524,0.8037832621274144,0.7118121569083689,0.4555978246305532,0.15024550086866115,0,,0,0,0,0,0,0,0,prm_moratorium_active,haz_karst_exposed_pct,prm_pct_tribal,lnd_pct_cropland,cob_ghgrp_combustion_facilities_n,pwr_dist_retired_plant_km
47133,Overton County,TN,0.5019251558327346,1597,0.45985158530286807,0.39853769412843537,0.5324621982220065,0.8740681293525995,0.5196475530037353,0.6470244511220683,0.2750458561784547,0,,0,0,0,0,0,0,0,prm_pct_tribal,cob_energy_community,prm_moratorium_active,cob_ghgrp_combustion_facilities_n,pwr_substations_230kv_n,cob_persistent_poverty
01011,Bullock County,AL,0.5018446003244119,1598,0.4558190266052728,0.44898866259904563,0.4468006171185904,0.8688859623965984,0.4936046389160257,0.6213502417805551,0.32508353324667205,0,,0,0,0,0,0,0,0,prm_pop_density_km2,prm_moratorium_active,cob_persistent_poverty,crb_clean_gen_mw,cob_ghgrp_combustion_facilities_n,pwr_dist_retired_plant_km
05067,Jackson County,AR,0.5018195273927872,1599,0.632601855465551,0.5600826091511799,0.3798651087579739,0.7881060700295035,0.40467664617206817,0.35739670702619897,0.3323188629228283,0,,0,0,0,0,0,0,0,prm_pct_tribal,prm_contested_total,haz_karst_exposed_pct,lnd_dist_interstate_km,cob_ghgrp_combustion_facilities_n,cob_persistent_poverty
55027,Dodge County,WI,0.5017705754348829,1600,0.512667076813789,0.49006543366545,0.4167442863531516,0.7772063306876007,0.7321432982370308,0.54778806670548,0.2148518000645796,0,,0,0,0,0,0,0,0,prm_nonattainment,haz_karst_exposed_pct,prm_moratorium_active,cob_persistent_poverty,cob_energy_community,pwr_substations_230kv_n
01081,Lee County,AL,0.5017023553336362,1601,0.5872540005363304,0.4581921728149874,0.5139637099381604,0.8224054886802359,0.6217011990913448,0.6529448313778113,0.11903441967377272,0,,0,0,0,0,0,0,0,prm_pct_tribal,prm_moratorium_active,prm_moratorium_proposed,cob_persistent_poverty,cob_ghgrp_combustion_facilities_n,cob_energy_community
28071,Lafayette County,MS,0.5015937346898295,1602,0.4838690087968286,0.3914095204491543,0.7475843895719072,0.8464177019415129,0.5162766018897874,0.3790821651169847,0.2734639768569631,0,,0,0,0,0,0,0,0,prm_contested_total,cob_persistent_poverty,wtr_bws_score,cob_ghgrp_combustion_facilities_n,crb_queue_clean_mw,crb_clean_gen_mw
21203,Rockcastle County,KY,0.5014358461804199,1603,0.556161566155568,0.2208229727740385,0.522938233451546,0.8655491289381932,0.5574132384776961,0.6650037201455753,0.4907015659415318,0,,0,0,0,0,0,0,0,prm_moratorium_active,prm_moratorium_proposed,cob_persistent_poverty,cob_ghgrp_combustion_facilities_n,pwr_substations_230kv_n,crb_queue_clean_mw
28095,Monroe County,MS,0.5013830364425513,1604,0.5864971095920082,0.4461726998554072,0.532258584273877,0.8446933472799716,0.44222897313604004,0.5474632502989231,0.19018280986503835,0,,0,0,0,0,0,0,0,prm_pct_tribal,prm_moratorium_active,prm_moratorium_proposed,cob_persistent_poverty,cob_energy_community,pwr_substations_230kv_n
55031,Douglas County,WI,0.5013429437430911,1605,0.6132793776434585,0.3686210230428647,0.4907841487567969,0.8003712749848096,0.7893823208792552,0.44412623806910473,0.20539488982456444,0,,0,0,0,0,0,0,0,cob_heat_demand,haz_karst_exposed_pct,prm_moratorium_proposed,cob_persistent_poverty,cob_energy_community,cob_ghgrp_combustion_facilities_n
08003,Alamosa County,CO,0.501278757432813,1606,0.43286813532113533,0.5847315024992842,0.35151202780505325,0.862275192264962,0.7106188642535111,0.5757046964975258,0.24326147694767977,0,,0,0,0,0,0,0,0,haz_karst_exposed_pct,prm_pop_density_km2,prm_moratorium_active,cob_ghgrp_combustion_facilities_n,cob_persistent_poverty,lnd_dist_interstate_km
13151,Henry County,GA,0.5012394270763638,1607,0.736544877720401,0.4062257127363128,0.42647894611908754,0.8509726458248114,0.6534633021528607,0.7527440690074036,0.09230905446079751,0,,0,0,0,0,0,0,0,prm_moratorium_active,haz_karst_exposed_pct,prm_tax_exemption_status,cob_persistent_poverty,cob_energy_community,cob_ghgrp_combustion_facilities_n
37187,Washington County,NC,0.5010791954020841,1608,0.44113734337639665,0.5966672010786472,0.5051481578880384,0.8605395049630975,0.46905201639177907,0.31393290126255885,0.3625276910649093,0,,0,0,0,0,0,0,0,cob_persistent_poverty,prm_moratorium_active,prm_moratorium_proposed,lnd_dist_interstate_km,cob_ghgrp_combustion_facilities_n,lnd_dist_cement_km
01059,Franklin County,AL,0.5010622659306632,1609,0.6466707786507079,0.40202398390483296,0.6198584263109285,0.85569191057441,0.5079054086526319,0.5416156121528721,0.12629071173694895,0,,0,0,0,0,0,0,0,prm_pct_tribal,prm_moratorium_active,prm_moratorium_proposed,crb_queue_clean_mw,cob_persistent_poverty,cob_energy_community
22057,Lafourche Parish,LA,0.5009680292740751,1610,0.706469259679572,0.3944313741730092,0.7058129841454877,0.8495746771844095,0.45027441979159116,0.43938981523710124,0.12421734359347872,0,,0,0,0,0,0,0,0,prm_moratorium_proposed,wtr_bws_score,wtr_bws_2050_score,cob_ghgrp_combustion_facilities_n,cob_energy_community,cob_persistent_poverty
46129,Walworth County,SD,0.5009536327000075,1611,0.5457386514168365,0.41928054396677583,0.6533050041972851,0.8429648419501415,0.7043662592578681,0.3064365463351617,0.20444344113530238,0,,0,0,0,0,0,0,0,prm_moratorium_active,cob_heat_demand,wtr_bws_score,cob_persistent_poverty,cob_energy_community,pwr_dist_retired_plant_km
13271,Telfair County,GA,0.5009312972094094,1612,0.5365450833623681,0.41808147740788587,0.3994047770551889,0.9187151906483403,0.4976912871142263,0.45477854654202315,0.3738755601971986,0,,0,0,0,0,0,0,0,prm_pct_tribal,prm_moratorium_active,cob_persistent_poverty,cob_energy_community,cob_ghgrp_combustion_facilities_n,pwr_substations_230kv_n
17139,Moultrie County,IL,0.500907387224336,1613,0.609032643924342,0.3751056958268221,0.48525518090223807,0.7086195752470841,0.6515787761980488,0.4444363272178407,0.2961672645733306,0,,0,0,0,0,0,0,0,prm_moratorium_proposed,cob_energy_community,prm_moratorium_active,cob_persistent_poverty,cob_ghgrp_combustion_facilities_n,pwr_substations_230kv_n
13283,Treutlen County,GA,0.5008381583996732,1614,0.49721356225692037,0.40499523109872015,0.42721432987567665,0.9216000776427946,0.5036634924538261,0.583178618443137,0.32392554674366514,0,,0,0,0,0,0,0,0,prm_contested_total,cob_persistent_poverty,haz_karst_exposed_pct,cob_energy_community,pwr_substations_230kv_n,pwr_dist_retired_plant_km
34037,Sussex County,NJ,0.5007257544301239,1615,0.6479572037382061,0.34847797346191955,0.5647367917716598,0.6889044973375711,0.6539526830018401,0.6816646620859034,0.15869272867865275,0,,0,0,0,0,0,0,0,prm_moratorium_proposed,haz_karst_exposed_pct,prm_pct_tribal,cob_persistent_poverty,cob_energy_community,prm_nonattainment
38027,Eddy County,ND,0.5006215548195843,1616,0.5291863069127335,0.46757015156937987,0.6338914262931417,0.8361366327681675,0.6743877264488609,0.3133554709227017,0.19321782828776243,0,,0,0,0,0,0,0,0,prm_price_growth_pct,prm_pop_density_km2,prm_moratorium_active,cob_ghgrp_combustion_facilities_n,cob_persistent_poverty,cob_energy_community
38083,Sheridan County,ND,0.5005821961319762,1617,0.628491152104154,0.4070569706485319,0.6081036819363432,0.8661829304071696,0.7593235893842928,0.2614630839953159,0.18234687190817891,0,,0,0,0,0,0,0,0,prm_price_growth_pct,prm_pop_density_km2,haz_alr_riverine_flood,crb_queue_clean_mw,lnd_dist_interstate_km,lnd_dist_eaf_steel_km
05023,Cleburne County,AR,0.5005780585693438,1618,0.5060715097489,0.5224994045373721,0.5549328135566933,0.8754201314416533,0.3954455844218931,0.39892346425276837,0.26621700076991556,0,,0,0,0,0,0,0,0,haz_karst_exposed_pct,prm_moratorium_active,cob_energy_community,lnd_dist_interstate_km,cob_persistent_poverty,pwr_substations_230kv_n
22115,Vernon Parish,LA,0.5005611176782694,1619,0.6232916088820918,0.41785052912977855,0.5125375789426343,0.8747321472118955,0.36708274716171085,0.4213006614144719,0.28950446331812013,0,,0,0,0,0,0,0,0,prm_nonattainment,prm_pct_tribal,haz_karst_exposed_pct,cob_lowtemp_ind_heat_tbtu,cob_persistent_poverty,lnd_dist_interstate_km
47079,Henry County,TN,0.5005079860919519,1620,0.5908893975635873,0.4200649145385028,0.6274998247942454,0.8423817978656792,0.5339706603557104,0.4737930658626168,0.15382855987746907,0,,0,0,0,0,0,0,0,prm_moratorium_active,prm_pct_tribal,prm_nonattainment,cob_energy_community,lnd_dist_interstate_km,crb_queue_clean_mw
37121,Mitchell County,NC,0.5004830732167973,1621,0.5041923148309472,0.4338604706799276,0.6033739355679572,0.8973854023897943,0.6260632050439727,0.511505715856624,0.15672385672118327,0,,0,0,0,0,0,0,0,lnd_pct_cropland,prm_tax_exemption_status,prm_moratorium_active,cob_lowtemp_ind_heat_tbtu,cob_ghgrp_combustion_facilities_n,crb_queue_clean_mw
19039,Clarke County,IA,0.5004642330622039,1622,0.45604824121944904,0.4218293700358017,0.7047340570650278,0.8827980466966502,0.6044079396356544,0.6015984070313335,0.14695815236549037,0,,0,0,0,0,0,0,0,prm_nonattainment,haz_karst_exposed_pct,prm_moratorium_active,crb_queue_clean_mw,lnd_dist_brownfield_or_retired_km,crb_clean_gen_mw
20197,Wabaunsee County,KS,0.5004206338590845,1623,0.6157637158963737,0.46150466908210863,0.5629677547816802,0.8882611680310744,0.3933279655744419,0.6729483576067284,0.12298474410942471,0,,0,0,0,0,0,0,0,prm_pct_tribal,prm_nonattainment,prm_moratorium_active,cob_persistent_poverty,cob_energy_community,pwr_substations_230kv_n
29061,Daviess County,MO,0.5003873736607659,1624,0.48894818901973797,0.5122590568505073,0.5668102993185877,0.8400459335270155,0.540054950229051,0.6174544418535928,0.14452726706610272,0,,0,0,0,0,0,0,0,prm_moratorium_active,haz_karst_exposed_pct,prm_pop_density_km2,cob_ghgrp_combustion_facilities_n,pwr_substations_230kv_n,cob_persistent_poverty
27015,Brown County,MN,0.5003173905582204,1625,0.512512816547967,0.408586258914932,0.7455509793168609,0.7677013578482549,0.72625888620876,0.37744958605794193,0.1804429528776098,0,,0,0,0,0,0,0,0,prm_contested_total,prm_pct_tribal,cob_heat_demand,cob_persistent_poverty,lnd_dist_interstate_km,cob_energy_community
54081,Raleigh County,WV,0.5003146580827844,1626,0.5257147699994317,0.23032805997275485,0.6367582630993704,0.8269829328768964,0.6332775098258993,0.7163799509681789,0.32780332515380267,0,,0,0,0,0,0,0,0,prm_nonattainment,prm_moratorium_active,cob_energy_community,cob_persistent_poverty,pwr_substations_230kv_n,cob_ghgrp_combustion_facilities_n
47103,Lincoln County,TN,0.5002898776671019,1627,0.5473902117477463,0.4509274233439057,0.6930494439851633,0.8567116836911832,0.47065800855326423,0.70609840681547,0.10200059020982483,0,,0,0,0,0,0,0,0,prm_moratorium_active,prm_moratorium_proposed,prm_contested_total,cob_ghgrp_combustion_facilities_n,cob_persistent_poverty,pwr_substations_230kv_n
06079,San Luis Obispo County,CA,0.5002869093259971,1628,0.6692100333032851,0.7534741775472893,0.3799832165061441,0.6885441073026461,0.5931015814613384,0.37622199547043716,0.13246874089287924,0,,0,0,0,0,0,0,0,prm_pct_tribal,crb_clean_gen_mw,lnd_pct_buildable,pwr_ind_price_cents_kwh,cob_persistent_poverty,cob_energy_community
13197,Marion County,GA,0.5002530783925665,1629,0.6305111942864362,0.4507347163853244,0.49453942625149183,0.9319578165678921,0.5995871363142179,0.5266976084887217,0.1150022402822416,0,,0,0,0,0,0,0,0,haz_karst_exposed_pct,prm_pct_tribal,prm_moratorium_active,cob_persistent_poverty,cob_energy_community,cob_ghgrp_combustion_facilities_n
30007,Broadwater County,MT,0.5002290029023447,1630,0.6071884754449985,0.5349674876027388,0.39561814663999373,0.8418698400752654,0.606919351004482,0.537253657907188,0.14464237339586833,0,,0,0,0,0,0,0,0,prm_nonattainment,prm_moratorium_active,prm_moratorium_proposed,cob_lowtemp_ind_heat_tbtu,cob_ghgrp_combustion_facilities_n,pwr_dist_retired_plant_km
47125,Montgomery County,TN,0.5002198165088833,1631,0.6093016136802526,0.42013602603988576,0.6627170328820433,0.819244159403202,0.56290941865503,0.7010404622558669,0.08802015138506473,0,,0,0,0,0,0,0,0,prm_moratorium_active,prm_moratorium_proposed,prm_contested_total,cob_persistent_poverty,cob_energy_community,cob_ghgrp_combustion_facilities_n
42067,Juniata County,PA,0.5002165601611437,1632,0.6106801828870612,0.3329269563297479,0.4571956312449667,0.8192129155576818,0.6642041485939693,0.4967558692236455,0.27788763394438887,0,,0,0,0,0,0,0,0,prm_moratorium_active,prm_moratorium_proposed,cob_energy_community,cob_persistent_poverty,pwr_substations_230kv_n,cob_ghgrp_combustion_facilities_n
28147,Walthall County,MS,0.5000107096091632,1633,0.5721625040285738,0.37822028054459506,0.39230401826513334,0.8679923960625429,0.4504126741168342,0.502096073083388,0.42727186257852345,0,,0,0,0,0,0,0,0,prm_contested_total,cob_persistent_poverty,cob_energy_community,crb_queue_clean_mw,crb_clean_gen_mw,pwr_substations_230kv_n
38047,Logan County,ND,0.4999896934770903,1634,0.5683019872043588,0.42095447641678946,0.6610893867972518,0.8753485683552131,0.7273508345916149,0.3056059699514599,0.16418954806309344,0,,0,0,0,0,0,0,0,prm_price_growth_pct,prm_pop_density_km2,prm_moratorium_active,cob_lowtemp_ind_heat_tbtu,lnd_dist_eaf_steel_km,lnd_dist_cement_km
51810,Virginia Beach city,VA,0.4999745915021816,1635,0.716886644199549,0.4130804461725325,0.704251564584888,0.8370616328663089,0.5764723258032245,0.6075308298342809,0.06288560567179181,0,,0,0,0,0,0,0,0,prm_pct_tribal,prm_tax_exemption_status,prm_moratorium_active,cob_ghgrp_combustion_facilities_n,cob_persistent_poverty,cob_energy_community
46037,Day County,SD,0.49992618363143093,1636,0.5262094349885059,0.5380063626309286,0.5969244751258861,0.8149256114139849,0.6140231888068526,0.35547388824076126,0.16502281802643903,0,,0,0,0,0,0,0,0,prm_pop_density_km2,prm_moratorium_active,prm_moratorium_proposed,cob_persistent_poverty,cob_energy_community,pwr_substations_230kv_n
42057,Fulton County,PA,0.49982230082333085,1637,0.537453940773843,0.333987782007091,0.42703098998783606,0.840130576820972,0.7664310846366894,0.6204152536435362,0.2687358724459534,0,,0,0,0,0,0,0,0,prm_moratorium_active,prm_moratorium_proposed,cob_energy_community,cob_ghgrp_combustion_facilities_n,pwr_substations_230kv_n,cob_persistent_poverty
20159,Rice County,KS,0.4997957914317114,1638,0.6501438388068234,0.5678244966488859,0.4284948628683793,0.8213251553931646,0.5240975742612762,0.3077575266295028,0.20625656566539252,0,,0,0,0,0,0,0,0,prm_contested_total,prm_pop_density_km2,prm_moratorium_active,cob_persistent_poverty,cob_energy_community,crb_clean_gen_mw
13297,Walton County,GA,0.49979189059894646,1639,0.7119922899504404,0.44343631016490637,0.4287965887713236,0.8902832110180482,0.6315995329137152,0.7197715610923456,0.08276456133006431,0,,0,0,0,0,0,0,0,prm_tax_exemption_status,haz_karst_exposed_pct,prm_moratorium_proposed,cob_ghgrp_combustion_facilities_n,cob_persistent_poverty,cob_energy_community
22053,Jefferson Davis Parish,LA,0.4997758673089556,1640,0.5962412290582085,0.48533938358104856,0.4251201098061218,0.7998618027091425,0.37600583660579207,0.5177980452328313,0.28860080800004057,0,,0,0,0,0,0,0,0,prm_nonattainment,cob_energy_community,prm_moratorium_active,cob_persistent_poverty,pwr_substations_230kv_n,cob_ghgrp_combustion_facilities_n
01013,Butler County,AL,0.49977151508348133,1641,0.5255185034651538,0.4507555297691632,0.5508454199890205,0.8697423937461379,0.49883772501588386,0.717747771068681,0.14150302977482035,0,,0,0,0,0,0,0,0,prm_nonattainment,prm_moratorium_active,prm_moratorium_proposed,cob_ghgrp_combustion_facilities_n,crb_clean_gen_mw,cob_persistent_poverty
13319,Wilkinson County,GA,0.49966847204206577,1642,0.6111068710421907,0.4765675256744187,0.40213411202558025,0.9374348924621416,0.5386190238695684,0.5912278145757462,0.14764988560487247,0,,0,0,0,0,0,0,0,prm_moratorium_proposed,prm_pct_tribal,prm_moratorium_active,cob_lowtemp_ind_heat_tbtu,cob_ghgrp_combustion_facilities_n,cob_persistent_poverty
13049,Charlton County,GA,0.4996671152403573,1643,0.6626597495634942,0.467866009023441,0.46569105612336326,0.9389030151596374,0.4971955014776371,0.48054981122665086,0.13627184626513755,0,,0,0,0,0,0,0,0,prm_moratorium_proposed,prm_tax_exemption_status,prm_pop_density_km2,cob_persistent_poverty,cob_energy_community,cob_ghgrp_combustion_facilities_n
13053,Chattahoochee County,GA,0.49959734474212875,1644,0.5083316047655659,0.3863307024525877,0.5499770280480607,0.9323449877876601,0.5905665447248297,0.6272596552196844,0.1748046513439088,0,,0,0,0,0,0,0,0,prm_nonattainment,haz_karst_exposed_pct,prm_moratorium_active,cob_lowtemp_ind_heat_tbtu,crb_queue_clean_mw,crb_clean_gen_mw
20073,Greenwood County,KS,0.4995604849557332,1645,0.5800933442882895,0.46507162227520266,0.5222127282150836,0.8972558863284721,0.4157194568386248,0.5911598039670838,0.1614354205169033,0,,0,0,0,0,0,0,0,lnd_pct_buildable,prm_pct_tribal,prm_moratorium_active,crb_clean_gen_mw,crb_queue_clean_mw,pwr_dist_retired_plant_km
46083,Lincoln County,SD,0.4992110213611396,1646,0.6294786429114364,0.4803999973014365,0.47742776076087534,0.7685662461163266,0.5758537824833547,0.479237823810887,0.16234962215352203,0,,0,0,0,0,0,0,0,prm_pct_tribal,prm_moratorium_active,prm_moratorium_proposed,cob_persistent_poverty,cob_energy_community,cob_unemp_rate
46035,Davison County,SD,0.49919351116960553,1647,0.4943538582201748,0.42625253899728177,0.7199520543687141,0.809486369601216,0.5104606604039312,0.5159196270842182,0.1793045497531664,0,,0,0,0,0,0,0,0,prm_pct_tribal,prm_moratorium_active,prm_moratorium_proposed,crb_queue_clean_mw,cob_persistent_poverty,cob_energy_community
51089,Henry County,VA,0.4990764883059562,1648,0.5491811761595567,0.32030020501448636,0.5008980579547477,0.8837201916239324,0.6108703594540886,0.584233392279112,0.26464401930922393,0,,0,0,0,0,0,0,0,prm_nonattainment,prm_pct_tribal,cob_energy_community,cob_ghgrp_combustion_facilities_n,cob_persistent_poverty,lnd_dist_interstate_km
16007,Bear Lake County,ID,0.49902045815780877,1649,0.5814923402813817,0.5119681217212214,0.37207019846411166,0.8664736484087485,0.6570778056980534,0.48055809800373117,0.18222853663393562,0,,0,0,0,0,0,0,0,lnd_pct_buildable,prm_moratorium_active,prm_moratorium_proposed,cob_lowtemp_ind_heat_tbtu,lnd_dist_interstate_km,cob_ghgrp_combustion_facilities_n
33007,Coos County,NH,0.49898381768985883,1650,0.40959727294622506,0.5211742251937699,0.7766359874076691,0.8633774069846027,0.6579962858718174,0.262613647027864,0.23224255366356447,0,,0,0,0,0,0,0,0,prm_moratorium_proposed,prm_pop_density_km2,cob_heat_demand,pwr_ind_price_cents_kwh,cob_persistent_poverty,cob_energy_community
42087,Mifflin County,PA,0.4989789078009335,1651,0.6635726647111883,0.24185643116418992,0.48582824754902043,0.8064666939597422,0.6908153863563642,0.5560516387057352,0.3222422871490643,0,,0,0,0,0,0,0,0,prm_pct_tribal,prm_moratorium_active,cob_energy_community,cob_ghgrp_combustion_facilities_n,cob_persistent_poverty,crb_queue_clean_mw
24027,Howard County,MD,0.49895734296957156,1652,0.7494507778360342,0.33706054076341585,0.6965981017983227,0.6407442074029156,0.7441169128826584,0.7531570916541375,0.07643598721499813,0,,0,0,0,0,0,0,0,prm_moratorium_active,prm_contested_total,prm_moratorium_proposed,cob_persistent_poverty,cob_energy_community,prm_nonattainment
13267,Tattnall County,GA,0.49879714449041024,1653,0.5089140902278989,0.48520529331268725,0.5317577498194109,0.9000415099409947,0.44829189152998633,0.3599939562736279,0.2898245305547847,0,,0,0,0,0,0,0,0,prm_contested_total,prm_pct_tribal,cob_persistent_poverty,cob_lowtemp_ind_heat_tbtu,cob_energy_community,pwr_substations_230kv_n
42053,Forest County,PA,0.49878263380473326,1654,0.4960276572017662,0.25964117158319094,0.5756633344007273,0.849744824245931,0.8082276501160517,0.47324692159471243,0.38576313593477546,0,,0,0,0,0,0,0,0,haz_karst_exposed_pct,prm_moratorium_active,prm_moratorium_proposed,cob_lowtemp_ind_heat_tbtu,wtr_wwtp_flow_mgd,crb_clean_gen_mw
28075,Lauderdale County,MS,0.4987441813971146,1655,0.554238167811104,0.40793961392758893,0.40618363982998956,0.8475466298004275,0.41243086376918053,0.6733706422352634,0.3123484178167008,0,,0,0,0,0,0,0,0,prm_nonattainment,cob_persistent_poverty,prm_moratorium_active,crb_queue_clean_mw,wtr_wwtp_flow_mgd,cob_energy_community
21235,Whitley County,KY,0.49863959554910764,1656,0.5712695087350983,0.20119236988470565,0.5531658112311362,0.8579534198378698,0.5095625515982752,0.6797365750130672,0.5155845614972765,0,,0,0,0,0,0,0,0,prm_moratorium_proposed,cob_persistent_poverty,cob_energy_community,cob_ghgrp_combustion_facilities_n,pwr_substations_230kv_n,crb_clean_gen_mw
37069,Franklin County,NC,0.49860611034336494,1657,0.6167290583411159,0.51211849614736,0.5363142842466626,0.8506979324362178,0.6379648640283011,0.6197161516385302,0.07528695634459145,0,,0,0,0,0,0,0,0,prm_moratorium_proposed,prm_tax_exemption_status,prm_moratorium_active,crb_queue_clean_mw,pwr_substations_230kv_n,cob_energy_community
51149,Prince George County,VA,0.4986046633628368,1658,0.6694551548767705,0.4167308972281917,0.49126039617395084,0.8858237071337642,0.6028832081787383,0.6932430247493319,0.09249719111017733,0,,0,0,0,0,0,0,0,prm_pct_tribal,prm_nonattainment,prm_moratorium_proposed,cob_persistent_poverty,cob_energy_community,wtr_wwtp_flow_mgd
31147,Richardson County,NE,0.4985591480653872,1659,0.5568780684518541,0.5321059565213125,0.5178686402830361,0.8245911090470059,0.5602587505994532,0.5330999416129049,0.12847343977240014,0,,0,0,0,0,0,0,0,prm_pop_density_km2,prm_nonattainment,prm_moratorium_active,cob_ghgrp_combustion_facilities_n,cob_persistent_poverty,cob_energy_community
21127,Lawrence County,KY,0.4984567248218976,1660,0.6946724833239449,0.2008517177254534,0.4701604645641919,0.8729084690453389,0.5508525885406267,0.4836113439398235,0.5417866484420496,0,,0,0,0,0,0,0,0,prm_contested_total,cob_persistent_poverty,cob_energy_community,cob_lowtemp_ind_heat_tbtu,cob_ghgrp_combustion_facilities_n,crb_clean_gen_mw
37117,Martin County,NC,0.4984206496486653,1661,0.47814796919261454,0.5464425467306653,0.5385377978166966,0.863259551019188,0.5557779558242089,0.42418750251104115,0.1904791758817373,0,,0,0,0,0,0,0,0,prm_tax_exemption_status,prm_moratorium_active,prm_moratorium_proposed,lnd_dist_cement_km,lnd_dist_interstate_km,cob_persistent_poverty
21089,Greenup County,KY,0.498147539889405,1662,0.6005436611517622,0.2631239929343933,0.5230916711753658,0.8523666443753275,0.5920796747121725,0.5144581786892622,0.35233548901280953,0,,0,0,0,0,0,0,0,prm_pct_tribal,cob_energy_community,prm_moratorium_active,cob_ghgrp_combustion_facilities_n,cob_persistent_poverty,pwr_substations_230kv_n
37115,Madison County,NC,0.49796367504782013,1663,0.5241999427229522,0.44313551124609696,0.5827650604996474,0.9039642392523222,0.5773758908823236,0.6535234983008044,0.11644759338988624,0,,0,0,0,0,0,0,0,prm_pct_tribal,prm_moratorium_active,prm_moratorium_proposed,crb_queue_clean_mw,cob_ghgrp_combustion_facilities_n,cob_energy_community
05103,Ouachita County,AR,0.49796119850828763,1664,0.5000022501687399,0.4698060458373579,0.49860142225951243,0.88274185640515,0.4976640263344004,0.3804756082378124,0.3034724883367198,0,,0,0,0,0,0,0,0,prm_moratorium_proposed,prm_pct_tribal,haz_karst_exposed_pct,lnd_dist_ixp_km,cob_ghgrp_combustion_facilities_n,lnd_dist_interstate_km
54033,Harrison County,WV,0.4979123847352904,1665,0.6295720853981509,0.19776532165756908,0.5626926426131909,0.8219103524318011,0.6960051786419379,0.6653609099121502,0.3290377534696065,0,,0,0,0,0,0,0,0,prm_moratorium_proposed,cob_energy_community,prm_moratorium_active,crb_queue_clean_mw,cob_ghgrp_combustion_facilities_n,cob_persistent_poverty
40039,Custer County,OK,0.49781972300176713,1666,0.5265364659075332,0.6585697012544643,0.4422538774458526,0.828352641891798,0.4402193926383341,0.650928443459315,0.12795653169518625,0,,0,0,0,0,0,0,0,prm_nonattainment,prm_pct_tribal,lnd_pct_buildable,cob_persistent_poverty,cob_energy_community,pwr_dist_retired_plant_km
30097,Sweet Grass County,MT,0.49756975898423433,1667,0.5149217986965642,0.5643059456058428,0.3992259782113933,0.8542892543136281,0.6109351011607754,0.7028117349599832,0.13119368944738397,0,,0,0,0,0,0,0,0,lnd_pct_buildable,prm_moratorium_active,prm_moratorium_proposed,cob_persistent_poverty,cob_energy_community,cob_ghgrp_combustion_facilities_n
31053,Dodge County,NE,0.49751332729829667,1668,0.5735454840674066,0.5023974090552948,0.41796818229387045,0.7973676479097965,0.5332026004118764,0.6073153361420518,0.1749054441091739,0,,0,0,0,0,0,0,0,prm_pct_tribal,prm_moratorium_active,prm_moratorium_proposed,pwr_substations_230kv_n,cob_persistent_poverty,cob_energy_community
18071,Jackson County,IN,0.49737291369994363,1669,0.6107937836210378,0.47382696964687987,0.4884793224968337,0.8075368937557738,0.5532463559218971,0.7281525899402251,0.1053376853881055,0,,0,0,0,0,0,0,0,prm_pct_tribal,prm_moratorium_active,prm_moratorium_proposed,cob_ghgrp_combustion_facilities_n,cob_persistent_poverty,cob_energy_community
33001,Belknap County,NH,0.4973249475598136,1670,0.43662533459402797,0.5052737582939568,0.5884743152964315,0.8283247570721919,0.701299054561672,0.4901252859735629,0.1673832801950872,0,,0,0,0,0,0,0,0,prm_moratorium_active,haz_karst_exposed_pct,prm_moratorium_proposed,pwr_ind_price_cents_kwh,cob_persistent_poverty,cob_energy_community
48455,Trinity County,TX,0.49731561165427357,1671,0.4763669475784335,0.4532923126851255,0.5533650593580407,0.903265632681114,0.43525568794699615,0.45348195934367586,0.2817234676929528,0,,0,0,0,0,0,0,0,prm_pct_tribal,haz_karst_exposed_pct,prm_moratorium_active,cob_lowtemp_ind_heat_tbtu,cob_persistent_poverty,lnd_dist_brownfield_or_retired_km
55135,Waupaca County,WI,0.497284134191825,1672,0.6235748178883205,0.4329370104278826,0.38388026502287914,0.8145375922418611,0.7729337784550775,0.43300737820722085,0.20157131828009284,0,,0,0,0,0,0,0,0,haz_karst_exposed_pct,cob_heat_demand,prm_moratorium_active,cob_persistent_poverty,cob_energy_community,pwr_substations_230kv_n
53049,Pacific County,WA,0.4972485246866497,1673,0.3898057608044911,0.566831549137631,0.7642596007313665,0.8683660115195933,0.6321131743703887,0.45410921380774244,0.13145615174584838,0,,0,0,0,0,0,0,0,prm_moratorium_proposed,wtr_bws_score,wtr_bws_2050_score,lnd_dist_interstate_km,cob_ghgrp_combustion_facilities_n,pwr_substations_230kv_n
13277,Tift County,GA,0.4972109008390843,1674,0.6820765248253176,0.49613678131528466,0.4202971984172654,0.8482828121981827,0.4929737944893712,0.5972768303710585,0.12071070309396424,0,,0,0,0,0,0,0,0,prm_contested_total,prm_tax_exemption_status,prm_moratorium_active,cob_ghgrp_combustion_facilities_n,cob_energy_community,cob_persistent_poverty
21099,Hart County,KY,0.4972061898547021,1675,0.46617579066789805,0.2525345806536684,0.5358929942306023,0.862393376709341,0.5284789712652206,0.7350870879373996,0.4828770963178977,0,,0,0,0,0,0,0,0,prm_moratorium_active,prm_pct_tribal,prm_moratorium_proposed,crb_clean_gen_mw,pwr_substations_230kv_n,cob_ghgrp_combustion_facilities_n
05001,Arkansas County,AR,0.49714558355179994,1676,0.604670753618744,0.5368728088703093,0.529945161452529,0.8141816590981822,0.40634613222803434,0.19154738057180667,0.3873690197406727,0,,0,0,0,0,0,0,0,prm_moratorium_active,cob_energy_community,prm_pop_density_km2,lnd_dist_ixp_km,cob_persistent_poverty,lnd_pct_buildable
39009,Athens County,OH,0.4971445871550499,1677,0.5008414256012734,0.2092823203013646,0.7070175010967878,0.8141107597078786,0.6754379375297,0.4583098038227889,0.5214983717327164,0,,0,0,0,0,0,0,0,haz_karst_exposed_pct,prm_moratorium_active,cob_persistent_poverty,lnd_dist_interstate_km,cob_ghgrp_combustion_facilities_n,pwr_substations_230kv_n
48177,Gonzales County,TX,0.4970818966469591,1678,0.48905523354730496,0.6181347212105841,0.33266130410238703,0.9024763651073627,0.38022057104121565,0.6709744849963212,0.25167704952022263,0,,0,0,0,0,0,0,0,lnd_pct_buildable,haz_karst_exposed_pct,prm_moratorium_active,cob_persistent_poverty,lnd_dist_brownfield_or_retired_km,pwr_substations_230kv_n
21191,Pendleton County,KY,0.49704694884315465,1679,0.6514701062641549,0.21735254371035354,0.710892822748415,0.8644429851377168,0.5304127323150929,0.7401575145907916,0.19487714608913403,0,,0,0,0,0,0,0,0,prm_pct_tribal,prm_moratorium_active,prm_moratorium_proposed,cob_persistent_poverty,pwr_substations_230kv_n,cob_energy_community
46025,Clark County,SD,0.4969836052559297,1680,0.5625890146554309,0.5631292687341871,0.6852420134150305,0.8255743365182243,0.6438757411481143,0.21987441849685915,0.1520646546697848,0,,0,0,0,0,0,0,0,prm_contested_total,prm_moratorium_active,prm_pop_density_km2,cob_ghgrp_combustion_facilities_n,cob_persistent_poverty,cob_energy_community
22007,Assumption Parish,LA,0.4969777066332384,1681,0.5911304926872587,0.3864413244112918,0.6206598002106607,0.8300627843727939,0.4024225091408748,0.42132616075498586,0.25802853522881364,0,,0,0,0,0,0,0,0,haz_karst_exposed_pct,prm_pct_tribal,prm_moratorium_active,cob_ghgrp_combustion_facilities_n,cob_persistent_poverty,pwr_substations_230kv_n
40043,Dewey County,OK,0.49692867620091874,1682,0.6834283129085692,0.6682770152470854,0.43327630449086707,0.8476682574066166,0.4665963772577069,0.4117274424561917,0.10248418614742844,0,,0,0,0,0,0,0,0,prm_moratorium_active,prm_pop_density_km2,lnd_pct_buildable,cob_lowtemp_ind_heat_tbtu,cob_persistent_poverty,cob_energy_community
46021,Campbell County,SD,0.4969034771977518,1683,0.5561014247322004,0.5399126818019816,0.6606416943275873,0.845785477958444,0.6890378627152685,0.23489088261705818,0.1497099405230515,0,,0,0,0,0,0,0,0,haz_karst_exposed_pct,prm_moratorium_active,prm_moratorium_proposed,cob_persistent_poverty,cob_energy_community,lnd_dist_cement_km
13079,Crawford County,GA,0.4968954851177841,1684,0.7241350685847252,0.44883707781258025,0.42045950863606085,0.906081021975803,0.5790350159765779,0.6484430999676759,0.08940755194433789,0,,0,0,0,0,0,0,0,prm_nonattainment,prm_moratorium_active,prm_moratorium_proposed,cob_lowtemp_ind_heat_tbtu,cob_persistent_poverty,cob_energy_community
19189,Winnebago County,IA,0.4968838606311944,1685,0.4254179444499844,0.5638932529262092,0.5108271534378945,0.8096012740056995,0.67503470615757,0.5440241495652501,0.17267827495490262,0,,0,0,0,0,0,0,0,haz_karst_exposed_pct,cob_heat_demand,prm_moratorium_active,cob_persistent_poverty,lnd_pct_cropland,cob_ghgrp_combustion_facilities_n
21187,Owen County,KY,0.4968775241214648,1686,0.6428113624350437,0.22100236521442168,0.4923640831734786,0.8754609646993987,0.5358349264898083,0.7829904194135086,0.30918831448737494,0,,0,0,0,0,0,0,0,prm_moratorium_active,prm_pct_tribal,prm_moratorium_proposed,cob_persistent_poverty,pwr_substations_230kv_n,cob_ghgrp_combustion_facilities_n
24043,Washington County,MD,0.49679478926388854,1687,0.7016920823148529,0.30835989380779716,0.5308334999837778,0.7384304963672966,0.6645802627304785,0.798229189592441,0.1274578800516421,0,,0,0,0,0,0,0,0,prm_moratorium_proposed,prm_pct_tribal,prm_moratorium_active,cob_ghgrp_combustion_facilities_n,cob_persistent_poverty,cob_energy_community
28029,Copiah County,MS,0.49677568325143456,1688,0.48216551486924325,0.38430265400545777,0.5580965179994168,0.8668076000177191,0.43310941657461743,0.5680785341748663,0.3077553713785229,0,,0,0,0,0,0,0,0,prm_contested_total,haz_karst_exposed_pct,prm_moratorium_active,pwr_saidi_min,cob_energy_community,pwr_substations_230kv_n
13243,Randolph County,GA,0.49670485370065737,1689,0.4394502139779304,0.46001882385515813,0.513552799542858,0.9078621389051889,0.49206733168995875,0.37695267286501233,0.3822678614042808,0,,0,0,0,0,0,0,0,prm_pct_tribal,prm_tax_exemption_status,prm_moratorium_active,pwr_substations_230kv_n,cob_energy_community,lnd_dist_interstate_km
22119,Webster Parish,LA,0.49666899600751563,1690,0.5515327806359986,0.3918023859975452,0.3334604165468946,0.8644922532637469,0.4769826064462458,0.4755016625458158,0.5203914683236147,0,,0,0,0,0,0,0,0,prm_contested_total,haz_karst_exposed_pct,cob_persistent_poverty,lnd_dist_ixp_km,cob_ghgrp_combustion_facilities_n,crb_clean_gen_mw
29155,Pemiscot County,MO,0.4963357911652382,1691,0.5718861964886169,0.37860355297764814,0.36973980042331017,0.7775939032071755,0.43169602504729265,0.655730260814649,0.40838097531574835,0,,0,0,0,0,0,0,0,prm_moratorium_active,cob_persistent_poverty,haz_karst_exposed_pct,cob_ghgrp_combustion_facilities_n,cob_energy_community,pwr_substations_230kv_n
40153,Woodward County,OK,0.49630416830181684,1692,0.6261183099610688,0.6746989192809592,0.3904345887103818,0.8564214551903253,0.44822364365256323,0.4057290440087655,0.14667379081775286,0,,0,0,0,0,0,0,0,prm_pop_density_km2,lnd_pct_buildable,prm_moratorium_active,cob_persistent_poverty,cob_energy_community,lnd_dist_cement_km
35061,Valencia County,NM,0.49625165951859707,1693,0.567460913474684,0.6154130398754634,0.2784127307204608,0.8421079572954335,0.4649075191158437,0.712480641103133,0.20074079730414773,0,,0,0,0,0,0,0,0,prm_contested_total,lnd_pct_buildable,prm_moratorium_active,cob_persistent_poverty,cob_energy_community,cob_ghgrp_combustion_facilities_n
13159,Jasper County,GA,0.49624466965042857,1694,0.7108045169409717,0.48671264734820807,0.3802831209442975,0.9088637347173125,0.6235002686226296,0.6008858459788143,0.09214675859305696,0,,0,0,0,0,0,0,0,prm_moratorium_proposed,prm_moratorium_active,haz_karst_exposed_pct,cob_persistent_poverty,cob_energy_community,cob_ghgrp_combustion_facilities_n
29045,Clark County,MO,0.49613663182888684,1695,0.5871813772872408,0.3752192811732153,0.6458909017929877,0.8310487470664499,0.6088980938074837,0.48373062474101863,0.14695148428915783,0,,0,0,0,0,0,0,0,prm_pop_density_km2,prm_contested_total,prm_moratorium_active,cob_lowtemp_ind_heat_tbtu,lnd_dist_interstate_km,cob_persistent_poverty
20079,Harvey County,KS,0.4959533750013751,1696,0.652495270627517,0.5216225396099435,0.4808236378520567,0.7988609067143564,0.4758475226235402,0.4995794556254278,0.13132246017628052,0,,0,0,0,0,0,0,0,prm_contested_total,prm_pct_tribal,prm_moratorium_proposed,cob_persistent_poverty,cob_energy_community,pwr_substations_230kv_n
13113,Fayette County,GA,0.4959436948069496,1697,0.7332200375142193,0.40671729129854156,0.5551849917035468,0.8135176676456993,0.6196795927421304,0.7116307879624237,0.06721287747265356,0,,0,0,0,0,0,0,0,prm_nonattainment,prm_moratorium_active,prm_moratorium_proposed,cob_ghgrp_combustion_facilities_n,cob_persistent_poverty,cob_energy_community
47165,Sumner County,TN,0.4959117664046131,1698,0.59310566912684,0.45326227423859144,0.7112642897643316,0.8058613786315707,0.5480624769690509,0.6269193422061294,0.0791125842815612,0,,0,0,0,0,0,0,0,prm_moratorium_active,prm_pct_tribal,prm_nonattainment,cob_persistent_poverty,cob_energy_community,pwr_substations_230kv_n
51035,Carroll County,VA,0.49588041768979935,1699,0.4414508275509392,0.32640519074461133,0.46288924693403094,0.919771181634947,0.7354058530427914,0.7327365859244889,0.272304895982557,0,,0,0,0,0,0,0,0,prm_nonattainment,prm_moratorium_active,cob_energy_community,cob_lowtemp_ind_heat_tbtu,cob_persistent_poverty,pwr_substations_230kv_n
49001,Beaver County,UT,0.49582378526063325,1700,0.6335519840743676,0.5949463161060837,0.3378924164658169,0.8706751502997018,0.6520893215326632,0.5079584484212546,0.118087909014773,0,,0,0,0,0,0,0,0,prm_moratorium_proposed,prm_moratorium_active,prm_pop_density_km2,lnd_dist_brownfield_or_retired_km,cob_persistent_poverty,cob_energy_community
28083,Leflore County,MS,0.4957868769805826,1701,0.42775088554204765,0.4620065062411111,0.605409416181762,0.7717596608262196,0.3938414706476345,0.339402958314599,0.5465498156931764,0,,0,0,0,0,0,0,0,prm_nonattainment,prm_contested_total,wtr_bws_2050_score,wtr_wwtp_flow_mgd,cob_ghgrp_combustion_facilities_n,pwr_substations_230kv_n
54015,Clay County,WV,0.4957789387201017,1702,0.4382833270842937,0.19795830593926964,0.6349459404569211,0.8567975424634113,0.6911857822351828,0.6411512569155675,0.5717542415933792,0,,0,0,0,0,0,0,0,prm_pct_tribal,prm_contested_total,haz_karst_exposed_pct,cob_lowtemp_ind_heat_tbtu,wtr_wwtp_flow_mgd,crb_queue_clean_mw
39121,Noble County,OH,0.4957445178975093,1703,0.583293526573726,0.20899532149170247,0.5589384642913826,0.8394959543944566,0.6265551097905776,0.678748690185377,0.3594508004611036,0,,0,0,0,0,0,0,0,prm_pct_tribal,prm_moratorium_active,cob_energy_community,cob_ghgrp_combustion_facilities_n,pwr_substations_230kv_n,cob_persistent_poverty
39125,Paulding County,OH,0.4956891565159765,1704,0.4934658891063696,0.3789148451783282,0.6734525690316813,0.7300369735333702,0.7127892694591221,0.6868097513592847,0.14397203917988455,0,,0,0,0,0,0,0,0,prm_moratorium_active,wtr_bws_score,wtr_bws_2050_score,cob_ghgrp_combustion_facilities_n,lnd_pct_cropland,pwr_dist_retired_plant_km
28037,Franklin County,MS,0.4955684366071617,1705,0.522656119029815,0.38757073974146394,0.5490848282007367,0.8737873921543031,0.38846766804178606,0.34199183226313196,0.4645055260012554,0,,0,0,0,0,0,0,0,prm_pop_density_km2,haz_karst_exposed_pct,prm_moratorium_active,cob_lowtemp_ind_heat_tbtu,cob_ghgrp_combustion_facilities_n,crb_clean_gen_mw
26109,Menominee County,MI,0.49555809961795977,1706,0.4001308749858644,0.356747547207289,0.657296827807494,0.8704649793242781,0.7781708618919105,0.27905153979776853,0.4558508909585066,0,,0,0,0,0,0,0,0,prm_moratorium_active,cob_heat_demand,wtr_bws_score,lnd_dist_interstate_km,pwr_substations_230kv_n,cob_persistent_poverty
21121,Knox County,KY,0.49553098891139336,1707,0.549444945390334,0.20552709522261853,0.5444008262177135,0.8594591484614379,0.5005791960530515,0.6290220778143097,0.5706317477403026,0,,0,0,0,0,0,0,0,prm_nonattainment,prm_moratorium_active,cob_persistent_poverty,cob_lowtemp_ind_heat_tbtu,cob_ghgrp_combustion_facilities_n,pwr_substations_230kv_n
06097,Sonoma County,CA,0.4954796104198359,1708,0.4806709061635166,0.7087999838847847,0.5617829793469633,0.6605382044304012,0.5536391528815936,0.46424988414024626,0.1429129550924934,0,,0,0,0,0,0,0,0,haz_karst_exposed_pct,prm_moratorium_active,prm_moratorium_proposed,pwr_ind_price_cents_kwh,cob_persistent_poverty,cob_energy_community
21159,Martin County,KY,0.4954565176097551,1709,0.47898880469455063,0.32304258266065133,0.44521876716817366,0.8686286582891922,0.5190109942216377,0.4656398654649389,0.5920166619343642,0,,0,0,0,0,0,0,0,prm_moratorium_active,haz_karst_exposed_pct,prm_moratorium_proposed,cob_lowtemp_ind_heat_tbtu,lnd_dist_interstate_km,pwr_substations_230kv_n
30031,Gallatin County,MT,0.49529936955417775,1710,0.42934496372909264,0.5275352065280783,0.4844120922323983,0.8310252260062004,0.6431136012297138,0.6513767378507155,0.16868925096695883,0,,0,0,0,0,0,0,0,prm_moratorium_active,prm_moratorium_proposed,prm_contested_total,cob_persistent_poverty,cob_ghgrp_combustion_facilities_n,pwr_substations_230kv_n
37091,Hertford County,NC,0.4952837806673635,1711,0.6050831056547563,0.5430404173358829,0.4377642494756187,0.8661822399546444,0.572129776502597,0.3594161977020291,0.1676808926393361,0,,0,0,0,0,0,0,0,prm_moratorium_active,prm_tax_exemption_status,prm_pct_tribal,cob_persistent_poverty,cob_ghgrp_combustion_facilities_n,lnd_dist_interstate_km
18015,Carroll County,IN,0.4952230854800801,1712,0.5505286567812214,0.45173981055134016,0.4941526527434782,0.7745394359780227,0.5991454704811693,0.6616494938646185,0.14688472972134844,0,,0,0,0,0,0,0,0,prm_moratorium_active,prm_pct_tribal,prm_nonattainment,cob_ghgrp_combustion_facilities_n,pwr_substations_230kv_n,cob_energy_community
32027,Pershing County,NV,0.49518507993454897,1713,0.6099231634109248,0.5425442578649792,0.2043958932936488,0.8224164639697573,0.5961509088350004,0.616126271895216,0.3124028874249326,0,,0,0,0,0,0,0,0,lnd_pct_buildable,prm_pop_density_km2,prm_moratorium_proposed,cob_lowtemp_ind_heat_tbtu,lnd_dist_eaf_steel_km,pwr_dist_retired_plant_km
42105,Potter County,PA,0.4951304276845822,1714,0.4323638444222769,0.37116170371676394,0.5616093129670093,0.848988887857483,0.7846635980233275,0.35055489480991836,0.36827298364439587,0,,0,0,0,0,0,0,0,prm_pop_density_km2,prm_moratorium_active,prm_moratorium_proposed,cob_ghgrp_combustion_facilities_n,wtr_wwtp_flow_mgd,pwr_substations_230kv_n
51181,Surry County,VA,0.4950398457518725,1715,0.7067917332701246,0.4573034067767985,0.4861070664367638,0.9091289989443191,0.5914107015031834,0.5391414238339127,0.08278741421921482,0,,0,0,0,0,0,0,0,prm_contested_total,crb_clean_gen_mw,prm_moratorium_active,cob_persistent_poverty,cob_energy_community,cob_ghgrp_combustion_facilities_n
05127,Scott County,AR,0.4950152258522745,1716,0.4824192076663086,0.45836906860561577,0.6013647826871419,0.8858910662582834,0.4500041741926016,0.37569819297897844,0.2720387739399848,0,,0,0,0,0,0,0,0,prm_pct_tribal,prm_pop_density_km2,prm_moratorium_active,crb_clean_gen_mw,lnd_dist_interstate_km,crb_queue_clean_mw
30065,Musselshell County,MT,0.4949970808706325,1717,0.47126820867884567,0.567918117624178,0.2930791859750241,0.8491634353400771,0.6076380297074168,0.47900310842934885,0.35413959619525004,0,,0,0,0,0,0,0,0,lnd_pct_buildable,prm_pop_density_km2,prm_moratorium_active,lnd_dist_interstate_km,cob_persistent_poverty,lnd_dist_eaf_steel_km
04012,La Paz County,AZ,0.4949853996327934,1718,0.4925429059706533,0.6036522030552649,0.3633888089877092,0.7493269467136542,0.41651998434555443,0.5655571274309389,0.31078070308297195,0,,0,0,0,0,0,0,0,prm_moratorium_proposed,crb_queue_clean_mw,cob_energy_community,haz_days_gt95f_2050,cob_persistent_poverty,cob_ghgrp_combustion_facilities_n
45063,Lexington County,SC,0.49495001930377125,1719,0.5644274751845294,0.5703779787608045,0.3979277977239944,0.8366281625984316,0.48299305624506345,0.7142711892424817,0.12872812004156864,0,,0,0,0,0,0,0,0,prm_pct_tribal,prm_moratorium_active,prm_moratorium_proposed,cob_persistent_poverty,cob_energy_community,wtr_wwtp_flow_mgd
29059,Dallas County,MO,0.49490006543150694,1720,0.5765313596823533,0.4086510611343873,0.5275711410104564,0.881226087891803,0.4082132139876922,0.6670551604357162,0.17172303176280035,0,,0,0,0,0,0,0,0,prm_nonattainment,prm_pct_tribal,prm_moratorium_active,cob_persistent_poverty,cob_energy_community,pwr_substations_230kv_n
55115,Shawano County,WI,0.49482246980241285,1721,0.6616282770355013,0.38391011864641145,0.3980679595190379,0.810693598904348,0.8020877163568443,0.35282769236869366,0.23578952809652393,0,,0,0,0,0,0,0,0,cob_heat_demand,prm_moratorium_active,prm_moratorium_proposed,crb_queue_clean_mw,cob_persistent_poverty,cob_energy_community
24003,Anne Arundel County,MD,0.494782161806844,1722,0.7653947318522766,0.36026391284921705,0.7196229278165984,0.6426729231272633,0.6397165049759006,0.7535863730493294,0.06560121022803511,0,,0,0,0,0,0,0,0,prm_moratorium_active,prm_moratorium_proposed,prm_pct_tribal,cob_persistent_poverty,cob_energy_community,prm_nonattainment
13129,Gordon County,GA,0.4947521372659893,1723,0.6821596899524847,0.3992038545479355,0.5016573766263097,0.9006860512169858,0.505030071938919,0.7394641414700581,0.0938580766020358,0,,0,0,0,0,0,0,0,prm_moratorium_active,prm_tax_exemption_status,prm_pct_tribal,cob_ghgrp_combustion_facilities_n,cob_persistent_poverty,cob_energy_community
13007,Baker County,GA,0.4946976900235441,1724,0.6830894507909536,0.40511430201157045,0.45820952092884165,0.8881760952722617,0.3230292376789343,0.35002788898252374,0.3517379683349087,0,,0,0,0,0,0,0,0,prm_contested_total,prm_moratorium_proposed,cob_persistent_poverty,cob_lowtemp_ind_heat_tbtu,cob_energy_community,wtr_wwtp_flow_mgd
01075,Lamar County,AL,0.4946351125332837,1725,0.5649723302219194,0.3894389903407007,0.4887393855611261,0.8698388270833816,0.44990778095963463,0.5264626510633027,0.25605507758622137,0,,0,0,0,0,0,0,0,haz_karst_exposed_pct,prm_pop_density_km2,prm_moratorium_active,cob_lowtemp_ind_heat_tbtu,cob_persistent_poverty,cob_ghgrp_combustion_facilities_n
37179,Union County,NC,0.49459502578273695,1726,0.6575752539492771,0.49420955397988087,0.4885283851260998,0.8357793367723082,0.5874832016889743,0.6181030863451185,0.08268921472534854,0,,0,0,0,0,0,0,0,prm_moratorium_active,haz_karst_exposed_pct,prm_tax_exemption_status,cob_ghgrp_combustion_facilities_n,cob_persistent_poverty,cob_energy_community
28035,Forrest County,MS,0.49452752263276717,1727,0.6413264390563189,0.416759066636794,0.35176656712766646,0.8364291879058746,0.3863357708090601,0.6390008694907466,0.28513167804990963,0,,0,0,0,0,0,0,0,prm_nonattainment,prm_pct_tribal,haz_karst_exposed_pct,cob_energy_community,wtr_wwtp_flow_mgd,crb_queue_clean_mw
48359,Oldham County,TX,0.4944798952408368,1728,0.6897363681795509,0.5970157611518486,0.26966029036089956,0.8940609366918519,0.5449479937802664,0.490570454930362,0.15822549062942542,0,,0,0,0,0,0,0,0,prm_moratorium_proposed,prm_nonattainment,lnd_pct_buildable,cob_lowtemp_ind_heat_tbtu,crb_queue_clean_mw,cob_ghgrp_combustion_facilities_n
08097,Pitkin County,CO,0.49446458623622463,1729,0.45211070269079173,0.45558237760751724,0.629717649336494,0.878695791652914,0.7050697733624391,0.4134308206079302,0.17190217779310835,0,,0,0,0,0,0,0,0,prm_pop_density_km2,prm_pct_tribal,prm_moratorium_active,crb_wind_cf,cob_persistent_poverty,cob_energy_community
40011,Blaine County,OK,0.4941983436236443,1730,0.6701879384381864,0.5593658174659122,0.39879676813749615,0.821909031585578,0.4396044476481195,0.556036584781325,0.13001669946595204,0,,0,0,0,0,0,0,0,prm_moratorium_proposed,prm_pop_density_km2,prm_moratorium_active,cob_persistent_poverty,cob_energy_community,cob_ghgrp_combustion_facilities_n
31097,Johnson County,NE,0.49418804433392555,1731,0.6090504144947554,0.4424053964593311,0.5326434177311214,0.8476759537639521,0.5126716515198037,0.5757337955283645,0.12535676983193203,0,,0,0,0,0,0,0,0,haz_karst_exposed_pct,prm_moratorium_active,prm_moratorium_proposed,crb_queue_clean_mw,cob_ghgrp_combustion_facilities_n,cob_persistent_poverty
51077,Grayson County,VA,0.49418633503711307,1732,0.4870849690938636,0.2955836556590479,0.46932881087343503,0.9307763678416411,0.7281572034255623,0.6246617548013546,0.28880071309258665,0,,0,0,0,0,0,0,0,prm_moratorium_active,haz_karst_exposed_pct,prm_moratorium_proposed,cob_lowtemp_ind_heat_tbtu,cob_persistent_poverty,pwr_substations_230kv_n
47087,Jackson County,TN,0.49397991556531673,1733,0.460032589466704,0.3704164371404287,0.5139431336802917,0.8802251108838643,0.5069083442806768,0.6190533868146614,0.2988097542933575,0,,0,0,0,0,0,0,0,prm_pct_tribal,prm_moratorium_active,prm_moratorium_proposed,cob_lowtemp_ind_heat_tbtu,cob_ghgrp_combustion_facilities_n,cob_persistent_poverty
01069,Houston County,AL,0.4939480536387597,1734,0.7260539718561612,0.5612064760146795,0.5547059473182132,0.7919721946654966,0.3811756855098462,0.43061368935967437,0.10348757793924505,0,,0,0,0,0,0,0,0,prm_contested_total,prm_pct_tribal,prm_moratorium_active,cob_persistent_poverty,cob_energy_community,cob_ghgrp_combustion_facilities_n
28145,Union County,MS,0.4938862192769935,1735,0.7269902974854839,0.39060394207739574,0.6455943547147919,0.8424517890462401,0.5105141730337127,0.4603975668279998,0.10031877420029303,0,,0,0,0,0,0,0,0,prm_pct_tribal,prm_moratorium_active,prm_moratorium_proposed,cob_lowtemp_ind_heat_tbtu,lnd_dist_interstate_km,wtr_wwtp_flow_mgd
28135,Tallahatchie County,MS,0.49386777612178584,1736,0.4018451059309673,0.5107912221434623,0.5876953221952967,0.8037028962732164,0.37765918036425516,0.3584511360487573,0.4891454013059245,0,,0,0,0,0,0,0,0,prm_nonattainment,prm_contested_total,wtr_bws_2050_score,cob_lowtemp_ind_heat_tbtu,wtr_wwtp_flow_mgd,cob_ghgrp_combustion_facilities_n
28069,Kemper County,MS,0.4938482760868286,1737,0.497525209990839,0.38255512383502643,0.4082085323258628,0.8722922564553717,0.4245149636647646,0.5167822938211905,0.4848151762076832,0,,0,0,0,0,0,0,0,prm_moratorium_active,prm_moratorium_proposed,cob_persistent_poverty,cob_ghgrp_combustion_facilities_n,wtr_wwtp_flow_mgd,crb_clean_gen_mw
01133,Winston County,AL,0.4938423868019786,1738,0.4611451431417895,0.392601370952106,0.44890117309256566,0.8632933770644751,0.5639261491536854,0.6674367485668745,0.28069294066052286,0,,0,0,0,0,0,0,0,prm_moratorium_active,prm_moratorium_proposed,cob_energy_community,cob_lowtemp_ind_heat_tbtu,crb_queue_clean_mw,crb_clean_gen_mw
54105,Wirt County,WV,0.49367192639946567,1739,0.5882068040942355,0.20398549982757014,0.5731360800481037,0.8567957894307868,0.7031964268019493,0.522274212839385,0.3823504721605719,0,,0,0,0,0,0,0,0,prm_pct_tribal,prm_moratorium_active,cob_energy_community,cob_lowtemp_ind_heat_tbtu,crb_clean_gen_mw,pwr_substations_230kv_n
29041,Chariton County,MO,0.49363626823299617,1740,0.49639773565546524,0.5243516883924717,0.6414645930844559,0.8240152014252731,0.5207054011147487,0.474078393867075,0.13515127294404322,0,,0,0,0,0,0,0,0,prm_moratorium_active,prm_pop_density_km2,prm_moratorium_proposed,cob_ghgrp_combustion_facilities_n,cob_persistent_poverty,pwr_substations_230kv_n
19195,Worth County,IA,0.49357093080582387,1741,0.3903172664685825,0.5591969159997829,0.47396634845244356,0.8100837139941044,0.6542801172161152,0.6258083702308713,0.19867300996590453,0,,0,0,0,0,0,0,0,haz_karst_exposed_pct,cob_heat_demand,prm_moratorium_active,cob_persistent_poverty,pwr_substations_230kv_n,cob_energy_community
42009,Bedford County,PA,0.4934385412573117,1742,0.5273563864527546,0.2763067571621283,0.4741700039426586,0.83026792440518,0.7083252665503231,0.6787298459030836,0.29822120646242545,0,,0,0,0,0,0,0,0,prm_nonattainment,prm_moratorium_active,cob_energy_community,pwr_substations_230kv_n,cob_persistent_poverty,crb_clean_gen_mw
30009,Carbon County,MT,0.4934218807981949,1743,0.47298357198604496,0.5857469729598069,0.4144723714034278,0.8507841888322929,0.5661294520435709,0.5729816041114432,0.17124413313617934,0,,0,0,0,0,0,0,0,lnd_pct_buildable,prm_moratorium_active,prm_moratorium_proposed,cob_persistent_poverty,crb_queue_clean_mw,cob_energy_community
47183,Weakley County,TN,0.4934217015466668,1744,0.6771589888175329,0.4011950740974541,0.4932595880012466,0.8143483686650067,0.5297494687407053,0.49450739567842855,0.1565132120254064,0,,0,0,0,0,0,0,0,prm_moratorium_active,prm_pct_tribal,prm_moratorium_proposed,lnd_dist_interstate_km,cob_persistent_poverty,cob_energy_community
42061,Huntingdon County,PA,0.4934034146891746,1745,0.6060175626452481,0.29895854456379517,0.4501628894074622,0.8317887689659462,0.7126673704639345,0.4410317659420608,0.31406781919834414,0,,0,0,0,0,0,0,0,prm_pct_tribal,cob_energy_community,prm_moratorium_active,cob_persistent_poverty,cob_ghgrp_combustion_facilities_n,crb_queue_clean_mw
51109,Louisa County,VA,0.49323188766596704,1746,0.6498809424730673,0.41471229689149747,0.5908553167567655,0.8915804417684395,0.6370386341661655,0.6256707047764182,0.07036529955698116,0,,0,0,0,0,0,0,0,prm_pct_tribal,crb_clean_gen_mw,prm_moratorium_active,cob_lowtemp_ind_heat_tbtu,cob_energy_community,cob_persistent_poverty
27095,Mille Lacs County,MN,0.4930478227001305,1747,0.639626238488271,0.396650035316993,0.5062402971942013,0.8053217166043481,0.7711705276457503,0.25745772311871085,0.2319389195207745,0,,0,0,0,0,0,0,0,haz_karst_exposed_pct,cob_heat_demand,prm_moratorium_active,cob_persistent_poverty,cob_energy_community,cob_ghgrp_combustion_facilities_n
47055,Giles County,TN,0.4930271388257068,1748,0.5712556084294648,0.38795758688869547,0.7032893346203325,0.8680928621165653,0.4129009508731579,0.6642748662730918,0.12221528686037392,0,,0,0,0,0,0,0,0,prm_moratorium_active,prm_pct_tribal,prm_moratorium_proposed,crb_queue_clean_mw,crb_clean_gen_mw,cob_persistent_poverty
29186,Ste. Genevieve County,MO,0.4927734770855698,1749,0.7030340407236826,0.3702889108810079,0.6578953366193543,0.8469528194439986,0.4191919467441698,0.697112008949314,0.09015970045498126,0,,0,0,0,0,0,0,0,prm_moratorium_active,prm_moratorium_proposed,prm_nonattainment,cob_ghgrp_combustion_facilities_n,cob_persistent_poverty,cob_energy_community
04027,Yuma County,AZ,0.4927258296666553,1750,0.4875529840918786,0.6530104383728672,0.40795833250893077,0.6320667877873349,0.48537840551752504,0.5734726326615557,0.24204034012656456,0,,0,0,0,0,0,0,0,prm_moratorium_active,cob_unemp_rate,prm_moratorium_proposed,haz_days_gt95f_2050,cob_persistent_poverty,cob_energy_community
20013,Brown County,KS,0.4926835291492498,1751,0.4756513922704456,0.4899667040511739,0.555765075851441,0.7519107151176353,0.6091934217592596,0.4957861063961966,0.1912975765323603,0,,0,0,0,0,0,0,0,haz_karst_exposed_pct,prm_pop_density_km2,prm_moratorium_proposed,crb_clean_gen_mw,crb_queue_clean_mw,pwr_substations_230kv_n
54091,Taylor County,WV,0.49261883509757437,1752,0.6675394453605236,0.19401428613284466,0.49720848863577566,0.831734355886632,0.7100608216844625,0.645608703315153,0.3214478361852776,0,,0,0,0,0,0,0,0,prm_pct_tribal,cob_energy_community,prm_moratorium_active,cob_ghgrp_combustion_facilities_n,cob_persistent_poverty,crb_clean_gen_mw
46065,Hughes County,SD,0.492549617650648,1753,0.5388747348074124,0.5084248837346774,0.6562201762730553,0.8052221144159109,0.612912854345052,0.36467398376576776,0.12890417903372206,0,,0,0,0,0,0,0,0,haz_karst_exposed_pct,wtr_bws_score,prm_moratorium_active,crb_queue_clean_mw,lnd_dist_interstate_km,wtr_wwtp_flow_mgd
40073,Kingfisher County,OK,0.492463936174904,1754,0.7296794326498285,0.663989470331144,0.35440535998761724,0.8064970998015901,0.3968395815875887,0.5655764475048214,0.10225925087012139,0,,0,0,0,0,0,0,0,prm_pop_density_km2,prm_moratorium_active,prm_moratorium_proposed,cob_persistent_poverty,cob_energy_community,cob_ghgrp_combustion_facilities_n
51051,Dickenson County,VA,0.4924623862800293,1755,0.6050721207913121,0.2439161331838226,0.4215141357858781,0.9271840639716682,0.6060862985074403,0.4876107345161553,0.4447819068136572,0,,0,0,0,0,0,0,0,prm_moratorium_proposed,lnd_pct_cropland,cob_persistent_poverty,cob_lowtemp_ind_heat_tbtu,crb_clean_gen_mw,lnd_dist_interstate_km
13213,Murray County,GA,0.49228801342803535,1756,0.6809259661731496,0.4514887730239634,0.45384827569728775,0.9079821955340909,0.5549556399942008,0.5934830738171432,0.09351035017590427,0,,0,0,0,0,0,0,0,prm_moratorium_active,prm_tax_exemption_status,prm_pct_tribal,cob_ghgrp_combustion_facilities_n,cob_persistent_poverty,crb_queue_clean_mw
04011,Greenlee County,AZ,0.4922820849523116,1757,0.6005313238640385,0.5177442358115845,0.2641997841745585,0.83540831033085,0.6058375062061272,0.5376177146490282,0.24852939229002857,0,,0,0,0,0,0,0,0,prm_nonattainment,lnd_pct_buildable,cob_energy_community,cob_lowtemp_ind_heat_tbtu,lnd_dist_interstate_km,crb_wind_cf
48327,Menard County,TX,0.4922789049649646,1758,0.5757067536504332,0.6796976091953211,0.249535322708953,0.9026459178885126,0.40144902389471826,0.4628981339256084,0.28406059584955023,0,,0,0,0,0,0,0,0,prm_contested_total,prm_nonattainment,cob_energy_community,cob_persistent_poverty,pwr_substations_230kv_n,cob_ghgrp_combustion_facilities_n
21223,Trimble County,KY,0.49227243538333687,1759,0.7015679825288331,0.2314783937925436,0.6982917251407177,0.8368320889415761,0.5419098110666662,0.8042515273003875,0.13039205840678209,0,,0,0,0,0,0,0,0,prm_moratorium_active,prm_pct_tribal,prm_nonattainment,cob_lowtemp_ind_heat_tbtu,crb_clean_gen_mw,cob_energy_community
51005,Alleghany County,VA,0.4922608983268948,1760,0.4337998053745635,0.251929820371405,0.6026161483139865,0.931452454343158,0.6716505664260742,0.7013802974785185,0.31674841614025245,0,,0,0,0,0,0,0,0,prm_moratorium_active,prm_moratorium_proposed,cob_energy_community,crb_clean_gen_mw,cob_persistent_poverty,pwr_substations_230kv_n
28015,Carroll County,MS,0.4920401571459944,1761,0.3893093758088361,0.4475848393655134,0.6186931906696991,0.8632563389689066,0.4693844244373704,0.48822760559921335,0.31492522637989667,0,,0,0,0,0,0,0,0,wtr_bws_2050_score,prm_pop_density_km2,prm_moratorium_proposed,cob_lowtemp_ind_heat_tbtu,cob_ghgrp_combustion_facilities_n,cob_persistent_poverty
20077,Harper County,KS,0.491994678453009,1762,0.6583624555304055,0.6599431199106383,0.33068737513955115,0.8360544469241601,0.429033621519401,0.40873213259160696,0.17276702174141484,0,,0,0,0,0,0,0,0,prm_moratorium_active,prm_nonattainment,prm_moratorium_proposed,cob_persistent_poverty,cob_energy_community,lnd_dist_interstate_km
13315,Wilcox County,GA,0.4918928796016979,1763,0.5530259224747417,0.467784491138796,0.36450269665915896,0.9000543057141264,0.4904859186037199,0.45230806989281375,0.2874535923584194,0,,0,0,0,0,0,0,0,prm_nonattainment,prm_tax_exemption_status,prm_moratorium_active,cob_lowtemp_ind_heat_tbtu,cob_energy_community,cob_ghgrp_combustion_facilities_n
06091,Sierra County,CA,0.49189263500364827,1764,0.3594823820103503,0.6193834847692149,0.4317571200261415,0.8207231988861633,0.528456423651596,0.5002819433544288,0.3344312116570738,0,,0,0,0,0,0,0,0,prm_moratorium_proposed,prm_pop_density_km2,prm_moratorium_active,pwr_ind_price_cents_kwh,cob_persistent_poverty,prm_price_growth_pct
01001,Autauga County,AL,0.4918306166758209,1765,0.6511804765773953,0.3888439452910503,0.4791620139629688,0.8410096919379062,0.5524758639311904,0.7698111294944273,0.10710121644041548,0,,0,0,0,0,0,0,0,prm_nonattainment,prm_moratorium_active,prm_moratorium_proposed,cob_persistent_poverty,cob_energy_community,pwr_dist_retired_plant_km
37111,McDowell County,NC,0.491808520512025,1766,0.5995170910479661,0.41375180340911566,0.500273863204285,0.8892026903975294,0.5617022655774107,0.6422655396005089,0.1167163093124105,0,,0,0,0,0,0,0,0,prm_moratorium_active,prm_moratorium_proposed,prm_contested_total,cob_persistent_poverty,cob_ghgrp_combustion_facilities_n,cob_energy_community
48051,Burleson County,TX,0.4916680447415769,1767,0.5188125351369363,0.5429385456796375,0.6688299324673522,0.869284066880301,0.4564584076067993,0.6011430131311003,0.08630788102073456,0,,0,0,0,0,0,0,0,wtr_bws_2050_score,haz_karst_exposed_pct,lnd_pct_buildable,cob_persistent_poverty,pwr_substations_230kv_n,cob_energy_community
37169,Stokes County,NC,0.4915688264579513,1768,0.5717012309765199,0.5316126212665522,0.47013202761708933,0.8890268743893298,0.6671438640872108,0.5787380046818694,0.0842550918732555,0,,0,0,0,0,0,0,0,prm_pct_tribal,prm_moratorium_active,prm_moratorium_proposed,cob_persistent_poverty,cob_ghgrp_combustion_facilities_n,cob_energy_community
29071,Franklin County,MO,0.4914216768666301,1769,0.6898689283020853,0.36727024276382003,0.7538462089959774,0.6999510334892473,0.46148905233162757,0.7242328448017287,0.08804750056872529,0,,0,0,0,0,0,0,0,prm_moratorium_proposed,wtr_bws_score,wtr_bws_2050_score,cob_persistent_poverty,cob_energy_community,cob_ghgrp_combustion_facilities_n
51071,Giles County,VA,0.4914210809498159,1770,0.6077116757350629,0.26169187775945074,0.48944482794579214,0.8200231940139953,0.6687267576345932,0.6425042571490343,0.2511661932200405,0,,0,0,0,0,0,0,0,prm_moratorium_proposed,prm_tax_exemption_status,prm_moratorium_active,prm_nonattainment,crb_clean_gen_mw,pwr_substations_230kv_n
22113,Vermilion Parish,LA,0.4913926542879754,1771,0.6282635410435295,0.40250277020163006,0.6410907309626668,0.834654095040082,0.4612110235880987,0.4939080117397539,0.13170605791239004,0,,0,0,0,0,0,0,0,prm_moratorium_active,haz_karst_exposed_pct,prm_moratorium_proposed,cob_ghgrp_combustion_facilities_n,pwr_substations_230kv_n,cob_persistent_poverty
39041,Delaware County,OH,0.4913554183780405,1772,0.7745000936482158,0.2396041041627707,0.5601043356962236,0.735559891241181,0.7680167425644605,0.7036176439657313,0.13182043056818046,0,,0,0,0,0,0,0,0,prm_nonattainment,prm_moratorium_active,prm_moratorium_proposed,cob_ghgrp_combustion_facilities_n,cob_persistent_poverty,cob_energy_community
29089,Howard County,MO,0.49121019281594136,1773,0.5069747514265405,0.3914209871879395,0.6701692630337004,0.848113607155701,0.5442118774765532,0.5944782758033608,0.14225992274729138,0,,0,0,0,0,0,0,0,prm_moratorium_active,prm_moratorium_proposed,prm_contested_total,cob_ghgrp_combustion_facilities_n,cob_persistent_poverty,pwr_substations_230kv_n
06055,Napa County,CA,0.4911879317728476,1774,0.502018729572899,0.6484884641104608,0.5623677201584434,0.6709381832295415,0.4938013735572182,0.5684796755417216,0.12478070080582399,0,,0,0,0,0,0,0,0,prm_contested_total,prm_moratorium_active,prm_moratorium_proposed,pwr_ind_price_cents_kwh,cob_persistent_poverty,cob_energy_community
47155,Sevier County,TN,0.49111533006753977,1775,0.537657419971758,0.4129644084615527,0.6672626073137646,0.8520939779451256,0.6429708490945533,0.6162185870018506,0.09246497700151597,0,,0,0,0,0,0,0,0,prm_moratorium_active,prm_moratorium_proposed,prm_contested_total,cob_persistent_poverty,cob_ghgrp_combustion_facilities_n,crb_queue_clean_mw
19021,Buena Vista County,IA,0.49103996607336947,1776,0.47319627619017196,0.41912499252340873,0.6554078307927107,0.8039565374448353,0.7544922871625237,0.32671628345985676,0.21449502550238836,0,,0,0,0,0,0,0,0,prm_moratorium_active,haz_karst_exposed_pct,prm_pct_tribal,cob_persistent_poverty,pwr_substations_230kv_n,lnd_pct_cropland
27167,Wilkin County,MN,0.49101004579758817,1777,0.6239124983923751,0.3964385254137835,0.53985897359829,0.7756040845026162,0.6091491452742546,0.37415394269544827,0.19690672587241803,0,,0,0,0,0,0,0,0,prm_pct_tribal,prm_pop_density_km2,prm_moratorium_active,cob_lowtemp_ind_heat_tbtu,lnd_dist_cement_km,crb_queue_clean_mw
37041,Chowan County,NC,0.4909849496230323,1778,0.5544953369807989,0.5335743095916425,0.49664110021251495,0.8388786623627182,0.5689548176483936,0.40242449358167115,0.1498927707728575,0,,0,0,0,0,0,0,0,prm_moratorium_active,prm_tax_exemption_status,prm_pct_tribal,cob_ghgrp_combustion_facilities_n,cob_persistent_poverty,lnd_dist_interstate_km
53013,Columbia County,WA,0.4909677970120158,1779,0.585711760980608,0.7672178236532786,0.46358066819774013,0.825047017513171,0.600122822049387,0.3735786964946078,0.08021276654219521,0,,0,0,0,0,0,0,0,haz_karst_exposed_pct,prm_moratorium_active,prm_moratorium_proposed,cob_ghgrp_combustion_facilities_n,lnd_dist_interstate_km,cob_persistent_poverty
27073,Lac qui Parle County,MN,0.4909539241577973,1780,0.5360974812204551,0.4718719163148357,0.6504550780065006,0.7822654917744487,0.702594126021475,0.23077080308799366,0.21059353592495408,0,,0,0,0,0,0,0,0,prm_pct_tribal,haz_karst_exposed_pct,prm_moratorium_active,cob_persistent_poverty,cob_energy_community,pwr_dist_retired_plant_km
29025,Caldwell County,MO,0.4908862774823775,1781,0.463370171442198,0.4356451720839149,0.571082522755754,0.8493047892708007,0.5857236878954581,0.69833860145296,0.14253628172641278,0,,0,0,0,0,0,0,0,prm_pop_density_km2,prm_nonattainment,prm_moratorium_active,cob_ghgrp_combustion_facilities_n,pwr_substations_230kv_n,cob_persistent_poverty
29105,Laclede County,MO,0.49071257639467053,1782,0.5993674053365459,0.3955384201318076,0.4685897319568178,0.8743095226714724,0.4380638859069873,0.7202191656505156,0.16022058541539072,0,,0,0,0,0,0,0,0,prm_nonattainment,prm_pct_tribal,prm_moratorium_active,cob_ghgrp_combustion_facilities_n,cob_persistent_poverty,cob_energy_community
27173,Yellow Medicine County,MN,0.4907121866292286,1783,0.5549181854668245,0.5046112199415806,0.6447568393633534,0.7749629765257414,0.7135214799840575,0.2270884048509109,0.17702105502138568,0,,0,0,0,0,0,0,0,haz_karst_exposed_pct,prm_pop_density_km2,cob_heat_demand,cob_ghgrp_combustion_facilities_n,cob_persistent_poverty,cob_energy_community
50013,Grand Isle County,VT,0.4906869307074934,1784,0.3673002573504149,0.4694223905856817,0.775108718868889,0.8656796597432094,0.7102882059562826,0.46759505605015583,0.15660264315912675,0,,0,0,0,0,0,0,0,prm_pct_tribal,wtr_bws_2050_score,wtr_bws_score,cob_persistent_poverty,cob_energy_community,pwr_substations_230kv_n
30059,Meagher County,MT,0.49060822843954854,1785,0.49724472877932696,0.631417704587597,0.3718227631485858,0.8523758588710763,0.6502865370644682,0.48606899395335185,0.15242996582683016,0,,0,0,0,0,0,0,0,prm_pop_density_km2,prm_moratorium_active,prm_moratorium_proposed,cob_lowtemp_ind_heat_tbtu,cob_persistent_poverty,cob_energy_community
27005,Becker County,MN,0.49060266575210404,1786,0.6496233993889068,0.39924677929051017,0.5191970125621513,0.7843254093457748,0.7652803593238121,0.28124909215285965,0.19478451370642613,0,,0,0,0,0,0,0,0,prm_nonattainment,haz_karst_exposed_pct,prm_moratorium_active,lnd_dist_cement_km,cob_persistent_poverty,lnd_dist_eaf_steel_km
32021,Mineral County,NV,0.4905897125643113,1787,0.5133845802159044,0.5653921886493827,0.24782773428293262,0.8024664760238103,0.5353795462800064,0.4994446018347831,0.4120654595800883,0,,0,0,0,0,0,0,0,prm_pop_density_km2,prm_nonattainment,prm_moratorium_active,cob_lowtemp_ind_heat_tbtu,lnd_dist_eaf_steel_km,cob_ghgrp_combustion_facilities_n
27161,Waseca County,MN,0.490515255221219,1788,0.45325324489240615,0.45238255848500525,0.505912573113293,0.7653188318665534,0.7652777355742603,0.47195201270924847,0.22032860959302414,0,,0,0,0,0,0,0,0,prm_nonattainment,prm_pct_tribal,cob_heat_demand,cob_persistent_poverty,cob_energy_community,pwr_substations_230kv_n
55045,Green County,WI,0.49039731248290735,1789,0.5193416194908232,0.47372617218083474,0.38283912585911384,0.7870405300485723,0.6816418293003383,0.5735722311197676,0.2017763120133172,0,,0,0,0,0,0,0,0,prm_moratorium_proposed,prm_moratorium_active,prm_pct_tribal,cob_persistent_poverty,cob_energy_community,pwr_substations_230kv_n
31051,Dixon County,NE,0.49036917731111795,1790,0.5259159180636713,0.5074030454639276,0.5537811306115825,0.8242656919888812,0.5851533996631166,0.5315683017701546,0.11685393692506922,0,,0,0,0,0,0,0,0,prm_contested_total,haz_karst_exposed_pct,prm_moratorium_active,cob_persistent_poverty,cob_energy_community,cob_ghgrp_combustion_facilities_n
08011,Bent County,CO,0.4902800962779785,1791,0.36229868468647014,0.5440968156271493,0.3565136636705824,0.8700540961029549,0.4895936710320064,0.5915769383106624,0.44771118700172186,0,,0,0,0,0,0,0,0,prm_moratorium_proposed,prm_pct_tribal,lnd_pct_buildable,cob_persistent_poverty,pwr_dist_hv345_line_km,lnd_dist_interstate_km
19167,Sioux County,IA,0.4901771174334012,1792,0.5680489685523505,0.41578952925798324,0.5914622810002085,0.7989292009386055,0.6992960821998231,0.3805002446372044,0.15604152407955643,0,,0,0,0,0,0,0,0,prm_contested_total,haz_karst_exposed_pct,prm_moratorium_active,lnd_pct_cropland,lnd_dist_interstate_km,cob_energy_community
01107,Pickens County,AL,0.49017034102781043,1793,0.4799548851824696,0.38697354310659515,0.499152329137386,0.8679439762323168,0.4376424933663863,0.5806052092979391,0.30684247882535043,0,,0,0,0,0,0,0,0,prm_moratorium_active,prm_pop_density_km2,prm_moratorium_proposed,crb_clean_gen_mw,crb_queue_clean_mw,pwr_substations_230kv_n
29161,Phelps County,MO,0.49009390204550296,1794,0.5599128116268808,0.38300669095495443,0.5601822803029834,0.8678513699800817,0.5158760405930758,0.6606557045923235,0.13946782245472233,0,,0,0,0,0,0,0,0,prm_pct_tribal,prm_moratorium_active,prm_moratorium_proposed,cob_persistent_poverty,cob_energy_community,pwr_substations_230kv_n
30067,Park County,MT,0.49002130985274617,1795,0.40452655760154893,0.506049162600519,0.44096407162397044,0.8524567335924873,0.6496340825213662,0.6876554796320334,0.19349344957617348,0,,0,0,0,0,0,0,0,prm_pct_tribal,lnd_pct_buildable,prm_moratorium_active,cob_persistent_poverty,cob_ghgrp_combustion_facilities_n,crb_queue_clean_mw
39079,Jackson County,OH,0.49000501804958335,1796,0.568072919984347,0.28078372104001825,0.48491309009749434,0.8214450885998561,0.6364380102512077,0.4637540157064839,0.3671464715187641,0,,0,0,0,0,0,0,0,prm_moratorium_active,prm_pct_tribal,cob_energy_community,cob_ghgrp_combustion_facilities_n,cob_persistent_poverty,pwr_substations_230kv_n
56013,Fremont County,WY,0.49000445741524123,1797,0.5053516356941594,0.5522737335744113,0.3246527232855552,0.8247213329814529,0.6285582155078495,0.3311772344872587,0.3615937543376332,0,,0,0,0,0,0,0,0,prm_moratorium_active,prm_pop_density_km2,cob_heat_demand,lnd_dist_interstate_km,lnd_dist_cement_km,cob_persistent_poverty
13057,Cherokee County,GA,0.4900040702703386,1798,0.7279213417720859,0.46003909181967206,0.3979342029363293,0.8756253718977124,0.5984578373873044,0.7053198398903993,0.07477673258930467,0,,0,0,0,0,0,0,0,prm_tax_exemption_status,prm_pct_tribal,prm_moratorium_proposed,cob_ghgrp_combustion_facilities_n,cob_persistent_poverty,cob_energy_community
13191,McIntosh County,GA,0.4899533605408211,1799,0.6279575843413723,0.4106895295512851,0.5521766739417121,0.938897492058501,0.43558625874194956,0.5010138005268785,0.13514748794758122,0,,0,0,0,0,0,0,0,haz_karst_exposed_pct,prm_tax_exemption_status,prm_moratorium_active,cob_ghgrp_combustion_facilities_n,cob_persistent_poverty,pwr_substations_230kv_n
13157,Jackson County,GA,0.4898502038950875,1800,0.6913890683366188,0.446607181088158,0.475474182220715,0.895777761570049,0.589628691911019,0.7472830896781798,0.06241982705520631,0,,0,0,0,0,0,0,0,prm_moratorium_active,haz_karst_exposed_pct,prm_tax_exemption_status,cob_ghgrp_combustion_facilities_n,cob_persistent_poverty,cob_energy_community
27101,Murray County,MN,0.4898162233443754,1801,0.46352999988486526,0.5749674291758169,0.5411068007460801,0.7759792137770892,0.7071924201160635,0.3201020320197337,0.1897041815062598,0,,0,0,0,0,0,0,0,prm_contested_total,prm_pop_density_km2,cob_heat_demand,cob_persistent_poverty,cob_ghgrp_combustion_facilities_n,cob_energy_community
13091,Dodge County,GA,0.4897793354560294,1802,0.6328082306935279,0.4754415085116671,0.40979240195853617,0.9074718714405554,0.5426963158337335,0.4823158499846279,0.13961983617583934,0,,0,0,0,0,0,0,0,prm_nonattainment,prm_contested_total,prm_tax_exemption_status,cob_lowtemp_ind_heat_tbtu,cob_persistent_poverty,cob_energy_community
22037,East Feliciana Parish,LA,0.48971464781597934,1803,0.7262031435673743,0.45266166101244154,0.48049838054371136,0.870687026791328,0.4816248493534771,0.4613923415250101,0.11107085533280814,0,,0,0,0,0,0,0,0,prm_nonattainment,haz_karst_exposed_pct,prm_moratorium_active,crb_clean_gen_mw,cob_ghgrp_combustion_facilities_n,cob_persistent_poverty
28017,Chickasaw County,MS,0.48964775038636477,1804,0.3956518862399902,0.47253075359180025,0.5670504481943077,0.8453697870710762,0.4457829877083113,0.4636996310899761,0.3423036205874889,0,,0,0,0,0,0,0,0,prm_moratorium_active,cob_persistent_poverty,prm_pct_tribal,cob_energy_community,pwr_substations_230kv_n,lnd_dist_interstate_km
27121,Pope County,MN,0.48963721622131584,1805,0.570823352995209,0.4502348279929997,0.6089308867178397,0.8075730054600381,0.747791801625216,0.2373699761296378,0.18681805803617627,0,,0,0,0,0,0,0,0,prm_pct_tribal,cob_heat_demand,prm_moratorium_active,cob_ghgrp_combustion_facilities_n,cob_persistent_poverty,cob_energy_community
21221,Trigg County,KY,0.48958806220056106,1806,0.4404315933478751,0.39431106915072933,0.6973720682641529,0.8537514878334802,0.49320663522999497,0.5913665225386698,0.19150748461789774,0,,0,0,0,0,0,0,0,prm_moratorium_active,prm_pct_tribal,prm_moratorium_proposed,cob_lowtemp_ind_heat_tbtu,pwr_substations_230kv_n,cob_persistent_poverty
16049,Idaho County,ID,0.4894446425166147,1807,0.3658651859848411,0.49722617104817746,0.657135354164297,0.8635631896871007,0.618973086522569,0.340524095637646,0.2813126049383487,0,,0,0,0,0,0,0,0,prm_pop_density_km2,prm_nonattainment,prm_moratorium_active,lnd_dist_eaf_steel_km,lnd_dist_interstate_km,crb_queue_clean_mw
37059,Davie County,NC,0.4894053610112436,1808,0.641176128830544,0.47378746598874805,0.4538823318418773,0.8503598425034232,0.6592782225620389,0.6951298151466867,0.07316998503977917,0,,0,0,0,0,0,0,0,prm_nonattainment,prm_moratorium_active,prm_moratorium_proposed,crb_queue_clean_mw,pwr_substations_230kv_n,cob_energy_community
55078,Menominee County,WI,0.4893712491360713,1809,0.5194749655205714,0.36467556782383914,0.3656885421276262,0.7739035142413543,0.8401453500783524,0.36244083274686806,0.4460890151515151,0,,0,0,0,0,0,0,0,prm_contested_total,cob_heat_demand,cob_persistent_poverty,cob_lowtemp_ind_heat_tbtu,lnd_dist_interstate_km,crb_queue_clean_mw
13071,Colquitt County,GA,0.4893267281226816,1810,0.6862233199945924,0.5071506976601138,0.4019784914699673,0.8628737093793711,0.4324277512327945,0.48534140564332534,0.1426700181426804,0,,0,0,0,0,0,0,0,prm_contested_total,prm_moratorium_active,prm_tax_exemption_status,cob_persistent_poverty,cob_energy_community,cob_ghgrp_combustion_facilities_n
54075,Pocahontas County,WV,0.48929373720286184,1811,0.4381666264482239,0.2770446887398773,0.6201690049933781,0.8567546765001967,0.7255779138931427,0.49335637546714667,0.3512414947008547,0,,0,0,0,0,0,0,0,prm_moratorium_active,prm_moratorium_proposed,cob_energy_community,cob_lowtemp_ind_heat_tbtu,lnd_dist_interstate_km,crb_clean_gen_mw
31003,Antelope County,NE,0.4892105720628,1812,0.6636613928395952,0.5916455019120577,0.3046157818438816,0.8318282599158712,0.5520763818772761,0.4915753137353695,0.14377943033522306,0,,0,0,0,0,0,0,0,prm_pop_density_km2,haz_karst_exposed_pct,prm_moratorium_active,cob_persistent_poverty,cob_energy_community,lnd_dist_interstate_km
06005,Amador County,CA,0.489196068629835,1813,0.3677763237316988,0.627965017984813,0.5501256940869883,0.6961783566338706,0.5004685015406382,0.5090897129349066,0.2712168958301197,0,,0,0,0,0,0,0,0,prm_moratorium_proposed,cob_energy_community,prm_moratorium_active,pwr_ind_price_cents_kwh,cob_persistent_poverty,prm_price_growth_pct
28123,Scott County,MS,0.48916871338367657,1814,0.4021032906408473,0.4829542872455791,0.4966436728223334,0.8612234905884241,0.4263278924187723,0.4987757229061132,0.3627629142237173,0,,0,0,0,0,0,0,0,prm_moratorium_proposed,cob_persistent_poverty,prm_moratorium_active,pwr_substations_230kv_n,cob_energy_community,pwr_dist_hv230_line_km
29227,Worth County,MO,0.48903140891972674,1815,0.41179299837141203,0.4550936785428088,0.5701737070229351,0.8583670053572382,0.6478700861164721,0.6044114880209154,0.16949287220990594,0,,0,0,0,0,0,0,0,prm_pop_density_km2,haz_karst_exposed_pct,prm_moratorium_active,cob_lowtemp_ind_heat_tbtu,cob_ghgrp_combustion_facilities_n,cob_persistent_poverty
38081,Sargent County,ND,0.48901869692740546,1816,0.5787679341269117,0.4660462114336085,0.543207287564159,0.8215157878429299,0.7340031992305456,0.293399189756798,0.16034061388950727,0,,0,0,0,0,0,0,0,prm_price_growth_pct,haz_karst_exposed_pct,prm_moratorium_active,cob_lowtemp_ind_heat_tbtu,cob_persistent_poverty,cob_energy_community
51185,Tazewell County,VA,0.488967732828638,1817,0.4755993364904428,0.27432244834057123,0.579314147029496,0.9155077266929488,0.6010519106204995,0.5984439900560333,0.29593827558184316,0,,0,0,0,0,0,0,0,prm_pct_tribal,prm_tax_exemption_status,prm_moratorium_active,cob_lowtemp_ind_heat_tbtu,cob_ghgrp_combustion_facilities_n,pwr_substations_230kv_n
30001,Beaverhead County,MT,0.48895277048739116,1818,0.4571395973898101,0.5677220102913225,0.39047644239993795,0.8540419898135891,0.5835375480357784,0.6118344803493518,0.17611789945266007,0,,0,0,0,0,0,0,0,prm_pop_density_km2,lnd_pct_buildable,prm_moratorium_active,lnd_dist_ixp_km,cob_persistent_poverty,cob_energy_community
30079,Prairie County,MT,0.48889916800889976,1819,0.41351517213951033,0.40766520954086766,0.5492133358136042,0.8482315167591002,0.6998407006327061,0.49817275447573417,0.24694647887971105,0,,0,0,0,0,0,0,0,haz_karst_exposed_pct,lnd_pct_buildable,cob_heat_demand,crb_queue_clean_mw,lnd_dist_eaf_steel_km,lnd_dist_cement_km
19137,Montgomery County,IA,0.48881473223928434,1820,0.5963639349589623,0.4233784428609934,0.5711263635804585,0.8203841974778976,0.5717116227265758,0.39730313048199584,0.1565967928451624,0,,0,0,0,0,0,0,0,prm_moratorium_proposed,haz_karst_exposed_pct,prm_pop_density_km2,cob_persistent_poverty,lnd_dist_interstate_km,cob_energy_community
13223,Paulding County,GA,0.48877218478776685,1821,0.7748394573989579,0.46507122205734114,0.39345124903492096,0.8788005684973915,0.5969134292904681,0.6558552064094413,0.06797868833622622,0,,0,0,0,0,0,0,0,prm_moratorium_active,prm_tax_exemption_status,prm_pct_tribal,cob_ghgrp_combustion_facilities_n,cob_persistent_poverty,cob_energy_community
13017,Ben Hill County,GA,0.48872148379088454,1822,0.569474503568011,0.40966056882263774,0.44633645549887496,0.8875872967024965,0.4166816582702121,0.4043894192005448,0.3182680629390146,0,,0,0,0,0,0,0,0,prm_moratorium_active,cob_persistent_poverty,prm_tax_exemption_status,crb_queue_clean_mw,cob_ghgrp_combustion_facilities_n,cob_energy_community
46099,Minnehaha County,SD,0.4886921313194986,1823,0.6114443452784198,0.42925302741264054,0.4237500173506053,0.7697433898184242,0.5844061041096964,0.5051640132067848,0.19105282170841034,0,,0,0,0,0,0,0,0,prm_contested_total,prm_moratorium_active,prm_moratorium_proposed,crb_clean_gen_mw,cob_persistent_poverty,cob_energy_community
29073,Gasconade County,MO,0.48866204861538576,1824,0.6123964809063673,0.43242802249753665,0.5530877929156409,0.8777276222853422,0.5044929407648435,0.544439516907867,0.11115623226246976,0,,0,0,0,0,0,0,0,prm_moratorium_active,prm_moratorium_proposed,prm_contested_total,cob_persistent_poverty,cob_energy_community,cob_ghgrp_combustion_facilities_n
28157,Wilkinson County,MS,0.488442969977347,1825,0.41466475133616126,0.39109435023865724,0.5947888481259295,0.8726269406107448,0.43452892257145603,0.345747983803808,0.5170501850952067,0,,0,0,0,0,0,0,0,prm_moratorium_active,prm_pop_density_km2,prm_moratorium_proposed,cob_lowtemp_ind_heat_tbtu,wtr_wwtp_flow_mgd,lnd_dist_interstate_km
47031,Coffee County,TN,0.4884051925192692,1826,0.5790707302431122,0.3828286783820195,0.5373610518610624,0.8358400025863686,0.5487870922410761,0.7505176529603577,0.11669072383301782,0,,0,0,0,0,0,0,0,prm_moratorium_active,prm_moratorium_proposed,prm_contested_total,cob_ghgrp_combustion_facilities_n,cob_persistent_poverty,cob_energy_community
48099,Coryell County,TX,0.48840132145222664,1827,0.5331145364454154,0.6530977101782505,0.5100999177125768,0.8734817217366025,0.37552944097756413,0.6772585850652022,0.08770822804551011,0,,0,0,0,0,0,0,0,prm_moratorium_active,prm_moratorium_proposed,prm_contested_total,cob_persistent_poverty,cob_energy_community,pwr_substations_230kv_n
20095,Kingman County,KS,0.48838147549396077,1828,0.707270020378466,0.5764510911565695,0.39266919216414997,0.8488435610240429,0.47537159619427544,0.4134715630697255,0.11786130158278338,0,,0,0,0,0,0,0,0,prm_moratorium_active,prm_pop_density_km2,prm_pct_tribal,cob_lowtemp_ind_heat_tbtu,cob_persistent_poverty,cob_energy_community
18013,Brown County,IN,0.48832812665711056,1829,0.6317543906952597,0.4250634380212694,0.4285841370021853,0.8726003254282714,0.6277521085552179,0.6071019343180711,0.11333589016234971,0,,0,0,0,0,0,0,0,haz_karst_exposed_pct,prm_pct_tribal,prm_moratorium_active,cob_ghgrp_combustion_facilities_n,cob_persistent_poverty,cob_energy_community
48417,Shackelford County,TX,0.48828906745134637,1830,0.7446898485721682,0.7236619786155558,0.32827513864201074,0.89633009215502,0.3549036168662846,0.5316722904582304,0.08758833815657747,0,,0,0,0,0,0,0,0,prm_pop_density_km2,prm_county_can_zone,prm_moratorium_active,cob_lowtemp_ind_heat_tbtu,cob_persistent_poverty,cob_energy_community
51153,Prince William County,VA,0.4882889378510751,1831,0.780264418728188,0.3860207542563749,0.5428099575102582,0.6445714362933506,0.6906223619545854,0.6670277766066586,0.07738822055263964,0,,0,0,0,0,0,0,0,prm_tax_exemption_status,prm_moratorium_active,pwr_substations_230kv_n,cob_ghgrp_combustion_facilities_n,cob_persistent_poverty,cob_energy_community
21087,Green County,KY,0.4882859577423367,1832,0.4560319695466183,0.28367132510926835,0.5310328998987559,0.8594000701961009,0.5549198625403129,0.7077688920183839,0.3457705212610017,0,,0,0,0,0,0,0,0,prm_moratorium_proposed,cob_energy_community,prm_moratorium_active,cob_persistent_poverty,cob_ghgrp_combustion_facilities_n,crb_clean_gen_mw
13075,Cook County,GA,0.48824901884709104,1833,0.6203992031734232,0.4119724301288902,0.38792051842281666,0.8653442933603518,0.41373937907964875,0.4869913304007987,0.2770950648827128,0,,0,0,0,0,0,0,0,prm_nonattainment,cob_persistent_poverty,prm_moratorium_active,cob_energy_community,cob_ghgrp_combustion_facilities_n,crb_queue_clean_mw
22041,Franklin Parish,LA,0.4882097008518192,1834,0.4805219691540671,0.4659753949079831,0.47242605162662715,0.8006301695569364,0.3672006816405876,0.3505331473363727,0.5092842816340503,0,,0,0,0,0,0,0,0,prm_moratorium_proposed,prm_pct_tribal,haz_karst_exposed_pct,crb_clean_gen_mw,pwr_substations_230kv_n,lnd_dist_cement_km
55053,Jackson County,WI,0.488197581214013,1835,0.44276459186782013,0.43924558986373113,0.5691362106571363,0.8565279650246885,0.7000172146332447,0.40911895544323024,0.20826082498214663,0,,0,0,0,0,0,0,0,haz_karst_exposed_pct,prm_moratorium_active,prm_moratorium_proposed,cob_persistent_poverty,cob_energy_community,pwr_substations_230kv_n
21077,Gallatin County,KY,0.488130376013603,1836,0.7223482498493621,0.21405225297453465,0.660900400058624,0.8519012925419149,0.5821891173020999,0.755985874273542,0.13546104483604463,0,,0,0,0,0,0,0,0,prm_moratorium_proposed,prm_moratorium_active,prm_pct_tribal,cob_lowtemp_ind_heat_tbtu,cob_persistent_poverty,cob_energy_community
13253,Seminole County,GA,0.48812065370414587,1837,0.6208986154972637,0.4150134175036623,0.5200004162671699,0.8589874726787267,0.31842663971385743,0.40287213680340317,0.2785813668136339,0,,0,0,0,0,0,0,0,prm_pct_tribal,prm_nonattainment,cob_persistent_poverty,cob_energy_community,cob_ghgrp_combustion_facilities_n,pwr_substations_230kv_n
41015,Curry County,OR,0.4880538095312031,1838,0.3920385418257019,0.6626648205615164,0.703394113223694,0.8565016289215414,0.5383168733361124,0.3960197573211119,0.12658420228249198,0,,0,0,0,0,0,0,0,prm_moratorium_active,prm_moratorium_proposed,prm_contested_total,cob_ghgrp_combustion_facilities_n,lnd_dist_interstate_km,haz_alr_earthquake
21017,Bourbon County,KY,0.48801030858952166,1839,0.6252504716896082,0.23658221228541243,0.7434996749225178,0.8542692094848297,0.5557789797919175,0.7704409108395555,0.13299906300716643,0,,0,0,0,0,0,0,0,prm_contested_total,lnd_pct_buildable,prm_moratorium_active,cob_persistent_poverty,cob_energy_community,pwr_substations_230kv_n
01079,Lawrence County,AL,0.48794775050619643,1840,0.6183119850750621,0.4591559935392042,0.6232305963150511,0.8378795082981814,0.47330149918482506,0.5966732447875815,0.08393206890327812,0,,0,0,0,0,0,0,0,prm_moratorium_active,prm_moratorium_proposed,prm_contested_total,cob_ghgrp_combustion_facilities_n,cob_persistent_poverty,pwr_substations_230kv_n
47089,Jefferson County,TN,0.4879373620613126,1841,0.6008263898298628,0.3644464598855996,0.5936075933554571,0.8460976392645727,0.6100573606960144,0.7577527520199964,0.08773525137303287,0,,0,0,0,0,0,0,0,prm_moratorium_active,prm_moratorium_proposed,prm_contested_total,crb_queue_clean_mw,cob_persistent_poverty,cob_energy_community
13143,Haralson County,GA,0.4878076163856302,1842,0.6773731380578552,0.39520532357423316,0.4011312237931822,0.9114102052315137,0.5848924319329031,0.6595627610617052,0.11208578985847406,0,,0,0,0,0,0,0,0,prm_tax_exemption_status,prm_pct_tribal,prm_moratorium_proposed,cob_ghgrp_combustion_facilities_n,cob_persistent_poverty,cob_energy_community
48209,Hays County,TX,0.48776014035277776,1843,0.6436121150572944,0.6118353517036913,0.44258194247649885,0.774981925941885,0.33340676272980796,0.8788686613814244,0.08266493074343252,0,,0,0,0,0,0,0,0,prm_pct_tribal,prm_moratorium_proposed,prm_nonattainment,cob_persistent_poverty,cob_energy_community,cob_ghgrp_combustion_facilities_n
51740,Portsmouth city,VA,0.48757990907616505,1844,0.6612262277203622,0.27177285787829486,0.6083780587516854,0.8422222618935604,0.552106258235938,0.6655746481878556,0.14604849500118883,0,,0,0,0,0,0,0,0,prm_tax_exemption_status,haz_karst_exposed_pct,prm_moratorium_proposed,crb_clean_gen_mw,cob_ghgrp_combustion_facilities_n,cob_persistent_poverty
21045,Casey County,KY,0.4875088560957474,1845,0.5322758311411285,0.22310404285755459,0.5531129565923746,0.8693028526372456,0.5728702109498243,0.4839361011995182,0.48886527983928724,0,,0,0,0,0,0,0,0,prm_moratorium_active,cob_persistent_poverty,cob_energy_community,lnd_dist_interstate_km,cob_ghgrp_combustion_facilities_n,crb_queue_clean_mw
39115,Morgan County,OH,0.48749517930064346,1846,0.6682747775010339,0.20951706572539575,0.49173486265290656,0.8392507687519167,0.6527014861665432,0.5194905345999123,0.34109928823274094,0,,0,0,0,0,0,0,0,haz_karst_exposed_pct,prm_pct_tribal,cob_energy_community,cob_lowtemp_ind_heat_tbtu,cob_ghgrp_combustion_facilities_n,cob_persistent_poverty
04025,Yavapai County,AZ,0.4874765199460542,1847,0.5382415871846161,0.5900759416067831,0.383173403846234,0.7697253397340247,0.5550982019226505,0.7155044993138344,0.12027460358650473,0,,0,0,0,0,0,0,0,prm_moratorium_proposed,prm_moratorium_active,prm_nonattainment,cob_persistent_poverty,cob_energy_community,cob_ghgrp_combustion_facilities_n
54017,Doddridge County,WV,0.4874132011483174,1848,0.6016089577889471,0.19887158697583784,0.6344672501319357,0.8567975424634113,0.6521457170982355,0.4768097265707896,0.3399614019847881,0,,0,0,0,0,0,0,0,prm_nonattainment,prm_moratorium_active,prm_moratorium_proposed,cob_lowtemp_ind_heat_tbtu,cob_ghgrp_combustion_facilities_n,crb_clean_gen_mw
55037,Florence County,WI,0.48731560721636874,1849,0.5051081492000594,0.41465301974919166,0.6189179622380987,0.8785678080755366,0.8604929124296457,0.25038585874356967,0.19158223201174743,0,,0,0,0,0,0,0,0,prm_nonattainment,cob_heat_demand,prm_moratorium_active,cob_lowtemp_ind_heat_tbtu,lnd_dist_ixp_km,lnd_dist_interstate_km
28023,Clarke County,MS,0.48716630666414334,1850,0.49164904689322536,0.41222817400789824,0.46810495460981844,0.8723897320987409,0.39624173473206364,0.617172318326496,0.2772910549422388,0,,0,0,0,0,0,0,0,prm_contested_total,cob_persistent_poverty,prm_moratorium_active,crb_queue_clean_mw,cob_ghgrp_combustion_facilities_n,cob_energy_community
27151,Swift County,MN,0.4871121502288965,1851,0.5483873363467223,0.47066938015937715,0.6604060433102792,0.7803210906925839,0.73128300366598,0.17214807154324352,0.23512260597608242,0,,0,0,0,0,0,0,0,prm_moratorium_proposed,cob_heat_demand,prm_pop_density_km2,cob_persistent_poverty,cob_energy_community,lnd_dist_interstate_km
37189,Watauga County,NC,0.4870985077621618,1852,0.45579682389955156,0.43275068230462727,0.6095790282779758,0.8786491251065222,0.6656292868907759,0.37623989416184617,0.1948397930343387,0,,0,0,0,0,0,0,0,prm_moratorium_active,prm_tax_exemption_status,prm_pct_tribal,cob_ghgrp_combustion_facilities_n,lnd_dist_interstate_km,pwr_substations_230kv_n
20007,Barber County,KS,0.4870907667293775,1853,0.6312917079287877,0.6375010311789853,0.31764504316721526,0.8758428118380736,0.45846070188116445,0.39721778566761534,0.1740379665421446,0,,0,0,0,0,0,0,0,prm_moratorium_proposed,prm_pct_tribal,lnd_pct_buildable,lnd_dist_interstate_km,cob_persistent_poverty,cob_energy_community
28009,Benton County,MS,0.4870004329532605,1854,0.7132471272026203,0.39119134415755985,0.6707609159603776,0.8638017156236141,0.44909942296795197,0.33856995467312495,0.12746799341016815,0,,0,0,0,0,0,0,0,prm_moratorium_active,prm_pop_density_km2,prm_pct_tribal,cob_lowtemp_ind_heat_tbtu,wtr_wwtp_flow_mgd,cob_persistent_poverty
46093,Meade County,SD,0.48695554520492856,1855,0.4658423863402073,0.4707059189890577,0.35313973024121753,0.8911048455112747,0.5815174885916832,0.5603405533287941,0.2716377046802415,0,,0,0,0,0,0,0,0,prm_contested_total,prm_moratorium_proposed,cob_energy_community,lnd_dist_ixp_km,cob_persistent_poverty,cob_ghgrp_combustion_facilities_n
47159,Smith County,TN,0.48690535755004954,1856,0.5464623827925029,0.4325757985971935,0.5866218420999003,0.8672536309084293,0.4703965704114911,0.7336059015394601,0.1021450781383321,0,,0,0,0,0,0,0,0,prm_moratorium_proposed,prm_moratorium_active,prm_pct_tribal,cob_persistent_poverty,cob_energy_community,pwr_substations_230kv_n
38001,Adams County,ND,0.48689740478847304,1857,0.5216957814079398,0.48705121438462584,0.6336618825784945,0.8678976733000008,0.7560377139640843,0.23056793478554116,0.16091280912798248,0,,0,0,0,0,0,0,0,prm_pop_density_km2,prm_price_growth_pct,prm_moratorium_active,cob_lowtemp_ind_heat_tbtu,cob_ghgrp_combustion_facilities_n,lnd_dist_eaf_steel_km
56011,Crook County,WY,0.4868644841482322,1858,0.4485235078510485,0.46498519050384823,0.3929364471264788,0.8956871581308982,0.6523512187607046,0.4966862578353664,0.25614238705893244,0,,0,0,0,0,0,0,0,prm_pop_density_km2,prm_pct_tribal,prm_moratorium_active,lnd_dist_ixp_km,cob_ghgrp_combustion_facilities_n,cob_persistent_poverty
47083,Houston County,TN,0.4868551047725318,1859,0.6306690737529864,0.39124471526945526,0.7057270021265059,0.8791576647298838,0.42399349935164377,0.4658222050873557,0.11571562217493793,0,,0,0,0,0,0,0,0,prm_contested_total,wtr_bws_score,wtr_bws_2050_score,cob_lowtemp_ind_heat_tbtu,cob_persistent_poverty,pwr_substations_230kv_n
19081,Hancock County,IA,0.48684938101671726,1860,0.4550272641356952,0.48566995535759344,0.5082842421017302,0.8100837139941044,0.6909710426542671,0.4601389140257899,0.18473366233204142,0,,0,0,0,0,0,0,0,haz_karst_exposed_pct,cob_heat_demand,prm_moratorium_active,crb_queue_clean_mw,cob_persistent_poverty,lnd_pct_cropland
12063,Jackson County,FL,0.48684848258487073,1861,0.5914409809630424,0.5383595756183723,0.5487649659513717,0.8170408419862154,0.3690669502584472,0.5379145499563976,0.12148958208710497,0,,0,0,0,0,0,0,0,prm_nonattainment,prm_moratorium_proposed,prm_pct_tribal,cob_persistent_poverty,cob_energy_community,cob_ghgrp_combustion_facilities_n
06063,Plumas County,CA,0.4867899146463984,1862,0.3170461479779817,0.6531531384280732,0.5123891816408455,0.7153108513660669,0.5375597742509034,0.48508392460610583,0.34796329552305316,0,,0,0,0,0,0,0,0,prm_moratorium_proposed,cob_energy_community,lnd_pct_buildable,pwr_ind_price_cents_kwh,cob_persistent_poverty,prm_price_growth_pct
19151,Pocahontas County,IA,0.4867687055579912,1863,0.4402297187314474,0.5544541820769017,0.5802863589098732,0.8100837139941044,0.6620480076578995,0.3897640973235384,0.15784252019279005,0,,0,0,0,0,0,0,0,prm_moratorium_proposed,haz_karst_exposed_pct,prm_pop_density_km2,cob_lowtemp_ind_heat_tbtu,cob_persistent_poverty,cob_ghgrp_combustion_facilities_n
13171,Lamar County,GA,0.48672913876329876,1864,0.6824326002247011,0.4000311275589329,0.4273625435671942,0.8893054543310542,0.6206599561490911,0.6544969823865631,0.09454545933752082,0,,0,0,0,0,0,0,0,prm_moratorium_active,prm_moratorium_proposed,haz_karst_exposed_pct,cob_persistent_poverty,cob_energy_community,cob_ghgrp_combustion_facilities_n
17069,Hardin County,IL,0.48652156993069356,1865,0.4339401059243149,0.3542135342534373,0.6529783580653887,0.8123069857807504,0.4781915926027613,0.5280645137514315,0.3095856341254617,0,,0,0,0,0,0,0,0,prm_nonattainment,prm_pct_tribal,wtr_bws_2050_score,cob_lowtemp_ind_heat_tbtu,cob_persistent_poverty,cob_ghgrp_combustion_facilities_n
39149,Shelby County,OH,0.4865107607500733,1866,0.6378873023928893,0.2526479799458801,0.5254937664587933,0.7227957532726933,0.6628129227918379,0.6763728744345152,0.22646829696035256,0,,0,0,0,0,0,0,0,prm_moratorium_proposed,haz_karst_exposed_pct,prm_moratorium_active,cob_persistent_poverty,cob_energy_community,crb_queue_clean_mw
28159,Winston County,MS,0.4864848874610316,1867,0.4493379759040387,0.39410799181504524,0.47061887147734305,0.8714757921115411,0.46519699438461787,0.5268198702208701,0.3582937070562243,0,,0,0,0,0,0,0,0,prm_moratorium_active,cob_persistent_poverty,prm_moratorium_proposed,cob_energy_community,pwr_substations_230kv_n,cob_ghgrp_combustion_facilities_n
51147,Prince Edward County,VA,0.48637666287492615,1868,0.5151384596349681,0.3652488596271396,0.49971088794279944,0.8980063428207753,0.6686472994553386,0.5833330224547514,0.16661864398529186,0,,0,0,0,0,0,0,0,prm_moratorium_active,prm_moratorium_proposed,prm_tax_exemption_status,lnd_dist_interstate_km,cob_persistent_poverty,cob_ghgrp_combustion_facilities_n
30021,Dawson County,MT,0.4863568118743948,1869,0.4493609315379824,0.4473657244740446,0.5983406564311389,0.8245161681373677,0.6764438726774821,0.47721218466472276,0.16367511185595698,0,,0,0,0,0,0,0,0,prm_nonattainment,prm_pct_tribal,cob_heat_demand,cob_persistent_poverty,cob_energy_community,pwr_dist_hv345_line_km
13105,Elbert County,GA,0.48634505564155744,1870,0.5789690865864131,0.5018118047200504,0.3431029135370739,0.9227513619800846,0.6206531330255738,0.4978447212951589,0.15485425445213633,0,,0,0,0,0,0,0,0,prm_contested_total,haz_karst_exposed_pct,prm_moratorium_active,cob_persistent_poverty,cob_ghgrp_combustion_facilities_n,cob_energy_community
18047,Franklin County,IN,0.48609469229779084,1871,0.6215554694659764,0.40319861802736295,0.4852042245104359,0.8127211174044217,0.5846414367305975,0.6676664830859155,0.11126803513608105,0,,0,0,0,0,0,0,0,prm_moratorium_active,prm_moratorium_proposed,prm_nonattainment,cob_ghgrp_combustion_facilities_n,cob_persistent_poverty,cob_energy_community
20029,Cloud County,KS,0.48598117174971095,1872,0.6397642890700654,0.6404122249030993,0.33012965945034695,0.8351976187312031,0.48012280235216337,0.43178639727206297,0.14587845997570212,0,,0,0,0,0,0,0,0,prm_nonattainment,prm_pct_tribal,prm_moratorium_active,cob_persistent_poverty,cob_energy_community,cob_ghgrp_combustion_facilities_n
16003,Adams County,ID,0.48597931096986086,1873,0.33733699352711577,0.48444979837501634,0.49956734062478836,0.874041493252002,0.6563388630429596,0.456581909394175,0.3421001926330902,0,,0,0,0,0,0,0,0,prm_pop_density_km2,prm_moratorium_active,prm_moratorium_proposed,lnd_dist_interstate_km,crb_queue_clean_mw,pwr_dist_hv345_line_km
40087,McClain County,OK,0.48593258170892034,1874,0.6241530368646798,0.5643557943321358,0.491619194699717,0.8408763740774058,0.39379732344376617,0.7907911793849255,0.07005648978844331,0,,0,0,0,0,0,0,0,prm_moratorium_active,prm_moratorium_proposed,prm_contested_total,cob_persistent_poverty,cob_energy_community,pwr_substations_230kv_n
42017,Bucks County,PA,0.4858988511406649,1875,0.8065590387956315,0.2741212317013743,0.5321648491185076,0.6640480958895801,0.6201700236099851,0.7624828714708527,0.12174549701459136,0,,0,0,0,0,0,0,0,prm_moratorium_active,prm_moratorium_proposed,prm_contested_total,crb_queue_clean_mw,prm_nonattainment,cob_energy_community
29043,Christian County,MO,0.48588877308964673,1876,0.6263197522668067,0.45828491209088884,0.4498319747021295,0.8501746526868224,0.4917577963233962,0.6933595318615356,0.10371121972168623,0,,0,0,0,0,0,0,0,prm_nonattainment,prm_moratorium_proposed,prm_moratorium_active,cob_ghgrp_combustion_facilities_n,cob_persistent_poverty,cob_energy_community
37027,Caldwell County,NC,0.48588869948904934,1877,0.560272553027496,0.44707488436647136,0.5330946810782409,0.8786623837334511,0.6173557812830871,0.5800175906959786,0.097339401235676,0,,0,0,0,0,0,0,0,prm_moratorium_active,prm_moratorium_proposed,prm_contested_total,cob_persistent_poverty,pwr_substations_230kv_n,cob_energy_community
35028,Los Alamos County,NM,0.48585387231965604,1878,0.5223672246852622,0.4615271611920604,0.24806655011029832,0.8889700900641164,0.6761835990554861,0.6483899717700702,0.27093844172583514,0,,0,0,0,0,0,0,0,prm_nonattainment,prm_price_growth_pct,haz_karst_exposed_pct,cob_persistent_poverty,cob_poverty_pct,cob_unemp_rate
47039,Decatur County,TN,0.4857631866510467,1879,0.4653895473828516,0.38273967422234767,0.6813361665610319,0.8791913515186236,0.4167770867343784,0.6225063124745508,0.18433520055845481,0,,0,0,0,0,0,0,0,prm_moratorium_active,prm_moratorium_proposed,prm_contested_total,cob_lowtemp_ind_heat_tbtu,cob_ghgrp_combustion_facilities_n,cob_persistent_poverty
46107,Potter County,SD,0.4856895054902078,1880,0.5655430856776017,0.4245395156296081,0.6555451050101972,0.8242613550566716,0.7414348764812909,0.2955203382477925,0.13748280477640448,0,,0,0,0,0,0,0,0,prm_moratorium_proposed,prm_nonattainment,haz_karst_exposed_pct,wtr_wwtp_flow_mgd,cob_persistent_poverty,cob_energy_community
19007,Appanoose County,IA,0.48564618960462025,1881,0.3199712721318717,0.4453928865235336,0.7202066944827588,0.8841359378414126,0.6108654375622545,0.5792890161191002,0.21350725667364434,0,,0,0,0,0,0,0,0,prm_nonattainment,haz_karst_exposed_pct,prm_moratorium_active,crb_queue_clean_mw,lnd_dist_interstate_km,pwr_dist_retired_plant_km
28085,Lincoln County,MS,0.4854972779816575,1882,0.46182603677009293,0.38746618153288853,0.4942616321597084,0.8579774495404597,0.4458625199820786,0.6170953888660708,0.28873019991395693,0,,0,0,0,0,0,0,0,haz_karst_exposed_pct,prm_moratorium_active,cob_energy_community,crb_queue_clean_mw,crb_clean_gen_mw,pwr_substations_230kv_n
01019,Cherokee County,AL,0.4854479728893271,1883,0.5855037794556864,0.48295314651625076,0.5316651575227989,0.8504946630182525,0.48308692543353227,0.6204959218766187,0.09596296745075952,0,,0,0,0,0,0,0,0,prm_moratorium_active,prm_moratorium_proposed,prm_contested_total,cob_lowtemp_ind_heat_tbtu,cob_persistent_poverty,cob_energy_community
27119,Polk County,MN,0.4854244809890604,1884,0.526535021522755,0.4442969640756069,0.631861891545271,0.7875273693582316,0.6297092166474427,0.20530919155488592,0.2827382577203839,0,,0,0,0,0,0,0,0,haz_karst_exposed_pct,cob_heat_demand,prm_moratorium_active,crb_clean_gen_mw,cob_persistent_poverty,cob_energy_community
47097,Lauderdale County,TN,0.4853704229792506,1885,0.5348686183333784,0.43410296792344755,0.572646108769494,0.8152531588618874,0.48611521891859216,0.4715978016524021,0.1765400590310731,0,,0,0,0,0,0,0,0,haz_karst_exposed_pct,prm_moratorium_active,prm_moratorium_proposed,crb_queue_clean_mw,cob_persistent_poverty,cob_energy_community
39055,Geauga County,OH,0.4852855516202198,1886,0.6794395028401731,0.2290076151341312,0.5661651745945873,0.7780222291599312,0.8127415380280993,0.6891444914535042,0.14700987979326516,0,,0,0,0,0,0,0,0,haz_karst_exposed_pct,haz_alr_coastal_flood,prm_moratorium_active,cob_persistent_poverty,cob_energy_community,pwr_substations_230kv_n
19025,Calhoun County,IA,0.4852817594449397,1887,0.6100451112306732,0.4238208604350537,0.553500556800829,0.8100837139941044,0.6742181397329752,0.3357382723716991,0.14823199782947016,0,,0,0,0,0,0,0,0,prm_moratorium_active,prm_pop_density_km2,haz_karst_exposed_pct,cob_persistent_poverty,cob_energy_community,cob_ghgrp_combustion_facilities_n
38073,Ransom County,ND,0.48528087322345453,1888,0.5144735019408037,0.4033998149160533,0.5889391517227843,0.846187661954519,0.6174961299175646,0.37942230613290917,0.19433279510327264,0,,0,0,0,0,0,0,0,prm_pct_tribal,prm_pop_density_km2,prm_moratorium_active,crb_clean_gen_mw,cob_persistent_poverty,cob_energy_community
48373,Polk County,TX,0.4852499229272997,1889,0.37369177173698853,0.5285932620025287,0.5800957785252014,0.8885718086590624,0.35000336528435183,0.5206201934126801,0.29486584458649157,0,,0,0,0,0,0,0,0,prm_moratorium_active,haz_karst_exposed_pct,cob_energy_community,cob_persistent_poverty,pwr_substations_230kv_n,lnd_dist_interstate_km
13047,Catoosa County,GA,0.4850263840579735,1890,0.6979419265348559,0.37615614057607505,0.6189555439067027,0.8843174037307636,0.550672905050747,0.7775447143432261,0.05328046378682894,0,,0,0,0,0,0,0,0,prm_nonattainment,prm_moratorium_active,prm_moratorium_proposed,cob_persistent_poverty,cob_energy_community,cob_ghgrp_combustion_facilities_n
40139,Texas County,OK,0.48491149271699824,1891,0.5128527394706041,0.6662559720472505,0.42640148068313294,0.8212837524312109,0.520879862220387,0.2960848554372949,0.20298558907385506,0,,0,0,0,0,0,0,0,prm_moratorium_proposed,prm_moratorium_active,prm_contested_total,cob_persistent_poverty,cob_energy_community,cob_unemp_rate
12117,Seminole County,FL,0.4848998832324382,1892,0.8071234675870054,0.30145129250909036,0.512983578226609,0.7807576451802637,0.5328542891745558,0.7157326499125581,0.10312717542496974,0,,0,0,0,0,0,0,0,prm_nonattainment,prm_pct_tribal,prm_moratorium_active,cob_ghgrp_combustion_facilities_n,cob_persistent_poverty,cob_energy_community
13109,Evans County,GA,0.48488763720686234,1893,0.5140370198077708,0.4070334108493361,0.5297441682676699,0.899603836752964,0.4681732683672343,0.3972045036820966,0.2560308698820152,0,,0,0,0,0,0,0,0,prm_contested_total,prm_pct_tribal,cob_persistent_poverty,cob_energy_community,pwr_substations_230kv_n,crb_clean_gen_mw
29221,Washington County,MO,0.4848464882849282,1894,0.5321593494849919,0.3750032806464535,0.6768134287118862,0.8616663154342935,0.43904901679111547,0.5659206588720428,0.15188224553732138,0,,0,0,0,0,0,0,0,prm_pct_tribal,prm_moratorium_active,prm_moratorium_proposed,cob_ghgrp_combustion_facilities_n,cob_persistent_poverty,pwr_substations_230kv_n
06009,Calaveras County,CA,0.4847980483005103,1895,0.37686122727550203,0.7162937268128153,0.40516805525635313,0.7052416603834437,0.5444567103813056,0.41974770358090735,0.32057816327417465,0,,0,0,0,0,0,0,0,lnd_pct_buildable,prm_moratorium_active,prm_moratorium_proposed,pwr_ind_price_cents_kwh,cob_persistent_poverty,prm_price_growth_pct
48357,Ochiltree County,TX,0.484762648636146,1896,0.6394212709221682,0.6526761497570843,0.4224037089480618,0.8343193513297341,0.5252569777974166,0.2496751294274583,0.15057983308918485,0,,0,0,0,0,0,0,0,prm_moratorium_active,prm_pop_density_km2,prm_moratorium_proposed,cob_persistent_poverty,cob_energy_community,lnd_dist_cement_km
21165,Menifee County,KY,0.48466329355180743,1897,0.43300552948422105,0.21782051864103202,0.6263354437842386,0.8772759622990864,0.5270943702680906,0.5760577445256575,0.5665897014916329,0,,0,0,0,0,0,0,0,prm_pct_tribal,prm_moratorium_active,cob_persistent_poverty,cob_lowtemp_ind_heat_tbtu,crb_queue_clean_mw,pwr_substations_230kv_n
42103,Pike County,PA,0.48442416442655495,1898,0.6592122278119089,0.32383791366178516,0.43006937030444903,0.8220104916802702,0.6627121407866665,0.6235645380628024,0.15594894269318438,0,,0,0,0,0,0,0,0,prm_pct_tribal,prm_moratorium_active,prm_moratorium_proposed,crb_queue_clean_mw,wtr_wwtp_flow_mgd,cob_persistent_poverty
05147,Woodruff County,AR,0.48438390270482157,1899,0.563603583765958,0.5185265462900526,0.3230594459064079,0.790408160745554,0.4040978868255672,0.33470930132218935,0.46915012646292265,0,,0,0,0,0,0,0,0,prm_contested_total,cob_persistent_poverty,cob_energy_community,cob_ghgrp_combustion_facilities_n,pwr_substations_230kv_n,cob_lowtemp_ind_heat_tbtu
47099,Lawrence County,TN,0.48436401183369326,1900,0.4613975596040679,0.45081577301739184,0.6475864086917721,0.8534032817931753,0.5015444986009233,0.6136435486133286,0.1293156098383095,0,,0,0,0,0,0,0,0,prm_moratorium_active,prm_moratorium_proposed,prm_contested_total,cob_ghgrp_combustion_facilities_n,pwr_substations_230kv_n,cob_persistent_poverty
13119,Franklin County,GA,0.4842642660654539,1901,0.5819620494569788,0.3973163797175739,0.36662224123355586,0.9141063453305898,0.593804263794833,0.7582484006126057,0.1407123500036331,0,,0,0,0,0,0,0,0,prm_moratorium_active,haz_karst_exposed_pct,prm_tax_exemption_status,cob_ghgrp_combustion_facilities_n,cob_energy_community,cob_persistent_poverty
46127,Union County,SD,0.4841942926380271,1902,0.7188528860761665,0.42388613315096946,0.4266972402162824,0.789880039242541,0.5165855397397233,0.5877116220744206,0.11553459684879853,0,,0,0,0,0,0,0,0,prm_pct_tribal,prm_moratorium_active,prm_moratorium_proposed,cob_persistent_poverty,cob_energy_community,cob_ghgrp_combustion_facilities_n
38005,Benson County,ND,0.4841899009813328,1903,0.47231585324425857,0.3962613050746359,0.5338448861874532,0.8062850624390275,0.6491758230263452,0.25900758564683085,0.41110082506275036,0,,0,0,0,0,0,0,0,prm_pop_density_km2,prm_price_growth_pct,prm_moratorium_active,lnd_dist_cement_km,cob_energy_community,crb_queue_clean_mw
39091,Logan County,OH,0.4841807761593773,1904,0.5850793144466079,0.3265596076196256,0.5155143252215106,0.7430484425506734,0.6997904311939346,0.6202719473399935,0.16773882992424705,0,,0,0,0,0,0,0,0,haz_karst_exposed_pct,prm_moratorium_active,prm_moratorium_proposed,cob_persistent_poverty,cob_energy_community,pwr_substations_230kv_n
54089,Summers County,WV,0.4840298537472176,1905,0.532543211394195,0.21207534615704,0.5762456978178074,0.8523987258570962,0.6035721758076139,0.6888997570097654,0.32158627396529604,0,,0,0,0,0,0,0,0,prm_moratorium_active,prm_moratorium_proposed,cob_energy_community,cob_lowtemp_ind_heat_tbtu,crb_clean_gen_mw,pwr_substations_230kv_n
31019,Buffalo County,NE,0.4839794491648359,1906,0.6045260438867428,0.47417319411799214,0.35429506545817796,0.8412301467377556,0.5608763087950492,0.5591134882726411,0.16020741546012718,0,,0,0,0,0,0,0,0,prm_moratorium_active,prm_moratorium_proposed,prm_contested_total,crb_queue_clean_mw,cob_persistent_poverty,cob_energy_community
16045,Gem County,ID,0.48396305797656963,1907,0.4822456722625925,0.5237321012335316,0.4567081230265543,0.860665843941572,0.5543751480045944,0.7112167991984067,0.11561641841494819,0,,0,0,0,0,0,0,0,lnd_pct_buildable,haz_karst_exposed_pct,prm_moratorium_active,crb_queue_clean_mw,cob_ghgrp_combustion_facilities_n,cob_persistent_poverty
45009,Bamberg County,SC,0.48391351975380065,1908,0.4948607525828136,0.5199375677291096,0.45010954276987347,0.8472733647491203,0.4416403100561423,0.5442514070224053,0.1897675050167108,0,,0,0,0,0,0,0,0,prm_moratorium_active,prm_moratorium_proposed,prm_nonattainment,cob_lowtemp_ind_heat_tbtu,cob_persistent_poverty,cob_energy_community
28141,Tishomingo County,MS,0.4837278117408593,1909,0.6002506975826482,0.3853816196299946,0.6482199704834052,0.8615144359160197,0.518238993707634,0.38340648506009556,0.14467980316544238,0,,0,0,0,0,0,0,0,prm_moratorium_active,prm_moratorium_proposed,prm_contested_total,lnd_dist_interstate_km,cob_ghgrp_combustion_facilities_n,crb_queue_clean_mw
29085,Hickory County,MO,0.48338938668814047,1910,0.4254320159967519,0.45799185694407873,0.5248318934888788,0.8837354291945879,0.5240652761511412,0.5491913131325367,0.20482265971600785,0,,0,0,0,0,0,0,0,prm_nonattainment,prm_pop_density_km2,prm_moratorium_active,cob_lowtemp_ind_heat_tbtu,cob_persistent_poverty,pwr_substations_230kv_n
21019,Boyd County,KY,0.4833478516038914,1911,0.5932952923764789,0.206162107271956,0.5101800518405246,0.8325343128927815,0.5965659093796022,0.5845393553888489,0.3900905309280473,0,,0,0,0,0,0,0,0,prm_nonattainment,cob_energy_community,prm_moratorium_active,cob_persistent_poverty,pwr_substations_230kv_n,crb_clean_gen_mw
28125,Sharkey County,MS,0.4832887888865241,1912,0.44451412672526136,0.45830681636456266,0.6090877170339812,0.8008536303705763,0.3680252848782464,0.2578859426862155,0.5211740416253968,0,,0,0,0,0,0,0,0,prm_contested_total,prm_nonattainment,wtr_bws_2050_score,cob_lowtemp_ind_heat_tbtu,wtr_wwtp_flow_mgd,cob_ghgrp_combustion_facilities_n
54065,Morgan County,WV,0.48326277863314915,1913,0.6492248486922335,0.21955461769419587,0.5033242955888422,0.8361377794474333,0.6473273291134617,0.6804934179987798,0.22890277233808645,0,,0,0,0,0,0,0,0,prm_pct_tribal,cob_energy_community,prm_moratorium_active,cob_ghgrp_combustion_facilities_n,cob_persistent_poverty,pwr_substations_230kv_n
48407,San Jacinto County,TX,0.48309475530564344,1914,0.47416463776433926,0.4474007736862872,0.5018388190889442,0.8911942691233573,0.31066176474391116,0.5526629563286942,0.29612279300615424,0,,0,0,0,0,0,0,0,prm_moratorium_active,prm_pct_tribal,haz_karst_exposed_pct,cob_lowtemp_ind_heat_tbtu,cob_persistent_poverty,pwr_substations_230kv_n
13147,Hart County,GA,0.48301919915187913,1915,0.6948454146820688,0.4583013282847159,0.35426353366350244,0.907241920065584,0.5934999674668968,0.6791086502069904,0.08540505853573716,0,,0,0,0,0,0,0,0,prm_moratorium_active,haz_karst_exposed_pct,prm_tax_exemption_status,cob_ghgrp_combustion_facilities_n,cob_persistent_poverty,crb_queue_clean_mw
37197,Yadkin County,NC,0.4830049700978493,1916,0.5733791804857875,0.4718449831197091,0.4607244326111223,0.8526145577075359,0.6361140359405927,0.6646481358211482,0.08723428534141912,0,,0,0,0,0,0,0,0,prm_moratorium_active,prm_tax_exemption_status,prm_moratorium_proposed,crb_queue_clean_mw,cob_ghgrp_combustion_facilities_n,cob_persistent_poverty
29125,Maries County,MO,0.48297085681986107,1917,0.5848228218981922,0.43010747746323846,0.48548989755784666,0.8844824226633982,0.4730324646587261,0.5983157575559552,0.12888182814108537,0,,0,0,0,0,0,0,0,prm_pop_density_km2,prm_moratorium_active,prm_moratorium_proposed,cob_persistent_poverty,cob_energy_community,pwr_substations_230kv_n
42113,Sullivan County,PA,0.48296678198733295,1918,0.49011919614707217,0.2834179707612177,0.5696803715631893,0.8283395418585038,0.7178593655669409,0.4309266748047245,0.31984335447786505,0,,0,0,0,0,0,0,0,prm_pop_density_km2,haz_karst_exposed_pct,prm_moratorium_active,cob_lowtemp_ind_heat_tbtu,wtr_wwtp_flow_mgd,cob_ghgrp_combustion_facilities_n
13037,Calhoun County,GA,0.48288190914914086,1919,0.5803776601688658,0.4049011863732764,0.48318705667601697,0.885551818550326,0.3743533150768303,0.39157497109323264,0.28309163442021024,0,,0,0,0,0,0,0,0,prm_pct_tribal,prm_nonattainment,cob_persistent_poverty,cob_lowtemp_ind_heat_tbtu,lnd_dist_interstate_km,crb_queue_clean_mw
21211,Shelby County,KY,0.48284046744899434,1920,0.6055357957545188,0.24842201171502026,0.7235657542638696,0.804726928077111,0.5672103385988159,0.8965178343994872,0.1127181878174546,0,,0,0,0,0,0,0,0,prm_pct_tribal,prm_moratorium_active,prm_moratorium_proposed,crb_queue_clean_mw,cob_energy_community,pwr_substations_230kv_n
28053,Humphreys County,MS,0.4828246313217733,1921,0.4056039692123763,0.44920844688806794,0.612772315412758,0.7777127446648484,0.43212974805277937,0.2804891852704181,0.5308297869585838,0,,0,0,0,0,0,0,0,prm_nonattainment,prm_contested_total,wtr_bws_2050_score,lnd_dist_ixp_km,wtr_wwtp_flow_mgd,cob_ghgrp_combustion_facilities_n
22063,Livingston Parish,LA,0.4827633298890381,1922,0.7607463239955895,0.4586196150245364,0.49062331407517085,0.8387928888560588,0.36203706293903837,0.5905972539012191,0.09043811046575709,0,,0,0,0,0,0,0,0,prm_nonattainment,prm_pct_tribal,haz_karst_exposed_pct,cob_persistent_poverty,cob_energy_community,cob_ghgrp_combustion_facilities_n
21217,Taylor County,KY,0.4827414728070579,1923,0.5288306427185109,0.22736999836302565,0.5770559766384402,0.8366564669978152,0.5999487744497863,0.6299491751109084,0.31671054461660575,0,,0,0,0,0,0,0,0,prm_contested_total,cob_energy_community,prm_moratorium_active,cob_persistent_poverty,cob_ghgrp_combustion_facilities_n,crb_queue_clean_mw
47069,Hardeman County,TN,0.4826338984836109,1924,0.4785731871269555,0.49277564736413026,0.5282588540334613,0.8655124649072183,0.5084838360571475,0.4925749451834694,0.16017456638243133,0,,0,0,0,0,0,0,0,prm_moratorium_active,prm_moratorium_proposed,prm_contested_total,cob_lowtemp_ind_heat_tbtu,cob_ghgrp_combustion_facilities_n,cob_persistent_poverty
12119,Sumter County,FL,0.48218833302351516,1925,0.7514048952646109,0.40084048039067915,0.4337834788210843,0.8173903958845766,0.43292537782036056,0.7107963143510179,0.1016677668368039,0,,0,0,0,0,0,0,0,prm_nonattainment,prm_pct_tribal,prm_moratorium_active,cob_persistent_poverty,cob_energy_community,cob_ghgrp_combustion_facilities_n
13013,Barrow County,GA,0.48215459525405163,1926,0.6984949696869699,0.4064037027862539,0.47354761754239877,0.8794557658726815,0.6459807139509984,0.6723449526191451,0.06477417840228232,0,,0,0,0,0,0,0,0,prm_contested_total,prm_moratorium_active,haz_karst_exposed_pct,cob_persistent_poverty,cob_energy_community,cob_ghgrp_combustion_facilities_n
48019,Bandera County,TX,0.48213722468265857,1927,0.5458879510142272,0.6118571017520165,0.23213187716680744,0.902136386889733,0.39296647137786256,0.6366048716598423,0.2596408235887694,0,,0,0,0,0,0,0,0,prm_moratorium_active,prm_moratorium_proposed,prm_contested_total,cob_persistent_poverty,pwr_substations_230kv_n,lnd_dist_brownfield_or_retired_km
51025,Brunswick County,VA,0.4821233308544668,1928,0.5921693498730091,0.36202423432680875,0.4242208083298792,0.930378913631543,0.6478868310039381,0.6989648997506305,0.11916272634277325,0,,0,0,0,0,0,0,0,prm_tax_exemption_status,haz_karst_exposed_pct,prm_moratorium_proposed,cob_lowtemp_ind_heat_tbtu,cob_persistent_poverty,cob_energy_community
29115,Linn County,MO,0.48210343334319866,1929,0.40930395959488136,0.4412322911663288,0.6042537449983799,0.8486941075516665,0.5724159016182668,0.5418444645262502,0.1853351978641867,0,,0,0,0,0,0,0,0,prm_moratorium_active,prm_moratorium_proposed,prm_pop_density_km2,cob_ghgrp_combustion_facilities_n,pwr_substations_230kv_n,cob_persistent_poverty
38061,Mountrail County,ND,0.4819791293193264,1930,0.540608135597901,0.406610546022224,0.6665560287431763,0.8250553853408473,0.7587826172846529,0.24691793031012033,0.1730889971361539,0,,0,0,0,0,0,0,0,prm_pop_density_km2,prm_price_growth_pct,prm_moratorium_active,cob_lowtemp_ind_heat_tbtu,lnd_dist_eaf_steel_km,cob_ghgrp_combustion_facilities_n
48101,Cottle County,TX,0.4819325919539878,1931,0.6047010920886075,0.6556866595628535,0.277690148293646,0.8872088792938103,0.4785134691124062,0.49424694114942436,0.1510783415089922,0,,0,0,0,0,0,0,0,prm_moratorium_active,haz_alr_riverine_flood,prm_county_can_zone,cob_lowtemp_ind_heat_tbtu,cob_persistent_poverty,cob_energy_community
21081,Grant County,KY,0.48181341839395064,1932,0.6432705361539902,0.24159095745162334,0.6037650693344238,0.8543917379293651,0.6012928096828117,0.7770843137240108,0.13256716041257444,0,,0,0,0,0,0,0,0,prm_moratorium_active,prm_moratorium_proposed,prm_contested_total,cob_persistent_poverty,cob_energy_community,pwr_substations_230kv_n
28091,Marion County,MS,0.4816356828924019,1933,0.6044894867717046,0.41253227444451535,0.3986519492392039,0.8633454466690303,0.3357347464077845,0.5206885351774825,0.2835077734698946,0,,0,0,0,0,0,0,0,prm_nonattainment,cob_persistent_poverty,haz_karst_exposed_pct,cob_ghgrp_combustion_facilities_n,crb_clean_gen_mw,cob_energy_community
49055,Wayne County,UT,0.4815843458616036,1934,0.37667113023180443,0.4327663285559605,0.5971774768407772,0.8719570811890208,0.5477140148913405,0.455457939729536,0.2769812178808816,0,,0,0,0,0,0,0,0,prm_pop_density_km2,prm_pct_tribal,prm_moratorium_active,cob_lowtemp_ind_heat_tbtu,cob_ghgrp_combustion_facilities_n,pwr_substations_230kv_n
47175,Van Buren County,TN,0.48154700320770855,1935,0.4480192076862147,0.3849506962862834,0.4708917960999249,0.8874964545283992,0.5876371944741108,0.5319109754076768,0.2589555354038897,0,,0,0,0,0,0,0,0,prm_moratorium_active,cob_energy_community,prm_pop_density_km2,cob_lowtemp_ind_heat_tbtu,crb_queue_clean_mw,crb_clean_gen_mw
55119,Taylor County,WI,0.48149292591450293,1936,0.5257999108751914,0.4113458080160025,0.502982517985206,0.8536122123326159,0.8353692824761926,0.28403841253509493,0.20419514412160908,0,,0,0,0,0,0,0,0,haz_karst_exposed_pct,prm_moratorium_active,prm_moratorium_proposed,crb_queue_clean_mw,cob_persistent_poverty,lnd_dist_interstate_km
19101,Jefferson County,IA,0.4813945532800179,1937,0.4168043804391263,0.3659731369344207,0.6874986733910384,0.8405574406103516,0.6615560631420284,0.5181499512878229,0.18585366694871508,0,,0,0,0,0,0,0,0,prm_contested_total,prm_moratorium_active,prm_moratorium_proposed,crb_queue_clean_mw,cob_persistent_poverty,lnd_dist_interstate_km
05041,Desha County,AR,0.4811910561169704,1938,0.3524478909044428,0.5167810875249854,0.5992113918484822,0.811116122517436,0.42659186457233056,0.24602340084172747,0.6090193899114021,0,,0,0,0,0,0,0,0,prm_nonattainment,cob_persistent_poverty,cob_energy_community,lnd_dist_interstate_km,pwr_substations_230kv_n,lnd_dist_ixp_km
29137,Monroe County,MO,0.48116830762797685,1939,0.4548278821861716,0.37813102035946966,0.657919499832192,0.8355828821418245,0.6002421282488726,0.5244703823210236,0.16891162383297204,0,,0,0,0,0,0,0,0,prm_pop_density_km2,prm_nonattainment,prm_moratorium_active,lnd_dist_interstate_km,cob_ghgrp_combustion_facilities_n,cob_energy_community
12051,Hendry County,FL,0.4811503435628212,1940,0.6334385992945925,0.4548533928711066,0.4466836391705741,0.7866001556986374,0.41820248668654425,0.4589013075548563,0.18756527725064814,0,,0,0,0,0,0,0,0,prm_moratorium_proposed,prm_moratorium_active,prm_nonattainment,cob_persistent_poverty,cob_energy_community,lnd_dist_interstate_km
27155,Traverse County,MN,0.4811092878970496,1941,0.5865664395092912,0.40811510371257753,0.5294369722554938,0.7755698626662586,0.6418497444422862,0.3565417205414418,0.17907469903197445,0,,0,0,0,0,0,0,0,prm_nonattainment,cob_heat_demand,haz_karst_exposed_pct,cob_persistent_poverty,lnd_pct_cropland,cob_ghgrp_combustion_facilities_n
39075,Holmes County,OH,0.4811058520958711,1942,0.5610919375261377,0.22198316750895186,0.4963431894478479,0.8054882445114026,0.6872410947650395,0.6836018172426331,0.2995582015603459,0,,0,0,0,0,0,0,0,prm_contested_total,prm_moratorium_active,cob_energy_community,cob_ghgrp_combustion_facilities_n,pwr_substations_230kv_n,cob_persistent_poverty
31107,Knox County,NE,0.48110187296467927,1943,0.4957881208444387,0.49601703708605693,0.5094377184045484,0.8356785259612697,0.511841307137104,0.5141130978462756,0.1502919231628279,0,,0,0,0,0,0,0,0,prm_moratorium_proposed,prm_pop_density_km2,prm_moratorium_active,lnd_dist_interstate_km,cob_ghgrp_combustion_facilities_n,pwr_substations_230kv_n
47161,Stewart County,TN,0.48104277302022247,1944,0.6613762148426177,0.3953546288236772,0.6761199504646358,0.8827932952065101,0.45261596799207093,0.4486564295007331,0.09349876226445299,0,,0,0,0,0,0,0,0,prm_contested_total,prm_moratorium_active,prm_moratorium_proposed,cob_lowtemp_ind_heat_tbtu,crb_clean_gen_mw,cob_energy_community
37113,Macon County,NC,0.48100200737375454,1945,0.44164010233669904,0.4687423385444355,0.7113801412910109,0.8958406722693454,0.6475833615156145,0.42823664765154384,0.11095793697358379,0,,0,0,0,0,0,0,0,prm_pct_tribal,prm_moratorium_active,prm_moratorium_proposed,lnd_dist_interstate_km,cob_ghgrp_combustion_facilities_n,cob_energy_community
47173,Union County,TN,0.4808828982516202,1946,0.648478878105337,0.38554097129961884,0.5357378768907834,0.8643816170644577,0.5590308348339428,0.6157638426964335,0.08789390536859387,0,,0,0,0,0,0,0,0,prm_pct_tribal,prm_moratorium_active,prm_moratorium_proposed,cob_ghgrp_combustion_facilities_n,pwr_substations_230kv_n,cob_energy_community
01023,Choctaw County,AL,0.4807909887886421,1947,0.3542609286941634,0.3859923870941136,0.5939522970275981,0.8706389179220475,0.36732987168519704,0.501168113973503,0.5245491102625586,0,,0,0,0,0,0,0,0,prm_moratorium_active,prm_pop_density_km2,prm_moratorium_proposed,crb_clean_gen_mw,pwr_dist_hv345_line_km,pwr_substations_230kv_n
48319,Mason County,TX,0.48077231100415485,1948,0.48322377803260913,0.5596218005287937,0.4095184521523385,0.9028284311655436,0.42367169587411435,0.46786987983035666,0.20849003725588927,0,,0,0,0,0,0,0,0,prm_moratorium_active,prm_pct_tribal,cob_energy_community,cob_persistent_poverty,pwr_substations_230kv_n,lnd_dist_interstate_km
21153,Magoffin County,KY,0.4807634819016873,1949,0.46966121956966117,0.2077926477904632,0.6813513482252839,0.8737250116287637,0.507227006536695,0.4105648388827183,0.615107613798812,0,,0,0,0,0,0,0,0,prm_contested_total,cob_persistent_poverty,cob_energy_community,cob_lowtemp_ind_heat_tbtu,lnd_dist_interstate_km,cob_ghgrp_combustion_facilities_n
39145,Scioto County,OH,0.4807380990865413,1950,0.6037623705995482,0.20639114491622798,0.5444286145681734,0.8075705937654923,0.6037568359136624,0.4533783578724151,0.42927066560395005,0,,0,0,0,0,0,0,0,prm_moratorium_active,cob_energy_community,prm_pct_tribal,cob_persistent_poverty,pwr_substations_230kv_n,crb_queue_clean_mw
54085,Ritchie County,WV,0.48072477969297567,1951,0.5680049859155363,0.2006099101230127,0.5945297874793906,0.8567970385153202,0.6614476259686957,0.4237729022524364,0.4045293785390889,0,,0,0,0,0,0,0,0,prm_pct_tribal,prm_moratorium_active,cob_energy_community,cob_lowtemp_ind_heat_tbtu,crb_clean_gen_mw,pwr_substations_230kv_n
28019,Choctaw County,MS,0.4806143433931595,1952,0.6037973060493421,0.43607357818620185,0.5861793400342742,0.8731713405031025,0.4462021562348294,0.4317241590967182,0.12599871647385455,0,,0,0,0,0,0,0,0,prm_pop_density_km2,haz_karst_exposed_pct,prm_moratorium_active,cob_lowtemp_ind_heat_tbtu,cob_ghgrp_combustion_facilities_n,cob_persistent_poverty
01087,Macon County,AL,0.48059341042664727,1953,0.40578500530934364,0.385458279180523,0.3957840300485148,0.8640076594646323,0.5453014910737822,0.7623299516821697,0.3199073300319876,0,,0,0,0,0,0,0,0,prm_moratorium_proposed,cob_persistent_poverty,prm_moratorium_active,cob_ghgrp_combustion_facilities_n,crb_queue_clean_mw,crb_clean_gen_mw
42023,Cameron County,PA,0.48046350738525223,1954,0.45391496865958564,0.2511517479197822,0.565110270996352,0.8499868073658186,0.7854669454119001,0.43689628825730553,0.3922388858369188,0,,0,0,0,0,0,0,0,haz_karst_exposed_pct,prm_moratorium_active,prm_moratorium_proposed,cob_lowtemp_ind_heat_tbtu,lnd_dist_interstate_km,cob_ghgrp_combustion_facilities_n
51037,Charlotte County,VA,0.48034055340780973,1955,0.5019889933622478,0.38769427933481,0.48760691924781197,0.9121592783014236,0.6276856220020327,0.5090571483852141,0.1729676458295373,0,,0,0,0,0,0,0,0,prm_tax_exemption_status,prm_moratorium_active,prm_moratorium_proposed,cob_ghgrp_combustion_facilities_n,cob_persistent_poverty,pwr_substations_230kv_n
54013,Calhoun County,WV,0.48030407901892386,1956,0.4109583955487131,0.20189956346180638,0.581860814186395,0.8567975424634113,0.6819213599982218,0.536730159529383,0.6390392041303035,0,,0,0,0,0,0,0,0,prm_pct_tribal,prm_moratorium_active,cob_persistent_poverty,cob_lowtemp_ind_heat_tbtu,cob_ghgrp_combustion_facilities_n,crb_clean_gen_mw
39087,Lawrence County,OH,0.4802207242412651,1957,0.658996265191581,0.20688315022002352,0.48500938874693234,0.8141621315377716,0.5926519062976892,0.5570653388969768,0.33975345394571754,0,,0,0,0,0,0,0,0,prm_nonattainment,cob_energy_community,prm_moratorium_active,cob_persistent_poverty,cob_ghgrp_combustion_facilities_n,crb_clean_gen_mw
21103,Henry County,KY,0.48019312840332573,1958,0.6103455602373148,0.2252621515782379,0.5706045730963506,0.8358953252293669,0.6024378093198985,0.8850312819824092,0.16086157012323798,0,,0,0,0,0,0,0,0,prm_pct_tribal,prm_moratorium_active,prm_moratorium_proposed,cob_lowtemp_ind_heat_tbtu,cob_persistent_poverty,cob_energy_community
12097,Osceola County,FL,0.4801588308638529,1959,0.7122800663855021,0.4235624872887125,0.520511077696553,0.790851564182638,0.42972527528994464,0.7605344380517686,0.07472548980572385,0,,0,0,0,0,0,0,0,prm_nonattainment,prm_moratorium_active,prm_pct_tribal,cob_persistent_poverty,cob_energy_community,cob_ghgrp_combustion_facilities_n
45065,McCormick County,SC,0.48010128104386846,1960,0.5146354169406625,0.5047342101626715,0.41976967548737826,0.8992710478897161,0.5731361207735003,0.48942667796509354,0.1476449201529674,0,,0,0,0,0,0,0,0,prm_moratorium_active,haz_karst_exposed_pct,prm_pct_tribal,cob_lowtemp_ind_heat_tbtu,cob_ghgrp_combustion_facilities_n,pwr_substations_230kv_n
20019,Chautauqua County,KS,0.4800999370739293,1961,0.4703861143233217,0.5072192752823053,0.4952973114419935,0.9009314558414377,0.46226863543213503,0.4759704853110278,0.17691034306536374,0,,0,0,0,0,0,0,0,prm_contested_total,lnd_pct_buildable,prm_moratorium_active,cob_persistent_poverty,cob_energy_community,pwr_substations_230kv_n
13069,Coffee County,GA,0.48008896886842317,1962,0.6323574482432156,0.46788669037681957,0.5334524497259523,0.880567997542324,0.47497865845365667,0.32812335569803536,0.139427058389709,0,,0,0,0,0,0,0,0,prm_nonattainment,prm_contested_total,haz_karst_exposed_pct,cob_persistent_poverty,cob_energy_community,pwr_dist_retired_plant_km
13035,Butts County,GA,0.480004083144243,1963,0.6698687143287475,0.3909359601702601,0.39490575483311446,0.8846208003478627,0.6219176992307914,0.7551366316714869,0.08766929248789126,0,,0,0,0,0,0,0,0,prm_moratorium_active,prm_tax_exemption_status,prm_moratorium_proposed,cob_lowtemp_ind_heat_tbtu,cob_persistent_poverty,cob_energy_community
06061,Placer County,CA,0.47998684227712696,1964,0.4080622664234495,0.6489104089020568,0.5479330181494505,0.6630668577464038,0.6282695107481195,0.5772495130205579,0.12788684697025976,0,,0,0,0,0,0,0,0,prm_moratorium_active,prm_moratorium_proposed,prm_contested_total,pwr_ind_price_cents_kwh,cob_persistent_poverty,cob_energy_community
05053,Grant County,AR,0.47995659036310406,1965,0.6913819691230471,0.4614509141501558,0.556733829315479,0.8839772937290782,0.434167549891799,0.423746375729759,0.09253744995659335,0,,0,0,0,0,0,0,0,prm_moratorium_proposed,prm_pct_tribal,prm_moratorium_active,lnd_dist_ixp_km,cob_ghgrp_combustion_facilities_n,cob_persistent_poverty
21195,Pike County,KY,0.47991156569383786,1966,0.5180028215199278,0.24646188285968504,0.49109869012511487,0.8607538149876978,0.5605915638822906,0.4280227839169973,0.5196930074518007,0,,0,0,0,0,0,0,0,prm_pct_tribal,cob_persistent_poverty,cob_energy_community,cob_ghgrp_combustion_facilities_n,pwr_substations_230kv_n,lnd_dist_interstate_km
47043,Dickson County,TN,0.47965339195611895,1967,0.59544619570086,0.3886167619462653,0.6340884959907003,0.8591369144632717,0.5307197327972789,0.5741363049171813,0.0902161454068208,0,,0,0,0,0,0,0,0,prm_moratorium_active,prm_moratorium_proposed,prm_contested_total,cob_ghgrp_combustion_facilities_n,cob_persistent_poverty,pwr_substations_230kv_n
30083,Richland County,MT,0.4796461307649883,1968,0.3684524001955571,0.4945542802952862,0.5845117639771271,0.8212260291824564,0.6995351354701799,0.2462942996472126,0.359283624074069,0,,0,0,0,0,0,0,0,prm_nonattainment,haz_karst_exposed_pct,cob_energy_community,cob_persistent_poverty,pwr_substations_230kv_n,pwr_dist_retired_plant_km
38045,LaMoure County,ND,0.47962703790678923,1969,0.5187906055870444,0.49793627358106984,0.6974847478715207,0.8315421383734887,0.6823681387501814,0.24231826964152972,0.13110154387271364,0,,0,0,0,0,0,0,0,prm_price_growth_pct,prm_moratorium_active,prm_moratorium_proposed,cob_persistent_poverty,cob_energy_community,pwr_substations_230kv_n
56023,Lincoln County,WY,0.479623108302865,1970,0.527698617610689,0.623424760032701,0.43718155490285726,0.789602234687045,0.6238181419465536,0.43277797570236903,0.11238598434700234,0,,0,0,0,0,0,0,0,prm_pop_density_km2,lnd_pct_buildable,prm_moratorium_active,cob_ghgrp_combustion_facilities_n,prm_nonattainment,cob_persistent_poverty
21185,Oldham County,KY,0.4794955481395286,1971,0.7357213548322471,0.23297332104589494,0.7744620482749897,0.6964457890829817,0.51841947431928,0.8777129561706989,0.09639627489672604,0,,0,0,0,0,0,0,0,prm_moratorium_active,wtr_bws_score,wtr_bws_2050_score,prm_nonattainment,cob_ghgrp_combustion_facilities_n,cob_persistent_poverty
01017,Chambers County,AL,0.47920290315649794,1972,0.6003903263602476,0.4473981825615397,0.42905541511392586,0.8555625018693142,0.542193517268275,0.7354564653680712,0.09408745521819313,0,,0,0,0,0,0,0,0,prm_moratorium_active,prm_moratorium_proposed,prm_contested_total,crb_queue_clean_mw,cob_persistent_poverty,cob_energy_community
51167,Russell County,VA,0.47914370533531364,1973,0.6193821305119295,0.20349743780809515,0.5031390717666914,0.9223655903730489,0.6217989952811763,0.5965835081026264,0.2739900086122762,0,,0,0,0,0,0,0,0,prm_moratorium_proposed,prm_tax_exemption_status,prm_moratorium_active,cob_ghgrp_combustion_facilities_n,crb_queue_clean_mw,cob_persistent_poverty
48411,San Saba County,TX,0.47906371781295826,1974,0.5018591895576278,0.5706181512569821,0.3392956201844071,0.8988045691052479,0.4104984549768998,0.4436564937772925,0.25972093757233644,0,,0,0,0,0,0,0,0,prm_moratorium_active,prm_pct_tribal,lnd_pct_buildable,cob_persistent_poverty,pwr_substations_230kv_n,lnd_dist_brownfield_or_retired_km
42055,Franklin County,PA,0.479054417601936,1975,0.6257771515257248,0.3717132218603694,0.46856551252191875,0.7795048170176372,0.6988285275583875,0.6934888524236354,0.09909618541748308,0,,0,0,0,0,0,0,0,prm_moratorium_active,prm_moratorium_proposed,prm_contested_total,cob_persistent_poverty,pwr_substations_230kv_n,cob_energy_community
47167,Tipton County,TN,0.47901714719533567,1976,0.604491653478531,0.41665181169953536,0.6275378179790853,0.7697168636138279,0.48090322775785066,0.45903539867839366,0.12560293834638994,0,,0,0,0,0,0,0,0,prm_pct_tribal,prm_moratorium_active,prm_moratorium_proposed,cob_ghgrp_combustion_facilities_n,cob_persistent_poverty,cob_energy_community
01045,Dale County,AL,0.47901316616705997,1977,0.6448847768423118,0.48370727612749914,0.5263785513477115,0.8347534966232439,0.5016473196686371,0.3795213167247509,0.11128734896690512,0,,0,0,0,0,0,0,0,prm_contested_total,prm_moratorium_active,prm_moratorium_proposed,cob_persistent_poverty,cob_energy_community,lnd_dist_interstate_km
39117,Morrow County,OH,0.47897843131242157,1978,0.6027628173185235,0.29664140109034237,0.46571164004014315,0.7555004938197802,0.7223566283794249,0.7059353145811684,0.16209732981964547,0,,0,0,0,0,0,0,0,prm_moratorium_active,haz_karst_exposed_pct,prm_moratorium_proposed,cob_ghgrp_combustion_facilities_n,cob_persistent_poverty,cob_energy_community
51061,Fauquier County,VA,0.4789685192961025,1979,0.695104839319085,0.3682383199345746,0.5775942343276872,0.7954746609595954,0.6705389084034667,0.6827105163277105,0.059909055461700195,0,,0,0,0,0,0,0,0,prm_pct_tribal,prm_tax_exemption_status,prm_moratorium_active,cob_ghgrp_combustion_facilities_n,prm_contested_total,cob_persistent_poverty
38011,Bowman County,ND,0.4789068086418366,1980,0.5311335681959218,0.4922542067875259,0.5807841422038243,0.8878117552746023,0.752546729350107,0.20459172165474304,0.16039686960505609,0,,0,0,0,0,0,0,0,prm_price_growth_pct,cob_heat_demand,prm_moratorium_active,lnd_dist_ixp_km,cob_persistent_poverty,cob_energy_community
23029,Washington County,ME,0.4789055956565181,1981,0.28035379737628496,0.5635586846113646,0.8190977298737938,0.8157782764574629,0.685320114869447,0.24743428380137586,0.31560170097578233,0,,0,0,0,0,0,0,0,wtr_bws_score,cob_heat_demand,wtr_bws_2050_score,cob_persistent_poverty,cob_energy_community,pwr_substations_230kv_n
20151,Pratt County,KS,0.4787672025335096,1982,0.604363679133199,0.6691779856047949,0.39850071480548876,0.8186758063816996,0.44077602833828694,0.2752954767232685,0.1746159610249045,0,,0,0,0,0,0,0,0,prm_contested_total,prm_nonattainment,haz_karst_exposed_pct,cob_persistent_poverty,cob_energy_community,lnd_dist_interstate_km
29209,Stone County,MO,0.4787265075498541,1983,0.4469729049438586,0.454933835508061,0.4060165798755402,0.8676116619900925,0.44729432974360994,0.5562014164264178,0.2949986872714003,0,,0,0,0,0,0,0,0,prm_pct_tribal,prm_contested_total,cob_energy_community,crb_clean_gen_mw,haz_karst_exposed_pct,crb_queue_clean_mw
38049,McHenry County,ND,0.4786700905808593,1984,0.4997514264643052,0.46432659097335904,0.5201116377333956,0.8701509434493758,0.6515730086589522,0.25374472899567024,0.22957508756933642,0,,0,0,0,0,0,0,0,prm_pop_density_km2,haz_karst_exposed_pct,prm_moratorium_active,lnd_dist_ixp_km,cob_persistent_poverty,cob_energy_community
24019,Dorchester County,MD,0.4786516417871954,1985,0.5505479903430234,0.4090952408567989,0.5309123425783678,0.7809872359285746,0.46773226185438227,0.5053671517222533,0.18580512424311135,0,,0,0,0,0,0,0,0,prm_pct_tribal,prm_moratorium_active,prm_moratorium_proposed,cob_persistent_poverty,cob_energy_community,lnd_dist_interstate_km
39021,Champaign County,OH,0.47862634044932856,1986,0.5337228189992722,0.370478741518966,0.49811472614329055,0.7340055785333589,0.6908570726728188,0.6442492816704485,0.15244460839998736,0,,0,0,0,0,0,0,0,prm_contested_total,haz_karst_exposed_pct,prm_moratorium_active,cob_persistent_poverty,cob_ghgrp_combustion_facilities_n,cob_energy_community
49033,Rich County,UT,0.4781788593878309,1987,0.48262042653757825,0.48130077134334115,0.3534906188915951,0.8717620288861196,0.6813571242424566,0.5385797103438946,0.18443053403073745,0,,0,0,0,0,0,0,0,prm_pop_density_km2,lnd_pct_buildable,cob_heat_demand,cob_lowtemp_ind_heat_tbtu,cob_persistent_poverty,cob_ghgrp_combustion_facilities_n
01115,St. Clair County,AL,0.4781543720245523,1988,0.581210351855457,0.44685819748511246,0.5333986684871379,0.8368926147293266,0.5424147681946535,0.7983085091916419,0.06803896376286361,0,,0,0,0,0,0,0,0,prm_contested_total,prm_moratorium_active,prm_moratorium_proposed,crb_queue_clean_mw,pwr_substations_230kv_n,cob_energy_community
48151,Fisher County,TX,0.47807915203516677,1989,0.7245097157815152,0.6706674129935923,0.3019600557266579,0.8589847637785991,0.4871780998029655,0.4931884737522924,0.08195674547959739,0,,0,0,0,0,0,0,0,prm_pct_tribal,lnd_pct_buildable,prm_moratorium_active,cob_lowtemp_ind_heat_tbtu,cob_persistent_poverty,cob_energy_community
37149,Polk County,NC,0.47799014952738333,1990,0.6210513835497504,0.41515586638504687,0.432834487553096,0.8722353446338931,0.5689838533049808,0.6840617194990543,0.09569742084497433,0,,0,0,0,0,0,0,0,prm_tax_exemption_status,haz_karst_exposed_pct,prm_moratorium_active,cob_persistent_poverty,cob_energy_community,pwr_substations_230kv_n
22099,St. Martin Parish,LA,0.4778636639319967,1991,0.6388639086924649,0.3807573013756059,0.6839819159985892,0.8447447430020578,0.3674584754660072,0.5109844087776998,0.11473707685316717,0,,0,0,0,0,0,0,0,prm_pct_tribal,haz_karst_exposed_pct,prm_moratorium_active,cob_persistent_poverty,cob_energy_community,pwr_substations_230kv_n
48031,Blanco County,TX,0.4778069318129119,1992,0.5010528286119246,0.6198806396182527,0.32961506701618337,0.8822157478663134,0.3426639746785443,0.6013279740533574,0.2076220819259123,0,,0,0,0,0,0,0,0,prm_moratorium_active,lnd_pct_buildable,cob_energy_community,cob_persistent_poverty,pwr_substations_230kv_n,lnd_dist_interstate_km
40067,Jefferson County,OK,0.4777810005208996,1993,0.4852656319789486,0.49746768554161314,0.5407555221090806,0.8592347500271019,0.35969747509599725,0.5258544599307341,0.17843697824271335,0,,0,0,0,0,0,0,0,prm_pct_tribal,haz_karst_exposed_pct,lnd_pct_buildable,cob_lowtemp_ind_heat_tbtu,cob_persistent_poverty,cob_energy_community
28011,Bolivar County,MS,0.47775102056074764,1994,0.4071343274512743,0.46244038601641846,0.5924006231814797,0.7718930875051627,0.41880278603462934,0.26626045917301244,0.5198974198138455,0,,0,0,0,0,0,0,0,prm_nonattainment,prm_contested_total,wtr_bws_2050_score,lnd_dist_interstate_km,wtr_wwtp_flow_mgd,cob_ghgrp_combustion_facilities_n
01005,Barbour County,AL,0.4777507550117177,1995,0.4614440907420204,0.38972757297906585,0.5185439456114309,0.8653203310708638,0.5491223750321813,0.3758022439283251,0.2985448358848221,0,,0,0,0,0,0,0,0,cob_persistent_poverty,prm_moratorium_active,prm_moratorium_proposed,lnd_dist_brownfield_or_retired_km,crb_queue_clean_mw,crb_clean_gen_mw
37003,Alexander County,NC,0.4775185494238686,1996,0.5779695225379157,0.44388861133284613,0.4582444558472033,0.8599796159830135,0.6421538159425619,0.6413543871863335,0.08719733175645529,0,,0,0,0,0,0,0,0,prm_tax_exemption_status,haz_karst_exposed_pct,prm_moratorium_active,cob_persistent_poverty,cob_energy_community,pwr_substations_230kv_n
54011,Cabell County,WV,0.47749273351062027,1997,0.5663176050247942,0.20414941363547728,0.5367369478169828,0.80696060659436,0.67083844478298,0.6093287607320473,0.32258080672782646,0,,0,0,0,0,0,0,0,prm_pct_tribal,prm_nonattainment,prm_moratorium_active,crb_clean_gen_mw,crb_queue_clean_mw,cob_persistent_poverty
39171,Williams County,OH,0.47739856015418747,1998,0.4853470412587519,0.2519397980163564,0.7140973019157697,0.7306591446412307,0.6917951778493856,0.7227851314409244,0.1914108425264523,0,,0,0,0,0,0,0,0,prm_pct_tribal,wtr_bws_score,wtr_bws_2050_score,cob_energy_community,cob_persistent_poverty,crb_queue_clean_mw
31047,Dawson County,NE,0.4773934202317826,1999,0.5616759711987483,0.4694189489854737,0.3158106400003594,0.8578482820309606,0.6052500524646723,0.5085233866178182,0.19660053207967898,0,,0,0,0,0,0,0,0,prm_pop_density_km2,haz_karst_exposed_pct,prm_moratorium_active,lnd_dist_ixp_km,lnd_dist_cement_km,cob_persistent_poverty
39131,Pike County,OH,0.47732427873864425,2000,0.6486338092669974,0.20876159639445824,0.4694662241747392,0.8161110200420563,0.6114165305544996,0.4630644742946503,0.39751730634933674,0,,0,0,0,0,0,0,0,prm_moratorium_active,cob_energy_community,prm_pct_tribal,cob_lowtemp_ind_heat_tbtu,lnd_dist_interstate_km,cob_persistent_poverty
22123,West Carroll Parish,LA,0.4773182265477648,2001,0.5020243208462208,0.46132825017225426,0.445577278828173,0.795230428989266,0.36228373157335003,0.3051051919043817,0.4826642770090984,0,,0,0,0,0,0,0,0,prm_contested_total,prm_pct_tribal,haz_karst_exposed_pct,cob_lowtemp_ind_heat_tbtu,cob_ghgrp_combustion_facilities_n,crb_clean_gen_mw
05133,Sevier County,AR,0.4773072557143514,2002,0.3809295839810446,0.37507412494343556,0.672158309682308,0.8842191409358356,0.43111828135091046,0.5554078518471763,0.2731841816843804,0,,0,0,0,0,0,0,0,prm_nonattainment,prm_contested_total,wtr_bws_2050_score,cob_persistent_poverty,pwr_substations_230kv_n,pwr_dist_retired_plant_km
17027,Clinton County,IL,0.47719143353235016,2003,0.5415439387750548,0.4715720117987951,0.5392467393772971,0.7133687357107787,0.5920758061276776,0.5422922646098004,0.11920176488080987,0,,0,0,0,0,0,0,0,prm_pct_tribal,prm_moratorium_active,prm_moratorium_proposed,cob_persistent_poverty,pwr_substations_230kv_n,cob_energy_community
27097,Morrison County,MN,0.4770873478651011,2004,0.49623098290709955,0.505032960538117,0.3860389486921128,0.8428514239844065,0.6769932000085804,0.3313442711994042,0.23445633299751373,0,,0,0,0,0,0,0,0,haz_karst_exposed_pct,prm_nonattainment,cob_heat_demand,cob_ghgrp_combustion_facilities_n,cob_persistent_poverty,cob_energy_community
47003,Bedford County,TN,0.4770579641382815,2005,0.6086925204422137,0.43849136888847806,0.43815390564051454,0.8546213845969035,0.4867131726694019,0.771196432288578,0.09331840689232243,0,,0,0,0,0,0,0,0,prm_moratorium_active,prm_nonattainment,prm_moratorium_proposed,cob_persistent_poverty,cob_energy_community,pwr_substations_230kv_n
01009,Blount County,AL,0.47682669597138944,2006,0.5955580726266197,0.38324427009201184,0.4428743680417119,0.8456403762346053,0.5625723315022246,0.6906590636307289,0.11991538084813869,0,,0,0,0,0,0,0,0,prm_nonattainment,prm_moratorium_active,prm_moratorium_proposed,cob_persistent_poverty,cob_energy_community,crb_queue_clean_mw
31037,Colfax County,NE,0.47680679466970116,2007,0.5763493513842631,0.4356643234357425,0.42302339434789166,0.8165183273006201,0.5332912018799211,0.5485020800303954,0.15339238510900707,0,,0,0,0,0,0,0,0,prm_moratorium_active,haz_karst_exposed_pct,prm_pop_density_km2,crb_clean_gen_mw,lnd_dist_interstate_km,cob_persistent_poverty
54087,Roane County,WV,0.47673490376755895,2008,0.43097723220303363,0.2021217769809113,0.6289485909039291,0.8548438966726272,0.611653785937214,0.5207540608435718,0.5469846036106425,0,,0,0,0,0,0,0,0,haz_karst_exposed_pct,prm_moratorium_active,cob_persistent_poverty,cob_lowtemp_ind_heat_tbtu,crb_clean_gen_mw,pwr_substations_230kv_n
32007,Elko County,NV,0.4767266636832173,2009,0.4616395782106622,0.47516901537490314,0.34969054135239075,0.8207354103379141,0.5704831014531153,0.4679396675534748,0.308772003532619,0,,0,0,0,0,0,0,0,prm_contested_total,cob_energy_community,lnd_pct_buildable,lnd_dist_cement_km,cob_ghgrp_combustion_facilities_n,cob_persistent_poverty
13249,Schley County,GA,0.47663547518424887,2010,0.6537425947113734,0.3969537925279053,0.4764754172561064,0.9291531268471586,0.5848967850599759,0.5258317275700253,0.08976748959195273,0,,0,0,0,0,0,0,0,prm_moratorium_active,prm_tax_exemption_status,prm_pct_tribal,cob_lowtemp_ind_heat_tbtu,cob_persistent_poverty,cob_energy_community
54031,Hardy County,WV,0.47660246506541304,2011,0.5742398221591385,0.19275322889911015,0.5783130661123221,0.8547553704678637,0.6000813258854802,0.5619727574332776,0.3385493137326761,0,,0,0,0,0,0,0,0,prm_pop_density_km2,prm_moratorium_active,prm_moratorium_proposed,crb_queue_clean_mw,cob_persistent_poverty,pwr_substations_230kv_n
45001,Abbeville County,SC,0.4765793509184374,2012,0.6129064791651552,0.43845230712989747,0.4118832032879786,0.8877792659934486,0.5861050829541514,0.5130428179876309,0.11772724480282243,0,,0,0,0,0,0,0,0,prm_pct_tribal,prm_moratorium_active,prm_moratorium_proposed,cob_ghgrp_combustion_facilities_n,cob_persistent_poverty,wtr_wwtp_flow_mgd
28081,Lee County,MS,0.4761290074574258,2013,0.5953616043720101,0.4482807030375727,0.6023342814016107,0.8116801070014047,0.4510443578156449,0.5143265749541165,0.10014899032084135,0,,0,0,0,0,0,0,0,prm_pct_tribal,prm_moratorium_active,prm_moratorium_proposed,cob_persistent_poverty,cob_energy_community,pwr_substations_230kv_n
51036,Charles City County,VA,0.47605508306939004,2014,0.6738703633781099,0.41989053210110266,0.40485771243460994,0.9114755521141106,0.5899813884277874,0.6628093940949368,0.07749273803059016,0,,0,0,0,0,0,0,0,prm_pct_tribal,prm_tax_exemption_status,prm_moratorium_active,cob_persistent_poverty,cob_energy_community,cob_ghgrp_combustion_facilities_n
28079,Leake County,MS,0.4760210428481223,2015,0.4750201290391357,0.3740610083453857,0.4530060917117587,0.865060209460419,0.44957094672577447,0.5075092122613242,0.3222782213172391,0,,0,0,0,0,0,0,0,prm_moratorium_active,cob_persistent_poverty,prm_moratorium_proposed,crb_queue_clean_mw,cob_energy_community,pwr_substations_230kv_n
46071,Jackson County,SD,0.4759827726497628,2016,0.2984414584247345,0.42022118233731626,0.6315718892916143,0.7826272052020639,0.5728519412198164,0.4762819448920855,0.4286361627867868,0,,0,0,0,0,0,0,0,prm_moratorium_proposed,wtr_bws_2050_score,prm_moratorium_active,cob_lowtemp_ind_heat_tbtu,cob_energy_community,pwr_dist_hv345_line_km
39005,Ashland County,OH,0.47595745182929816,2017,0.45512965311972386,0.2288740674621185,0.5336101315291184,0.7686172728438518,0.6968633034441817,0.7598911154288187,0.3445163889164869,0,,0,0,0,0,0,0,0,prm_contested_total,cob_energy_community,haz_karst_exposed_pct,cob_persistent_poverty,crb_queue_clean_mw,crb_clean_gen_mw
37011,Avery County,NC,0.47587327582851163,2018,0.43942383313091443,0.43618635613782203,0.5617351313603267,0.8963589841685767,0.6632221120307455,0.4955009768847969,0.13785916133819187,0,,0,0,0,0,0,0,0,prm_moratorium_active,prm_moratorium_proposed,prm_contested_total,cob_lowtemp_ind_heat_tbtu,cob_ghgrp_combustion_facilities_n,crb_queue_clean_mw
30053,Lincoln County,MT,0.47581270793775265,2019,0.44453085050750757,0.5470113798354967,0.6683806884319493,0.855871675282417,0.603740465754477,0.23430629408692824,0.17131668553675858,0,,0,0,0,0,0,0,0,prm_pct_tribal,prm_moratorium_active,prm_moratorium_proposed,lnd_dist_cement_km,lnd_dist_eaf_steel_km,pwr_dist_hv345_line_km
28139,Tippah County,MS,0.4757532694349931,2020,0.6366042874088426,0.39375481287707154,0.5604013461480996,0.85583836035135,0.4199589153159202,0.43376919525061375,0.14193722814142518,0,,0,0,0,0,0,0,0,prm_moratorium_active,prm_contested_total,prm_moratorium_proposed,cob_lowtemp_ind_heat_tbtu,cob_ghgrp_combustion_facilities_n,crb_queue_clean_mw
12079,Madison County,FL,0.47568912984328354,2021,0.471593286456672,0.4222939639516867,0.42428210334506755,0.8485670012401874,0.368532011033219,0.6241030621724419,0.29446517522554394,0,,0,0,0,0,0,0,0,prm_nonattainment,cob_persistent_poverty,prm_moratorium_active,cob_energy_community,pwr_dist_hv345_line_km,pwr_substations_230kv_n
54055,Mercer County,WV,0.47566095112627127,2022,0.5104760611476381,0.22078600950637567,0.5625492861850078,0.8240804006318858,0.6181841682174518,0.6781202426607936,0.29830500482606004,0,,0,0,0,0,0,0,0,prm_pct_tribal,prm_moratorium_active,prm_moratorium_proposed,crb_clean_gen_mw,crb_queue_clean_mw,pwr_substations_230kv_n
18079,Jennings County,IN,0.4756060336276604,2023,0.5664871477003638,0.4069516838341281,0.4614052061644701,0.8210699033275555,0.607858969309683,0.7019922713766665,0.10482121647049253,0,,0,0,0,0,0,0,0,prm_moratorium_proposed,prm_moratorium_active,prm_pct_tribal,cob_ghgrp_combustion_facilities_n,cob_persistent_poverty,cob_energy_community
21115,Johnson County,KY,0.47554844565483206,2024,0.5703578552221341,0.20156811223478915,0.4975669391397995,0.8576250984202904,0.5260112355183243,0.47179588335276595,0.5254015732734618,0,,0,0,0,0,0,0,0,lnd_pct_cropland,prm_pct_tribal,prm_moratorium_active,cob_ghgrp_combustion_facilities_n,pwr_substations_230kv_n,lnd_dist_interstate_km
39039,Defiance County,OH,0.4755216458129159,2025,0.4451199932962946,0.304894611330026,0.725794704987764,0.7297817388145125,0.715997276253289,0.6600254992798639,0.1633433549520556,0,,0,0,0,0,0,0,0,prm_pct_tribal,wtr_bws_score,wtr_bws_2050_score,cob_energy_community,cob_ghgrp_combustion_facilities_n,cob_persistent_poverty
38103,Wells County,ND,0.4753903995822735,2026,0.5823941957657383,0.403001267894498,0.6858376231655423,0.8333134093834871,0.7156759915830985,0.20422619220582083,0.15743549035632937,0,,0,0,0,0,0,0,0,prm_contested_total,prm_moratorium_active,prm_moratorium_proposed,lnd_dist_interstate_km,cob_persistent_poverty,cob_energy_community
31027,Cedar County,NE,0.4753793604687592,2027,0.5020003546115444,0.4969223632930251,0.5599931792778148,0.8242721745991014,0.6013902109110332,0.4639207592932821,0.10803258451368049,0,,0,0,0,0,0,0,0,prm_nonattainment,haz_karst_exposed_pct,prm_moratorium_active,cob_ghgrp_combustion_facilities_n,pwr_substations_230kv_n,cob_energy_community
40151,Woods County,OK,0.4753785246597104,2028,0.5880219969081725,0.6461709407896901,0.3250015344948984,0.8440482400660692,0.4313803932807099,0.436221919112354,0.1538712411084953,0,,0,0,0,0,0,0,0,prm_moratorium_active,prm_pop_density_km2,lnd_pct_buildable,cob_persistent_poverty,cob_energy_community,pwr_dist_retired_plant_km
12093,Okeechobee County,FL,0.475360400221791,2029,0.6765546137073158,0.41653687269245243,0.42660211220489314,0.8040102834415834,0.5012183857002475,0.5646698979667751,0.1184237905450812,0,,0,0,0,0,0,0,0,haz_alr_coastal_flood,prm_moratorium_active,prm_moratorium_proposed,cob_persistent_poverty,cob_energy_community,cob_ghgrp_combustion_facilities_n
40129,Roger Mills County,OK,0.4751162358216886,2030,0.6459237518488825,0.5938653963286662,0.3344590181425095,0.8613490887304163,0.45212805382577587,0.4859909147522033,0.11528923278206274,0,,0,0,0,0,0,0,0,prm_moratorium_active,prm_moratorium_proposed,prm_contested_total,cob_persistent_poverty,cob_energy_community,pwr_dist_retired_plant_km
05039,Dallas County,AR,0.47509776379543667,2031,0.5919404991205092,0.3852141934264199,0.4680209146171067,0.885851396170859,0.47000366718976644,0.3340387028777036,0.2467270695802761,0,,0,0,0,0,0,0,0,prm_pct_tribal,prm_nonattainment,haz_karst_exposed_pct,crb_clean_gen_mw,cob_ghgrp_combustion_facilities_n,cob_persistent_poverty
37125,Moore County,NC,0.47493771770933557,2032,0.6497031639558225,0.48543867592895884,0.5184649188034985,0.8778295480627601,0.49149118603851866,0.5616004492775516,0.06534528225963034,0,,0,0,0,0,0,0,0,prm_contested_total,prm_moratorium_active,prm_tax_exemption_status,cob_persistent_poverty,cob_ghgrp_combustion_facilities_n,cob_energy_community
08105,Rio Grande County,CO,0.47492880171757335,2033,0.38757428759878954,0.4583283525875695,0.4654460517661024,0.8618417320679004,0.6283681246127284,0.5138674067673153,0.23322523800552813,0,,0,0,0,0,0,0,0,prm_pop_density_km2,prm_moratorium_active,prm_moratorium_proposed,cob_persistent_poverty,cob_ghgrp_combustion_facilities_n,pwr_dist_hv345_line_km
27087,Mahnomen County,MN,0.4748400778989262,2034,0.4393663300933442,0.4401786429534331,0.5731672918417804,0.719467733578641,0.7334597504523235,0.29080095913450227,0.27593794954991513,0,,0,0,0,0,0,0,0,prm_nonattainment,haz_karst_exposed_pct,prm_moratorium_active,cob_lowtemp_ind_heat_tbtu,lnd_dist_cement_km,lnd_dist_eaf_steel_km
48393,Roberts County,TX,0.47480813870894206,2035,0.6500499827554046,0.5250511855475234,0.5231101126311036,0.8977948758389676,0.5259383601627403,0.2862617462891603,0.09885126106536274,0,,0,0,0,0,0,0,0,prm_moratorium_proposed,prm_pct_tribal,haz_karst_exposed_pct,cob_lowtemp_ind_heat_tbtu,cob_ghgrp_combustion_facilities_n,cob_persistent_poverty
31159,Seward County,NE,0.47480770887351376,2036,0.5935309266445471,0.4593072420723937,0.36286902911393815,0.8232443182879416,0.6173342393189676,0.6902005958764973,0.10700464916551879,0,,0,0,0,0,0,0,0,haz_karst_exposed_pct,prm_moratorium_active,prm_moratorium_proposed,cob_ghgrp_combustion_facilities_n,cob_persistent_poverty,cob_energy_community
51021,Bland County,VA,0.47474683156255354,2037,0.5951221379361902,0.20148602642512445,0.4752483477414343,0.9362381387577096,0.7043542612592687,0.6654088573183388,0.23415654346023618,0,,0,0,0,0,0,0,0,prm_moratorium_proposed,prm_pop_density_km2,prm_moratorium_active,cob_persistent_poverty,pwr_substations_230kv_n,cob_ghgrp_combustion_facilities_n
20017,Chase County,KS,0.47463787855170536,2038,0.49293458489119873,0.5028220044413947,0.5835973584166168,0.8951289341069009,0.3195471527055984,0.5466386179867436,0.14378321099901975,0,,0,0,0,0,0,0,0,prm_nonattainment,prm_contested_total,lnd_pct_buildable,cob_lowtemp_ind_heat_tbtu,cob_persistent_poverty,cob_energy_community
55005,Barron County,WI,0.47454708769762344,2039,0.4402530832242878,0.4915632162573392,0.4898598996648037,0.817469143687721,0.8240351382201945,0.29765663615904736,0.20338961064580155,0,,0,0,0,0,0,0,0,haz_karst_exposed_pct,cob_heat_demand,prm_moratorium_active,cob_persistent_poverty,cob_ghgrp_combustion_facilities_n,pwr_substations_230kv_n
12013,Calhoun County,FL,0.4745434681440156,2040,0.5068515855145506,0.5277285732221151,0.5452880728032037,0.8518852761319241,0.4026431235512409,0.4842364545301119,0.1321888087723981,0,,0,0,0,0,0,0,0,prm_pop_density_km2,prm_contested_total,prm_moratorium_active,cob_lowtemp_ind_heat_tbtu,cob_energy_community,cob_persistent_poverty
38101,Ward County,ND,0.47421368233817807,2041,0.4690996714337392,0.5313700337957477,0.6155014051857061,0.835356469308068,0.6830175197356105,0.23880221313278602,0.15780519260376788,0,,0,0,0,0,0,0,0,prm_moratorium_active,prm_moratorium_proposed,prm_contested_total,lnd_dist_interstate_km,cob_persistent_poverty,cob_energy_community
30005,Blaine County,MT,0.4741831866557812,2042,0.43260759049073766,0.5370629785295666,0.3193554584201961,0.7883599496157809,0.7028916200888659,0.3204060739471075,0.39077032107844356,0,,0,0,0,0,0,0,0,prm_contested_total,cob_persistent_poverty,prm_moratorium_active,cob_energy_community,cob_ghgrp_combustion_facilities_n,pwr_dist_hv345_line_km
42099,Perry County,PA,0.4739986769377184,2043,0.7001558485399577,0.27747498219441785,0.5373451382799368,0.813470038838631,0.6873882761732212,0.6063024672434573,0.10465409475928669,0,,0,0,0,0,0,0,0,prm_pct_tribal,prm_moratorium_active,prm_moratorium_proposed,cob_ghgrp_combustion_facilities_n,cob_persistent_poverty,cob_energy_community
13023,Bleckley County,GA,0.4739622546384738,2044,0.6251328101729765,0.42659221527786667,0.3920602870053362,0.8823699586478632,0.5258756491169524,0.4975550604075471,0.1399734592685102,0,,0,0,0,0,0,0,0,prm_nonattainment,prm_pct_tribal,prm_moratorium_active,cob_lowtemp_ind_heat_tbtu,cob_persistent_poverty,cob_energy_community
06093,Siskiyou County,CA,0.47391097676772076,2045,0.2620623438822109,0.5145104249585839,0.5118037958230096,0.8174885705528381,0.5430705325175594,0.6908106154635948,0.3543031087037812,0,,0,0,0,0,0,0,0,prm_nonattainment,cob_energy_community,prm_moratorium_active,pwr_ind_price_cents_kwh,cob_persistent_poverty,prm_price_growth_pct
18161,Union County,IN,0.47390671944403817,2046,0.6494518733278564,0.4159689905702605,0.43685169217144953,0.7556730062056292,0.7056039901599365,0.5718747854462205,0.09357325313947945,0,,0,0,0,0,0,0,0,prm_moratorium_active,prm_moratorium_proposed,haz_karst_exposed_pct,cob_lowtemp_ind_heat_tbtu,cob_persistent_poverty,cob_energy_community
46055,Haakon County,SD,0.4737878944384829,2047,0.45999756312013246,0.4750833863979117,0.6257608296751679,0.8729107324298585,0.5867028134462,0.4028253836538053,0.12588946922882846,0,,0,0,0,0,0,0,0,prm_moratorium_proposed,wtr_bws_2050_score,wtr_bws_score,wtr_wwtp_flow_mgd,cob_persistent_poverty,cob_energy_community
13227,Pickens County,GA,0.4737876852875696,2048,0.6339595053858228,0.39411827138804917,0.3637468257964188,0.9054730443466418,0.6714385734128795,0.6270777818385098,0.10431210538072261,0,,0,0,0,0,0,0,0,prm_moratorium_active,prm_tax_exemption_status,prm_pct_tribal,cob_ghgrp_combustion_facilities_n,cob_energy_community,cob_persistent_poverty
05117,Prairie County,AR,0.47375497153412766,2049,0.6268666686602984,0.40220389228096176,0.4666939420902011,0.8109910087035171,0.40545115008028904,0.39393232424946795,0.220453332381562,0,,0,0,0,0,0,0,0,prm_nonattainment,prm_pct_tribal,haz_karst_exposed_pct,cob_lowtemp_ind_heat_tbtu,cob_ghgrp_combustion_facilities_n,cob_persistent_poverty
56003,Big Horn County,WY,0.4737423222900332,2050,0.4120791666438718,0.4899257588327594,0.3106332107241188,0.8907745909708041,0.6339150534285,0.36048719934299195,0.4347958922838461,0,,0,0,0,0,0,0,0,prm_moratorium_active,cob_heat_demand,prm_moratorium_proposed,lnd_dist_interstate_km,pwr_dist_hv345_line_km,crb_queue_clean_mw
05125,Saline County,AR,0.4736959147970875,2051,0.6323401355101298,0.44488502713353323,0.6635904908096382,0.848998736771494,0.45447987130908124,0.5174712427130237,0.06736697654003751,0,,0,0,0,0,0,0,0,prm_nonattainment,prm_pct_tribal,prm_moratorium_active,cob_ghgrp_combustion_facilities_n,cob_persistent_poverty,cob_energy_community
47189,Wilson County,TN,0.47338026633403435,2052,0.6287719577907428,0.3841717811867871,0.6685382465549549,0.841961814050143,0.4706309741420989,0.6946393707910209,0.06356277123893987,0,,0,0,0,0,0,0,0,prm_moratorium_active,prm_pct_tribal,prm_nonattainment,cob_ghgrp_combustion_facilities_n,cob_persistent_poverty,cob_energy_community
13003,Atkinson County,GA,0.4732926016835954,2053,0.500688178333329,0.410344585545894,0.46343866278597695,0.9104023207435276,0.47051463431185253,0.3255601839616386,0.30587113438663555,0,,0,0,0,0,0,0,0,prm_nonattainment,cob_persistent_poverty,haz_karst_exposed_pct,cob_lowtemp_ind_heat_tbtu,cob_energy_community,pwr_substations_230kv_n
51590,Danville city,VA,0.4732656264796958,2054,0.6235993783745553,0.2404967163661223,0.5189075509957916,0.8432420616991422,0.6137305966490503,0.540030190276472,0.21592427972592915,0,,0,0,0,0,0,0,0,prm_tax_exemption_status,prm_pct_tribal,prm_moratorium_proposed,cob_persistent_poverty,cob_energy_community,pwr_substations_230kv_n
38079,Rolette County,ND,0.4731653186612859,2055,0.4420501214694358,0.45532806662058184,0.40883393673265,0.8309634217589283,0.7661359122493009,0.2193904243670851,0.4196536474972805,0,,0,0,0,0,0,0,0,prm_price_growth_pct,cob_persistent_poverty,prm_moratorium_active,crb_queue_clean_mw,lnd_dist_ixp_km,cob_energy_community
24021,Frederick County,MD,0.4730576567201578,2056,0.7655122495000158,0.31972086810282474,0.5192898249024187,0.6248685919868802,0.6976412154130227,0.8176070567156571,0.07462489769746983,0,,0,0,0,0,0,0,0,prm_moratorium_proposed,prm_pct_tribal,prm_moratorium_active,prm_nonattainment,cob_ghgrp_combustion_facilities_n,cob_persistent_poverty
47045,Dyer County,TN,0.4729580184469619,2057,0.5279558068281498,0.40755106371676375,0.5542655150064538,0.7839333477178643,0.4867396156694299,0.5883950790073996,0.14003042039019856,0,,0,0,0,0,0,0,0,prm_moratorium_active,haz_karst_exposed_pct,prm_pct_tribal,cob_ghgrp_combustion_facilities_n,crb_queue_clean_mw,crb_clean_gen_mw
29103,Knox County,MO,0.47295339003350667,2058,0.4183710502770553,0.4440860412448605,0.6396153819199544,0.8274956306115736,0.5877262072799482,0.42162630022713116,0.1720589895704948,0,,0,0,0,0,0,0,0,prm_moratorium_active,prm_pop_density_km2,prm_moratorium_proposed,cob_lowtemp_ind_heat_tbtu,cob_ghgrp_combustion_facilities_n,pwr_substations_230kv_n
19107,Keokuk County,IA,0.47287566393160924,2059,0.4124397159786602,0.40132862726103236,0.6625313062193098,0.8322987531792979,0.6376992634129014,0.46969186734584073,0.16546986270837635,0,,0,0,0,0,0,0,0,prm_pct_tribal,prm_moratorium_active,prm_moratorium_proposed,cob_persistent_poverty,crb_queue_clean_mw,cob_energy_community
55095,Polk County,WI,0.47286879342881094,2060,0.4878144886589583,0.5047735393148771,0.35943268746125767,0.8359275077303403,0.7699270989599435,0.3644422933991078,0.20086982862694436,0,,0,0,0,0,0,0,0,prm_nonattainment,cob_heat_demand,prm_moratorium_active,cob_ghgrp_combustion_facilities_n,cob_persistent_poverty,cob_energy_community
37103,Jones County,NC,0.4728077287049173,2061,0.5394796024848147,0.5634526575094589,0.49717306857467103,0.8896144500269909,0.4852893181918682,0.3027468311179372,0.14103040620028637,0,,0,0,0,0,0,0,0,prm_pop_density_km2,prm_moratorium_active,prm_moratorium_proposed,cob_lowtemp_ind_heat_tbtu,cob_persistent_poverty,pwr_dist_hv345_line_km
46097,Miner County,SD,0.4728045152701273,2062,0.41439008422254225,0.42487780092991984,0.6960591031711887,0.8306482890140875,0.6372772237009966,0.41652494119902855,0.15508719915979455,0,,0,0,0,0,0,0,0,prm_moratorium_active,wtr_bws_score,wtr_bws_2050_score,crb_clean_gen_mw,lnd_dist_cement_km,crb_queue_clean_mw
12003,Baker County,FL,0.47279629493047504,2063,0.640667564112541,0.41877307507551687,0.49153018364393164,0.8497230630820557,0.5125924281275961,0.6993236572576546,0.0736029241329456,0,,0,0,0,0,0,0,0,prm_nonattainment,prm_pct_tribal,prm_moratorium_active,cob_lowtemp_ind_heat_tbtu,cob_persistent_poverty,cob_energy_community
48195,Hansford County,TX,0.472782771504394,2064,0.6515441322742973,0.6940466048109741,0.4026803457105969,0.8342031997062315,0.5111786415846654,0.28454017172572765,0.09758334979983917,0,,0,0,0,0,0,0,0,prm_moratorium_active,prm_county_can_zone,prm_pop_density_km2,cob_persistent_poverty,cob_energy_community,lnd_dist_cement_km
08089,Otero County,CO,0.47256101205636547,2065,0.4049451040676734,0.5283343924957784,0.3158091758014067,0.8680711975971049,0.5286353983619652,0.626174248080524,0.2693083228376567,0,,0,0,0,0,0,0,0,prm_nonattainment,lnd_pct_buildable,prm_moratorium_proposed,cob_persistent_poverty,cob_ghgrp_combustion_facilities_n,pwr_substations_230kv_n
55113,Sawyer County,WI,0.47205619073237853,2066,0.558736452089213,0.46731556097350263,0.4270328500634674,0.8573702596550165,0.8643263536357743,0.17513868354579828,0.23188824847656286,0,,0,0,0,0,0,0,0,haz_karst_exposed_pct,prm_pop_density_km2,cob_heat_demand,cob_ghgrp_combustion_facilities_n,cob_persistent_poverty,cob_energy_community
45037,Edgefield County,SC,0.47197503657427675,2067,0.5447965222563645,0.431200385939964,0.4339667724838625,0.8825446187378247,0.5684928829418149,0.6312815044596968,0.11151017422997828,0,,0,0,0,0,0,0,0,prm_moratorium_proposed,prm_moratorium_active,prm_pct_tribal,crb_queue_clean_mw,wtr_wwtp_flow_mgd,crb_clean_gen_mw
47187,Williamson County,TN,0.4717867354359602,2068,0.572586984722806,0.3924575278336845,0.6650214403912983,0.8308726190124959,0.5701670664915733,0.6963579136798507,0.06151619202445722,0,,0,0,0,0,0,0,0,prm_moratorium_active,prm_nonattainment,prm_moratorium_proposed,cob_persistent_poverty,cob_energy_community,pwr_substations_230kv_n
12075,Levy County,FL,0.47175039675595876,2069,0.6083535569320885,0.4218357567505854,0.5560416443383219,0.8470848677522216,0.3876420669511919,0.5517829712727199,0.1114219533276196,0,,0,0,0,0,0,0,0,prm_nonattainment,prm_moratorium_active,prm_moratorium_proposed,cob_persistent_poverty,cob_energy_community,cob_ghgrp_combustion_facilities_n
29225,Webster County,MO,0.4716323639204037,2070,0.5251388941838585,0.4255497738821976,0.45100829982153307,0.8676640576066164,0.45121075841831343,0.6518762024550948,0.1452022491105537,0,,0,0,0,0,0,0,0,prm_pct_tribal,lnd_pct_buildable,prm_moratorium_active,crb_clean_gen_mw,crb_queue_clean_mw,cob_energy_community
51195,Wise County,VA,0.4716311900102212,2071,0.4803675186702566,0.25458155355085527,0.5491488547792047,0.9127777155992031,0.6041253795398518,0.5541418339120526,0.2699255684096164,0,,0,0,0,0,0,0,0,prm_moratorium_proposed,prm_tax_exemption_status,prm_moratorium_active,cob_lowtemp_ind_heat_tbtu,cob_persistent_poverty,pwr_substations_230kv_n
13235,Pulaski County,GA,0.47127381213720526,2072,0.5852493854126426,0.40357949615355304,0.40821621869290936,0.878938034176316,0.48080002169584424,0.49670576131225846,0.17521614997512241,0,,0,0,0,0,0,0,0,prm_nonattainment,prm_pct_tribal,prm_moratorium_active,cob_persistent_poverty,cob_energy_community,pwr_substations_230kv_n
47119,Maury County,TN,0.4711582284278549,2073,0.6280717224308526,0.44075179575292367,0.4743949881744623,0.8465719814117008,0.4617188143794092,0.7495753425178835,0.07440451175559598,0,,0,0,0,0,0,0,0,prm_moratorium_active,prm_pct_tribal,prm_nonattainment,cob_persistent_poverty,cob_energy_community,crb_clean_gen_mw
27117,Pipestone County,MN,0.47087393284201257,2074,0.48553135588757523,0.5508953667179526,0.4381222501566432,0.78022271382923,0.6266107818661445,0.32568784032493425,0.18833186075764682,0,,0,0,0,0,0,0,0,prm_nonattainment,prm_pop_density_km2,cob_heat_demand,cob_persistent_poverty,cob_energy_community,cob_ghgrp_combustion_facilities_n
30015,Chouteau County,MT,0.4708076689988858,2075,0.4686092222969787,0.5303681868372037,0.4366365322662644,0.7898002545559387,0.7951534942196551,0.29712928191966076,0.18559214202901045,0,,0,0,0,0,0,0,0,prm_pop_density_km2,haz_alr_riverine_flood,prm_moratorium_active,cob_persistent_poverty,cob_energy_community,pwr_dist_hv345_line_km
51155,Pulaski County,VA,0.4705409254948828,2076,0.5311791417337687,0.33420061198701334,0.4615260941796926,0.9084651348626932,0.7209061305476633,0.7531172200590054,0.10440773569903743,0,,0,0,0,0,0,0,0,prm_moratorium_active,prm_tax_exemption_status,prm_moratorium_proposed,cob_lowtemp_ind_heat_tbtu,cob_persistent_poverty,pwr_substations_230kv_n
01111,Randolph County,AL,0.4704651140274261,2077,0.5483174962564973,0.45523904212752536,0.37365256478960496,0.8633907280845214,0.5294974260628954,0.6443177846551266,0.131400048716232,0,,0,0,0,0,0,0,0,prm_moratorium_active,prm_moratorium_proposed,prm_contested_total,cob_ghgrp_combustion_facilities_n,crb_queue_clean_mw,cob_energy_community
06057,Nevada County,CA,0.47026311377549584,2078,0.26754542743411985,0.6227602752336349,0.5546736842409883,0.688542064500837,0.5592585555601916,0.5561171921544382,0.30734484888008695,0,,0,0,0,0,0,0,0,prm_pct_tribal,cob_energy_community,haz_karst_exposed_pct,pwr_ind_price_cents_kwh,cob_persistent_poverty,prm_price_growth_pct
30047,Lake County,MT,0.4700590127491289,2079,0.4517845858290728,0.5500846787787164,0.5804214993607145,0.638554163075395,0.6604415231235872,0.38436170989596224,0.1548514292646842,0,,0,0,0,0,0,0,0,prm_contested_total,prm_moratorium_active,prm_moratorium_proposed,prm_nonattainment,lnd_dist_eaf_steel_km,lnd_dist_interstate_km
46111,Sanborn County,SD,0.46990397558824093,2080,0.5092957879921113,0.4217317083178136,0.6859426031951875,0.8404650664392385,0.4952637294904903,0.3571812696083154,0.14149965531014366,0,,0,0,0,0,0,0,0,haz_karst_exposed_pct,prm_contested_total,prm_moratorium_active,cob_lowtemp_ind_heat_tbtu,wtr_wwtp_flow_mgd,lnd_dist_cement_km
05025,Cleveland County,AR,0.469802844636484,2081,0.4678992049434355,0.3906236359487636,0.5338551483452819,0.885859606167982,0.43674196091884276,0.3936781673275851,0.27046262629721907,0,,0,0,0,0,0,0,0,prm_contested_total,prm_pct_tribal,cob_energy_community,cob_lowtemp_ind_heat_tbtu,cob_ghgrp_combustion_facilities_n,cob_persistent_poverty
46059,Hand County,SD,0.46976771364908404,2082,0.561718174518906,0.495931825198198,0.68181587093271,0.8352870517304035,0.5880029648714852,0.25170487541502923,0.10342035294614567,0,,0,0,0,0,0,0,0,haz_karst_exposed_pct,prm_contested_total,wtr_bws_2050_score,crb_queue_clean_mw,lnd_dist_interstate_km,lnd_dist_cement_km
13043,Candler County,GA,0.46944244385829814,2083,0.5221184353754836,0.5104829559079574,0.5354243669115849,0.8947112380160265,0.4772449884509482,0.44195754342874705,0.10415304272201231,0,,0,0,0,0,0,0,0,prm_pct_tribal,prm_nonattainment,haz_karst_exposed_pct,cob_lowtemp_ind_heat_tbtu,cob_persistent_poverty,cob_ghgrp_combustion_facilities_n
22003,Allen Parish,LA,0.4693706105749326,2084,0.5271607144723472,0.45656548205268005,0.4206198608791786,0.8644519681387779,0.3906083890431188,0.3316103741289405,0.30652300426123336,0,,0,0,0,0,0,0,0,prm_nonattainment,haz_karst_exposed_pct,prm_moratorium_active,cob_ghgrp_combustion_facilities_n,crb_queue_clean_mw,cob_persistent_poverty
55069,Lincoln County,WI,0.46931308387808707,2085,0.4750864662619431,0.4115415135637708,0.437029334497055,0.8666418191067677,0.8367728780545043,0.2865457895425985,0.23575191377648375,0,,0,0,0,0,0,0,0,prm_moratorium_active,haz_karst_exposed_pct,cob_heat_demand,cob_persistent_poverty,pwr_substations_230kv_n,cob_energy_community
13133,Greene County,GA,0.46929089438301796,2086,0.6317518985552482,0.40897804475239036,0.4115675392766495,0.926069329628078,0.6022494888539727,0.7074881721958416,0.07096371089664483,0,,0,0,0,0,0,0,0,prm_nonattainment,prm_moratorium_active,prm_moratorium_proposed,cob_lowtemp_ind_heat_tbtu,cob_ghgrp_combustion_facilities_n,pwr_substations_230kv_n
51033,Caroline County,VA,0.46917391975489897,2087,0.642315634656874,0.34101220956615386,0.5216846465102639,0.8626491512009081,0.641293070483501,0.6226882862616404,0.07872550316631076,0,,0,0,0,0,0,0,0,prm_pct_tribal,prm_moratorium_active,prm_moratorium_proposed,cob_lowtemp_ind_heat_tbtu,cob_persistent_poverty,cob_energy_community
28045,Hancock County,MS,0.46902009568725916,2088,0.7000716250740032,0.4283843305340912,0.45855691303759344,0.8478021990965011,0.3506423375592217,0.570325186920376,0.10709816878926556,0,,0,0,0,0,0,0,0,haz_karst_exposed_pct,prm_pct_tribal,prm_moratorium_proposed,cob_persistent_poverty,cob_energy_community,wtr_wwtp_flow_mgd
05141,Van Buren County,AR,0.4690196697862164,2089,0.40676995402744887,0.4722049070892983,0.5845343896461141,0.8858910662582834,0.4139331646445053,0.30334247802126585,0.30743912091112835,0,,0,0,0,0,0,0,0,prm_moratorium_active,cob_energy_community,prm_pop_density_km2,pwr_substations_230kv_n,cob_persistent_poverty,cob_ghgrp_combustion_facilities_n
39053,Gallia County,OH,0.4689798465036422,2090,0.6239225288260861,0.20867282623353334,0.48638286505697215,0.8268166717939062,0.6109880681634395,0.49527355818433816,0.3160505913588869,0,,0,0,0,0,0,0,0,prm_pct_tribal,prm_moratorium_active,cob_energy_community,cob_ghgrp_combustion_facilities_n,crb_queue_clean_mw,cob_persistent_poverty
46047,Fall River County,SD,0.46891856020446565,2091,0.5069683411434383,0.5163399265356016,0.3654785220073437,0.8972351681414371,0.5257074127157755,0.4390712582899874,0.17370038218580794,0,,0,0,0,0,0,0,0,prm_contested_total,prm_moratorium_active,lnd_pct_buildable,cob_persistent_poverty,cob_energy_community,pwr_dist_hv345_line_km
13123,Gilmer County,GA,0.4688877692322371,2092,0.5963697577432422,0.38945410749609405,0.44373561708968207,0.9187644017217145,0.6021136717478457,0.473306452113371,0.11787448050095398,0,,0,0,0,0,0,0,0,prm_moratorium_proposed,prm_tax_exemption_status,prm_moratorium_active,cob_ghgrp_combustion_facilities_n,cob_energy_community,cob_persistent_poverty
39135,Preble County,OH,0.46880775155357374,2093,0.6469610836307741,0.3012809491619567,0.48307185119481755,0.695781327456045,0.6473213909575679,0.6247158224494598,0.1470068830138382,0,,0,0,0,0,0,0,0,prm_nonattainment,haz_karst_exposed_pct,prm_moratorium_active,cob_persistent_poverty,pwr_substations_230kv_n,cob_ghgrp_combustion_facilities_n
12023,Columbia County,FL,0.4686913456905551,2094,0.5917570639646467,0.41105326527899055,0.4203000005479926,0.8348377446500085,0.4774775190204592,0.720393560721913,0.11242741283579487,0,,0,0,0,0,0,0,0,prm_pct_tribal,haz_alr_coastal_flood,prm_moratorium_proposed,cob_ghgrp_combustion_facilities_n,cob_energy_community,cob_persistent_poverty
48269,King County,TX,0.46850307970121446,2095,0.5553901637153186,0.6479901576233534,0.37187326384714997,0.8995065033029528,0.45594793915785364,0.3738003417381563,0.12303580452910053,0,,0,0,0,0,0,0,0,prm_moratorium_proposed,prm_pct_tribal,lnd_pct_buildable,cob_lowtemp_ind_heat_tbtu,cob_energy_community,lnd_dist_interstate_km
39163,Vinton County,OH,0.46840451776163816,2096,0.5568404372927002,0.263203029979999,0.4282796135617791,0.8412350045552011,0.6900656034047244,0.40498545734308355,0.33711847930607614,0,,0,0,0,0,0,0,0,prm_moratorium_active,prm_pct_tribal,haz_karst_exposed_pct,cob_lowtemp_ind_heat_tbtu,cob_persistent_poverty,lnd_dist_interstate_km
13137,Habersham County,GA,0.46833782868119717,2097,0.5186945378230916,0.4238396897533366,0.4815793683940365,0.9026056120813989,0.5979071367398343,0.6202629991833601,0.09492165682702074,0,,0,0,0,0,0,0,0,prm_contested_total,prm_tax_exemption_status,prm_moratorium_active,cob_ghgrp_combustion_facilities_n,cob_persistent_poverty,pwr_substations_230kv_n
37143,Perquimans County,NC,0.46817727552057925,2098,0.5568725622062759,0.5401355257688073,0.4788308701402892,0.8381811377033105,0.5533571914177655,0.4415545071061251,0.0894675698622307,0,,0,0,0,0,0,0,0,prm_pct_tribal,prm_moratorium_active,prm_moratorium_proposed,cob_lowtemp_ind_heat_tbtu,cob_ghgrp_combustion_facilities_n,cob_persistent_poverty
37073,Gates County,NC,0.46816683930321246,2099,0.618499916673235,0.49118722476407184,0.4359356792818863,0.8831981102242528,0.5876161851545855,0.4112380624530098,0.09065811465630542,0,,0,0,0,0,0,0,0,prm_moratorium_active,prm_tax_exemption_status,prm_pct_tribal,cob_lowtemp_ind_heat_tbtu,cob_persistent_poverty,cob_energy_community
05105,Perry County,AR,0.4681423719405568,2100,0.6259505849589109,0.36775148187625,0.6129722742813761,0.8833722845267734,0.38570160760018585,0.47526459264105436,0.11744367070434954,0,,0,0,0,0,0,0,0,prm_pct_tribal,prm_pop_density_km2,prm_moratorium_active,cob_lowtemp_ind_heat_tbtu,crb_queue_clean_mw,pwr_substations_230kv_n
51111,Lunenburg County,VA,0.46813499499685585,2101,0.5300487706948325,0.35152645637979923,0.4259430336956938,0.9321319421847164,0.6869329498926774,0.5830366098403081,0.13385613403298352,0,,0,0,0,0,0,0,0,haz_karst_exposed_pct,prm_tax_exemption_status,prm_moratorium_active,cob_lowtemp_ind_heat_tbtu,cob_ghgrp_combustion_facilities_n,cob_persistent_poverty
04001,Apache County,AZ,0.4681318858045593,2102,0.45665376138458325,0.5968846780112053,0.19055373267412312,0.7303806158775771,0.731877292808379,0.3323339942503279,0.5683618005773277,0,,0,0,0,0,0,0,0,prm_nonattainment,lnd_pct_buildable,cob_persistent_poverty,cob_lowtemp_ind_heat_tbtu,wtr_drought_d2plus_pct_weeks,lnd_dist_brownfield_or_retired_km
29055,Crawford County,MO,0.4681192683043269,2103,0.4278100741771914,0.3706629650478358,0.6952542567497474,0.8826978657983642,0.43725808618101597,0.6701809360090265,0.13860755049188075,0,,0,0,0,0,0,0,0,prm_contested_total,prm_moratorium_active,wtr_bws_score,cob_energy_community,haz_karst_exposed_pct,pwr_substations_230kv_n
48419,Shelby County,TX,0.467910915660081,2104,0.40352431135194583,0.44459488477174663,0.5342371471422646,0.9004384298381879,0.4326332987032071,0.32544487948272044,0.33923671015775997,0,,0,0,0,0,0,0,0,prm_moratorium_active,lnd_pct_cropland,haz_karst_exposed_pct,pwr_substations_230kv_n,cob_persistent_poverty,lnd_dist_interstate_km
21197,Powell County,KY,0.46782059259801084,2105,0.5706011030708243,0.20664563452324752,0.5171758817923967,0.8578370643881151,0.5113827640018562,0.5715420460939216,0.3412679566339224,0,,0,0,0,0,0,0,0,prm_moratorium_active,prm_moratorium_proposed,cob_energy_community,crb_queue_clean_mw,cob_ghgrp_combustion_facilities_n,crb_clean_gen_mw
28001,Adams County,MS,0.4676536269767821,2106,0.3341418249557679,0.39265122982211664,0.5869090477371094,0.8484767651956409,0.46218321543731755,0.3608442887413794,0.5121917109132365,0,,0,0,0,0,0,0,0,haz_karst_exposed_pct,prm_moratorium_active,cob_persistent_poverty,crb_queue_clean_mw,pwr_saidi_min,lnd_dist_interstate_km
30025,Fallon County,MT,0.4676435499897971,2107,0.4213237835075544,0.4659059245313271,0.5435837396138891,0.8460687634568367,0.7081653627464449,0.3413231437806992,0.17569076159341324,0,,0,0,0,0,0,0,0,haz_karst_exposed_pct,prm_moratorium_proposed,cob_heat_demand,cob_lowtemp_ind_heat_tbtu,lnd_dist_interstate_km,lnd_dist_eaf_steel_km
28115,Pontotoc County,MS,0.4674452848952248,2108,0.5737024473692156,0.39236220678098016,0.6232824748342616,0.8428310243260541,0.4202911751808621,0.5029683095901906,0.11319601754868105,0,,0,0,0,0,0,0,0,prm_moratorium_active,prm_contested_total,prm_moratorium_proposed,lnd_dist_interstate_km,cob_ghgrp_combustion_facilities_n,wtr_wwtp_flow_mgd
31045,Dawes County,NE,0.46740629945962975,2109,0.47713525026930437,0.4078746425438006,0.5010445625113967,0.9070274227100523,0.6234153512081819,0.40915836577957876,0.16295667369837027,0,,0,0,0,0,0,0,0,prm_pop_density_km2,prm_nonattainment,prm_moratorium_active,cob_lowtemp_ind_heat_tbtu,cob_ghgrp_combustion_facilities_n,lnd_dist_interstate_km
13231,Pike County,GA,0.46730374898576543,2110,0.5886174158632278,0.44718566049005465,0.4845271669160467,0.9147522879396864,0.6324453215301883,0.6111828663791374,0.05947781973955019,0,,0,0,0,0,0,0,0,prm_tax_exemption_status,prm_pct_tribal,prm_moratorium_proposed,cob_lowtemp_ind_heat_tbtu,cob_ghgrp_combustion_facilities_n,cob_persistent_poverty
37079,Greene County,NC,0.4671361745971547,2111,0.5263000814381573,0.49689143704306843,0.39822679010476303,0.829968517289718,0.553548448885655,0.4809985640333187,0.14137192088164424,0,,0,0,0,0,0,0,0,prm_pct_tribal,prm_moratorium_active,prm_moratorium_proposed,cob_ghgrp_combustion_facilities_n,cob_persistent_poverty,pwr_substations_230kv_n
12125,Union County,FL,0.4671078177649182,2112,0.561154815140703,0.3928996340058649,0.39765068169710466,0.8437051256048482,0.4997402564578465,0.7637004913691082,0.12772516594340347,0,,0,0,0,0,0,0,0,prm_moratorium_active,haz_alr_coastal_flood,prm_pct_tribal,cob_persistent_poverty,pwr_substations_230kv_n,cob_energy_community
31015,Boyd County,NE,0.46688840007563503,2113,0.5495578663395693,0.4248619915334144,0.5315301350774504,0.888363422468104,0.4736194208430714,0.4421581409887663,0.12620313480069562,0,,0,0,0,0,0,0,0,prm_pop_density_km2,lnd_pct_buildable,prm_moratorium_active,lnd_dist_interstate_km,cob_ghgrp_combustion_facilities_n,cob_persistent_poverty
12083,Marion County,FL,0.4668133137264106,2114,0.6990074652324212,0.3381403799558737,0.44111331307550145,0.8165108567196642,0.4394385470914726,0.7733580568751824,0.10355014807976305,0,,0,0,0,0,0,0,0,prm_contested_total,prm_pct_tribal,prm_moratorium_proposed,cob_persistent_poverty,cob_energy_community,cob_ghgrp_combustion_facilities_n
21071,Floyd County,KY,0.46678068181226623,2115,0.5305177590913243,0.19535524164976242,0.4683191668612444,0.8566959894964635,0.5580179247193603,0.4802990108656145,0.5496559550324267,0,,0,0,0,0,0,0,0,prm_nonattainment,cob_persistent_poverty,cob_energy_community,cob_lowtemp_ind_heat_tbtu,cob_ghgrp_combustion_facilities_n,lnd_dist_interstate_km
12073,Leon County,FL,0.4667763321788991,2116,0.6340702673763704,0.38215603037272133,0.5268282526186641,0.8049121486373633,0.4399504298060492,0.5586228625214987,0.11135352338998815,0,,0,0,0,0,0,0,0,prm_nonattainment,prm_moratorium_active,prm_moratorium_proposed,cob_persistent_poverty,cob_energy_community,cob_ghgrp_combustion_facilities_n
38087,Slope County,ND,0.4667166193039051,2117,0.5113186640185968,0.48302028808623965,0.5504792379341333,0.8890861997021567,0.7548200809089114,0.18931539444900838,0.16244889937106918,0,,0,0,0,0,0,0,0,prm_moratorium_proposed,cob_heat_demand,prm_moratorium_active,cob_lowtemp_ind_heat_tbtu,lnd_dist_interstate_km,lnd_dist_brownfield_or_retired_km
01021,Chilton County,AL,0.4665067475444976,2118,0.5167056297639746,0.47094192415976666,0.4698231245109269,0.8528329174898502,0.4971484568192613,0.8219008262773954,0.07809082425584607,0,,0,0,0,0,0,0,0,prm_moratorium_active,prm_moratorium_proposed,prm_contested_total,crb_queue_clean_mw,cob_ghgrp_combustion_facilities_n,cob_persistent_poverty
06109,Tuolumne County,CA,0.4665035225054184,2119,0.34204847082366135,0.6476452779595003,0.4515913303159963,0.7157188790108084,0.6370745933928605,0.31560919183446373,0.3058985643835038,0,,0,0,0,0,0,0,0,cob_energy_community,lnd_pct_buildable,prm_moratorium_active,pwr_ind_price_cents_kwh,cob_persistent_poverty,prm_price_growth_pct
38097,Traill County,ND,0.4664065008030531,2120,0.455065667541101,0.40016610495494936,0.5712690552839792,0.8210526315789474,0.6710523431206136,0.32319589918252917,0.2054994522663409,0,,0,0,0,0,0,0,0,prm_price_growth_pct,haz_karst_exposed_pct,prm_moratorium_active,crb_clean_gen_mw,cob_persistent_poverty,cob_energy_community
13167,Johnson County,GA,0.4663859055200314,2121,0.5859072579778362,0.4042699548234975,0.4276439681675333,0.918073453957757,0.5297544666678105,0.5278076866603275,0.11714722186723868,0,,0,0,0,0,0,0,0,prm_nonattainment,prm_pct_tribal,haz_karst_exposed_pct,cob_persistent_poverty,cob_energy_community,cob_ghgrp_combustion_facilities_n
37013,Beaufort County,NC,0.46634745457335347,2122,0.45333758111763667,0.5243747204675951,0.5414361234394581,0.8681659110892218,0.4118217957107614,0.38620325837358616,0.17292706685310394,0,,0,0,0,0,0,0,0,prm_moratorium_active,prm_moratorium_proposed,prm_contested_total,lnd_dist_interstate_km,lnd_dist_cement_km,cob_persistent_poverty
06039,Madera County,CA,0.46621318886050844,2123,0.4354683155562002,0.7152773676237856,0.38495103267252684,0.6587183631917557,0.44689509859451426,0.3935653523352985,0.24587066057276097,0,,0,0,0,0,0,0,0,haz_karst_exposed_pct,prm_moratorium_active,prm_moratorium_proposed,pwr_ind_price_cents_kwh,cob_persistent_poverty,cob_energy_community
29135,Moniteau County,MO,0.4661593381137254,2124,0.46190554185435595,0.37726119040200906,0.6794227237919311,0.8593297122192114,0.5051738353542682,0.5704550957154151,0.11919523972834868,0,,0,0,0,0,0,0,0,lnd_pct_buildable,prm_pct_tribal,prm_moratorium_active,cob_ghgrp_combustion_facilities_n,pwr_substations_230kv_n,cob_persistent_poverty
21113,Jessamine County,KY,0.4661478352824763,2125,0.6870204541214134,0.2285042451530201,0.5555882727323511,0.8292303223541648,0.5793954151588944,0.725528871965886,0.11998353083142417,0,,0,0,0,0,0,0,0,prm_moratorium_proposed,lnd_pct_buildable,prm_moratorium_active,cob_persistent_poverty,cob_energy_community,pwr_substations_230kv_n
51183,Sussex County,VA,0.46593394415474504,2126,0.6028283244786092,0.43169891816598804,0.43614669872477857,0.9158631718447355,0.5633116565301413,0.5362699774122874,0.08733025919176435,0,,0,0,0,0,0,0,0,prm_tax_exemption_status,prm_pop_density_km2,prm_moratorium_proposed,cob_ghgrp_combustion_facilities_n,cob_energy_community,cob_persistent_poverty
19177,Van Buren County,IA,0.4657520254104702,2127,0.4325842115795471,0.3725846208107718,0.6514359703919205,0.871588743136721,0.5746901404853834,0.464765644820206,0.15705233930985535,0,,0,0,0,0,0,0,0,prm_pop_density_km2,prm_pct_tribal,haz_karst_exposed_pct,cob_lowtemp_ind_heat_tbtu,cob_persistent_poverty,cob_ghgrp_combustion_facilities_n
38067,Pembina County,ND,0.46574549517395214,2128,0.4126338066068924,0.3896525911002102,0.4488143020805998,0.8210526315789474,0.6616766866413195,0.30052909067452477,0.41289113085718876,0,,0,0,0,0,0,0,0,prm_moratorium_active,prm_pct_tribal,cob_heat_demand,cob_persistent_poverty,pwr_dist_hv345_line_km,pwr_dist_retired_plant_km
13307,Webster County,GA,0.46560047330255583,2129,0.5051793436804987,0.40236282261805767,0.4612964205845219,0.9104485811348532,0.5607380189025029,0.4305899934234744,0.16848627337266217,0,,0,0,0,0,0,0,0,prm_pop_density_km2,prm_moratorium_active,prm_moratorium_proposed,cob_lowtemp_ind_heat_tbtu,lnd_dist_interstate_km,wtr_wwtp_flow_mgd
38069,Pierce County,ND,0.4655780546249975,2130,0.517007606865019,0.462902111817046,0.49569083768666006,0.8534522168179146,0.7815750833894591,0.24124391650062157,0.15752121003130315,0,,0,0,0,0,0,0,0,prm_pop_density_km2,prm_price_growth_pct,prm_moratorium_active,cob_lowtemp_ind_heat_tbtu,cob_persistent_poverty,cob_energy_community
28109,Pearl River County,MS,0.4654316895588255,2131,0.666422878432334,0.36648253328248076,0.48269466073419504,0.8545852670077881,0.4437164177082098,0.6442734167521434,0.09369065148151605,0,,0,0,0,0,0,0,0,prm_pct_tribal,prm_nonattainment,prm_moratorium_active,crb_queue_clean_mw,wtr_wwtp_flow_mgd,crb_clean_gen_mw
28137,Tate County,MS,0.4653987211000008,2132,0.5157963662398252,0.3983718018579899,0.6377932503581957,0.8161910100452555,0.4205574403531362,0.5635491759810028,0.12045239860685533,0,,0,0,0,0,0,0,0,haz_karst_exposed_pct,prm_moratorium_active,prm_moratorium_proposed,cob_ghgrp_combustion_facilities_n,crb_queue_clean_mw,crb_clean_gen_mw
01039,Covington County,AL,0.4652483061726104,2133,0.5494409771440579,0.45452865278312193,0.5329032155620596,0.8577401375227199,0.434815727353086,0.4933064126999003,0.11065812607711704,0,,0,0,0,0,0,0,0,prm_moratorium_active,prm_moratorium_proposed,prm_contested_total,cob_persistent_poverty,cob_ghgrp_combustion_facilities_n,lnd_dist_interstate_km
28099,Neshoba County,MS,0.4652359740515976,2134,0.4152399378601996,0.3863502126155827,0.4397894471889881,0.849626892171529,0.4618132408605753,0.5453886250765795,0.31624721714032855,0,,0,0,0,0,0,0,0,haz_karst_exposed_pct,prm_moratorium_active,cob_persistent_poverty,cob_ghgrp_combustion_facilities_n,pwr_substations_230kv_n,cob_energy_community
12007,Bradford County,FL,0.46518136597916115,2135,0.6789799557625198,0.3375982598001547,0.4138450791735435,0.835400458354204,0.4797566566329381,0.6729933573236752,0.1196428901548943,0,,0,0,0,0,0,0,0,haz_alr_coastal_flood,prm_pct_tribal,prm_moratorium_proposed,cob_persistent_poverty,cob_energy_community,cob_ghgrp_combustion_facilities_n
13145,Harris County,GA,0.4650338971303729,2136,0.7072281389770135,0.4394857781962037,0.4386747848392677,0.91837884496958,0.6061471464659797,0.6258923829544066,0.04588702511120374,0,,0,0,0,0,0,0,0,prm_nonattainment,prm_moratorium_active,prm_moratorium_proposed,cob_persistent_poverty,cob_energy_community,cob_ghgrp_combustion_facilities_n
16043,Fremont County,ID,0.46495280831069324,2137,0.42363335720707507,0.580468650112262,0.371828195327499,0.8572912233428606,0.679663530237302,0.4059686265660636,0.16746195398692046,0,,0,0,0,0,0,0,0,prm_pop_density_km2,prm_moratorium_active,prm_moratorium_proposed,lnd_dist_ixp_km,cob_persistent_poverty,cob_energy_community
22043,Grant Parish,LA,0.46494734423635214,2138,0.5798597885834454,0.36858689403681155,0.6433733934347814,0.871837687834241,0.44179339522899613,0.41976283755286076,0.12116690657615953,0,,0,0,0,0,0,0,0,prm_moratorium_proposed,wtr_bws_2050_score,wtr_bws_score,cob_persistent_poverty,cob_ghgrp_combustion_facilities_n,crb_queue_clean_mw
46043,Douglas County,SD,0.4648695363917985,2139,0.49403380392069246,0.42827296124487024,0.6742206199740025,0.8145599226862048,0.5810177616872864,0.31298881886009433,0.13824301230344282,0,,0,0,0,0,0,0,0,prm_moratorium_active,prm_moratorium_proposed,prm_contested_total,crb_queue_clean_mw,cob_persistent_poverty,lnd_dist_ixp_km
40149,Washita County,OK,0.4648672513417925,2140,0.6017535912744965,0.5974845320035687,0.30866562303043554,0.8080995577498232,0.4397725667797383,0.5747105185017259,0.11563077195936144,0,,0,0,0,0,0,0,0,prm_moratorium_proposed,prm_pop_density_km2,prm_moratorium_active,cob_persistent_poverty,cob_energy_community,pwr_dist_retired_plant_km
12039,Gadsden County,FL,0.46480235735210834,2141,0.5290524113829693,0.404476415151375,0.48325861661529534,0.8339410077769458,0.3729706564142131,0.5590033770472874,0.18260674586459777,0,,0,0,0,0,0,0,0,prm_moratorium_active,prm_moratorium_proposed,prm_contested_total,cob_lowtemp_ind_heat_tbtu,cob_ghgrp_combustion_facilities_n,cob_persistent_poverty
47021,Cheatham County,TN,0.4647694553561675,2142,0.5944620547740662,0.43123684739239765,0.6146599460528103,0.853069004097896,0.5017392277163045,0.5967363517452071,0.05903709274452816,0,,0,0,0,0,0,0,0,prm_moratorium_active,prm_pct_tribal,prm_nonattainment,cob_ghgrp_combustion_facilities_n,cob_persistent_poverty,pwr_substations_230kv_n
21209,Scott County,KY,0.4646688198174782,2143,0.6538606457631302,0.23306490364669075,0.5687399192423473,0.8364875144297717,0.5837633478148642,0.8505489655918778,0.10090520895325511,0,,0,0,0,0,0,0,0,prm_moratorium_proposed,lnd_pct_buildable,prm_moratorium_active,cob_persistent_poverty,cob_energy_community,pwr_substations_230kv_n
56035,Sublette County,WY,0.46466761677990537,2144,0.4736178025493217,0.49657723510329566,0.4128828350233046,0.791736439493028,0.5929329393819874,0.4487202126613335,0.1722319727113347,0,,0,0,0,0,0,0,0,prm_pop_density_km2,prm_contested_total,prm_moratorium_active,cob_lowtemp_ind_heat_tbtu,cob_persistent_poverty,cob_energy_community
12069,Lake County,FL,0.4645781255039838,2145,0.7142598698605497,0.3121043406835381,0.4600260422783718,0.8054811965154701,0.5153612759834404,0.6489095331420683,0.1058794052270895,0,,0,0,0,0,0,0,0,prm_nonattainment,prm_moratorium_proposed,prm_moratorium_active,cob_persistent_poverty,cob_energy_community,crb_queue_clean_mw
13155,Irwin County,GA,0.46455554200154814,2146,0.6531953652723946,0.47792826746103617,0.3731607521065046,0.8797351643065697,0.4915019714942289,0.4458236362714995,0.10948850679082267,0,,0,0,0,0,0,0,0,prm_pct_tribal,prm_moratorium_active,prm_moratorium_proposed,cob_persistent_poverty,cob_energy_community,cob_ghgrp_combustion_facilities_n
51169,Scott County,VA,0.46450662952192523,2147,0.577223246901303,0.18580450919881883,0.5140075587179018,0.9280851180770303,0.575186251983618,0.6492964835482188,0.2633746728246229,0,,0,0,0,0,0,0,0,prm_moratorium_proposed,prm_tax_exemption_status,prm_moratorium_active,cob_lowtemp_ind_heat_tbtu,crb_queue_clean_mw,crb_clean_gen_mw
13229,Pierce County,GA,0.4642055183638196,2148,0.615490852345183,0.47418330830331384,0.5068834683705499,0.8943028304631723,0.4542300037455723,0.4618921334342632,0.08085496788661731,0,,0,0,0,0,0,0,0,prm_contested_total,prm_tax_exemption_status,haz_karst_exposed_pct,cob_persistent_poverty,cob_energy_community,cob_ghgrp_combustion_facilities_n
54041,Lewis County,WV,0.4641848083066237,2149,0.4383482366554578,0.19406935780673015,0.5530103051643389,0.8470897377981378,0.7214727784744656,0.6443395540259692,0.36581001890786347,0,,0,0,0,0,0,0,0,prm_pct_tribal,haz_karst_exposed_pct,prm_moratorium_active,cob_ghgrp_combustion_facilities_n,crb_queue_clean_mw,crb_clean_gen_mw
21119,Knott County,KY,0.4640310024411483,2150,0.39624799044550896,0.2608923382535972,0.443252326130296,0.872404433465605,0.5734659328507391,0.5144014955556365,0.561628127495066,0,,0,0,0,0,0,0,0,lnd_pct_cropland,prm_pct_tribal,prm_moratorium_active,cob_lowtemp_ind_heat_tbtu,cob_ghgrp_combustion_facilities_n,pwr_substations_230kv_n
21175,Morgan County,KY,0.4639273217898614,2151,0.402533118031451,0.2104819351906146,0.6819312559732686,0.8740552353837722,0.5139430351008747,0.4852129608907056,0.492473266203972,0,,0,0,0,0,0,0,0,prm_nonattainment,cob_persistent_poverty,cob_energy_community,cob_lowtemp_ind_heat_tbtu,pwr_substations_230kv_n,cob_ghgrp_combustion_facilities_n
54027,Hampshire County,WV,0.4638916270819823,2152,0.6326784960878827,0.289146425210432,0.545842031045192,0.850262159785925,0.6155730864420254,0.5644533637071424,0.10732800569195275,0,,0,0,0,0,0,0,0,prm_moratorium_active,prm_moratorium_proposed,prm_contested_total,cob_persistent_poverty,pwr_substations_230kv_n,cob_energy_community
51015,Augusta County,VA,0.46369114696990926,2153,0.5786025745383446,0.3139184730745216,0.5339139534511969,0.9097269600432751,0.6472029330839963,0.7566952701686405,0.07434399135645572,0,,0,0,0,0,0,0,0,prm_tax_exemption_status,prm_moratorium_active,prm_moratorium_proposed,cob_ghgrp_combustion_facilities_n,cob_energy_community,cob_persistent_poverty
13321,Worth County,GA,0.4635199697290748,2154,0.6492314008516598,0.45142461249675697,0.4111022930186444,0.8788092167919735,0.4079942184220043,0.4369781344247405,0.1280181858328339,0,,0,0,0,0,0,0,0,prm_pct_tribal,prm_nonattainment,prm_moratorium_active,cob_ghgrp_combustion_facilities_n,crb_queue_clean_mw,cob_persistent_poverty
47149,Rutherford County,TN,0.46348894723802164,2155,0.5777190020827987,0.4053706076995246,0.5302099793080584,0.8232660344464078,0.496520958686095,0.6583849623166756,0.08242965701070143,0,,0,0,0,0,0,0,0,prm_contested_total,prm_moratorium_active,prm_moratorium_proposed,cob_persistent_poverty,cob_ghgrp_combustion_facilities_n,cob_energy_community
05085,Lonoke County,AR,0.4633933753406288,2156,0.7193870832106561,0.47734819492864755,0.4948131563714921,0.788409416187404,0.4284140335053694,0.4484209205222769,0.07619698402805558,0,,0,0,0,0,0,0,0,haz_karst_exposed_pct,prm_moratorium_active,prm_moratorium_proposed,cob_persistent_poverty,cob_energy_community,crb_clean_gen_mw
51191,Washington County,VA,0.4633811196159264,2157,0.62735596010615,0.2701071648568175,0.5947295734254108,0.910854393527148,0.7063089594510121,0.6603711183043001,0.0722190832070097,0,,0,0,0,0,0,0,0,prm_moratorium_proposed,prm_moratorium_active,prm_contested_total,cob_persistent_poverty,cob_energy_community,pwr_substations_230kv_n
24045,Wicomico County,MD,0.4633770185372222,2158,0.5435811486745219,0.3931123239314028,0.4621634568247569,0.7478959281518799,0.5652248786486627,0.4749345136917078,0.17172088312940273,0,,0,0,0,0,0,0,0,prm_moratorium_proposed,prm_pct_tribal,haz_karst_exposed_pct,cob_persistent_poverty,lnd_dist_interstate_km,cob_energy_community
13257,Stephens County,GA,0.46315486338658846,2159,0.623475637275025,0.36497603311086524,0.37549275709220503,0.9050970132947722,0.556608788869702,0.6452840581902802,0.11074842301633282,0,,0,0,0,0,0,0,0,prm_nonattainment,prm_moratorium_active,prm_tax_exemption_status,cob_persistent_poverty,cob_energy_community,pwr_substations_230kv_n
13073,Columbia County,GA,0.4631435527686283,2160,0.67080775879582,0.436638096375115,0.4617175288581108,0.8790378292794672,0.5614622792715181,0.6050215665103967,0.05530370170163412,0,,0,0,0,0,0,0,0,prm_tax_exemption_status,prm_moratorium_active,prm_moratorium_proposed,cob_persistent_poverty,cob_energy_community,cob_ghgrp_combustion_facilities_n
13209,Montgomery County,GA,0.4631055922044391,2161,0.5365248244627131,0.46598212572261666,0.45988033962139135,0.9132337272058149,0.49804839477011165,0.4463128972697845,0.11665055829031346,0,,0,0,0,0,0,0,0,prm_nonattainment,haz_karst_exposed_pct,prm_moratorium_active,cob_lowtemp_ind_heat_tbtu,cob_persistent_poverty,cob_energy_community
24013,Carroll County,MD,0.46288620914297374,2162,0.6448005643021375,0.32162211421684256,0.557708270392537,0.644762601643435,0.7605438509814009,0.7626473582032144,0.0730508847517573,0,,0,0,0,0,0,0,0,prm_moratorium_active,prm_pct_tribal,prm_moratorium_proposed,cob_persistent_poverty,cob_energy_community,prm_nonattainment
21051,Clay County,KY,0.46276521203616006,2163,0.4004866871200917,0.20681690026105878,0.5150295879361716,0.8710296660909216,0.5806146451250371,0.5714112228750464,0.5770639809571213,0,,0,0,0,0,0,0,0,haz_karst_exposed_pct,prm_pct_tribal,prm_moratorium_proposed,cob_ghgrp_combustion_facilities_n,crb_queue_clean_mw,crb_clean_gen_mw
40053,Grant County,OK,0.46271660057672365,2164,0.6081388101582653,0.639559226557437,0.30585769266809715,0.796302012991596,0.47945266814841603,0.4057095116709009,0.12849986672436253,0,,0,0,0,0,0,0,0,prm_contested_total,prm_pop_density_km2,prm_moratorium_active,cob_lowtemp_ind_heat_tbtu,cob_persistent_poverty,cob_energy_community
19119,Lyon County,IA,0.46266023043173227,2165,0.6303613427304952,0.4142695695733236,0.40473972112524786,0.8100837139941044,0.6216920210129394,0.3479372234143354,0.1492039770344065,0,,0,0,0,0,0,0,0,prm_moratorium_proposed,haz_karst_exposed_pct,prm_pop_density_km2,crb_queue_clean_mw,cob_ghgrp_combustion_facilities_n,crb_clean_gen_mw
31023,Butler County,NE,0.4626033643657171,2166,0.5059822901612444,0.49475980533072306,0.43290218617139686,0.8222062417907853,0.5914732561979277,0.5844057433579329,0.09713479427144572,0,,0,0,0,0,0,0,0,prm_pct_tribal,prm_pop_density_km2,prm_moratorium_active,cob_persistent_poverty,cob_energy_community,crb_clean_gen_mw
54063,Monroe County,WV,0.46259729894328183,2167,0.5304345122446804,0.20031855582996874,0.5314227779775599,0.856270023690498,0.6056574267933539,0.6175488476463745,0.2849496833694102,0,,0,0,0,0,0,0,0,prm_moratorium_active,prm_moratorium_proposed,cob_energy_community,cob_persistent_poverty,pwr_substations_230kv_n,cob_ghgrp_combustion_facilities_n
33003,Carroll County,NH,0.46238152281199607,2168,0.343445457728957,0.4694722244616768,0.7638578249009148,0.8491834301935886,0.6511494823426802,0.3561851889126378,0.15095314090396145,0,,0,0,0,0,0,0,0,prm_nonattainment,haz_karst_exposed_pct,prm_moratorium_active,pwr_ind_price_cents_kwh,cob_persistent_poverty,cob_energy_community
41063,Wallowa County,OR,0.46233026517777676,2169,0.4541557802064089,0.6924358506007635,0.33264742509842465,0.8538886690905396,0.5524369451601937,0.4491306000320483,0.13069407961521304,0,,0,0,0,0,0,0,0,prm_nonattainment,lnd_pct_buildable,prm_moratorium_active,cob_persistent_poverty,cob_energy_community,pwr_dist_hv345_line_km
54071,Pendleton County,WV,0.4621280644565318,2170,0.4554959131881847,0.2628604753875165,0.6147650999513468,0.8563091666467862,0.6378110615004585,0.4091771128133999,0.27850883131694754,0,,0,0,0,0,0,0,0,prm_pop_density_km2,prm_moratorium_active,prm_moratorium_proposed,cob_lowtemp_ind_heat_tbtu,pwr_substations_230kv_n,cob_persistent_poverty
47117,Marshall County,TN,0.46205334263212816,2171,0.558742810350617,0.39163869718023336,0.5002244691757158,0.859706388047245,0.39759420740160323,0.7073492265582463,0.1087712811002438,0,,0,0,0,0,0,0,0,prm_moratorium_active,prm_nonattainment,prm_moratorium_proposed,cob_persistent_poverty,cob_energy_community,pwr_substations_230kv_n
13125,Glascock County,GA,0.4620164719165115,2172,0.6167504717107288,0.3995053810031044,0.49236577935179937,0.9310632346484123,0.5377965629000795,0.5059561583484389,0.07924310949439936,0,,0,0,0,0,0,0,0,prm_pop_density_km2,prm_moratorium_active,prm_moratorium_proposed,cob_lowtemp_ind_heat_tbtu,cob_ghgrp_combustion_facilities_n,cob_persistent_poverty
51027,Buchanan County,VA,0.46201006194438476,2173,0.4571603608622125,0.2550512205876852,0.44611080381187146,0.9284134840886636,0.5720960378907459,0.4124423864994758,0.46113242354162565,0,,0,0,0,0,0,0,0,prm_pct_tribal,prm_moratorium_active,cob_persistent_poverty,crb_clean_gen_mw,lnd_dist_interstate_km,pwr_substations_230kv_n
31121,Merrick County,NE,0.46199252188091655,2174,0.6431077350534569,0.4417354600447775,0.3255917823799493,0.835489342875289,0.4739775221939395,0.546193044179667,0.13861420399051996,0,,0,0,0,0,0,0,0,prm_moratorium_active,prm_contested_total,prm_moratorium_proposed,cob_persistent_poverty,cob_energy_community,pwr_dist_retired_plant_km
38031,Foster County,ND,0.461805341153553,2175,0.5016759960589113,0.4007207711402773,0.666152814775234,0.8303135160794228,0.7064835254724758,0.2493943890882356,0.14398929010391656,0,,0,0,0,0,0,0,0,prm_pct_tribal,prm_moratorium_active,prm_moratorium_proposed,crb_queue_clean_mw,cob_persistent_poverty,cob_energy_community
13025,Brantley County,GA,0.4617771960926925,2176,0.6405970569806814,0.4030187308157743,0.48188017594121363,0.9280170785806046,0.4674664885264279,0.4601918570449326,0.09371747648919017,0,,0,0,0,0,0,0,0,prm_pct_tribal,prm_moratorium_active,prm_tax_exemption_status,cob_lowtemp_ind_heat_tbtu,crb_queue_clean_mw,pwr_substations_230kv_n
38037,Grant County,ND,0.46164085741602195,2177,0.44567061664926133,0.41786924348153703,0.6448130641078432,0.8865912131136412,0.7565495091350913,0.18541011289636075,0.2063631771715042,0,,0,0,0,0,0,0,0,prm_pop_density_km2,lnd_pct_buildable,prm_moratorium_active,cob_lowtemp_ind_heat_tbtu,lnd_dist_eaf_steel_km,cob_ghgrp_combustion_facilities_n
40045,Ellis County,OK,0.461627668569176,2178,0.5647311674879392,0.654011953390983,0.4082759588453584,0.8614669590937989,0.516915218589495,0.2553902817290277,0.12047581625056789,0,,0,0,0,0,0,0,0,prm_moratorium_proposed,lnd_pct_buildable,prm_moratorium_active,cob_lowtemp_ind_heat_tbtu,cob_persistent_poverty,cob_energy_community
56017,Hot Springs County,WY,0.4615495253757427,2179,0.48141526507217386,0.437806418276661,0.27519013039193285,0.8522281032970949,0.5976872596237605,0.40285280937569873,0.35434648150603737,0,,0,0,0,0,0,0,0,prm_pop_density_km2,prm_nonattainment,prm_moratorium_active,lnd_dist_cement_km,cob_persistent_poverty,pwr_dist_hv345_line_km
38041,Hettinger County,ND,0.4613685560491588,2180,0.4154889184078404,0.48821633617137516,0.6422592787956402,0.8425784917066913,0.735672766835449,0.22962583333195927,0.16310243057009266,0,,0,0,0,0,0,0,0,prm_pop_density_km2,prm_price_growth_pct,prm_moratorium_active,crb_queue_clean_mw,cob_persistent_poverty,lnd_dist_eaf_steel_km
21063,Elliott County,KY,0.46129631472089755,2181,0.45033398532685226,0.21261989238727513,0.47896343372454353,0.8769591866073575,0.5323692697255858,0.4762829677322182,0.5933839705161927,0,,0,0,0,0,0,0,0,prm_pct_tribal,prm_moratorium_active,cob_persistent_poverty,cob_lowtemp_ind_heat_tbtu,cob_ghgrp_combustion_facilities_n,pwr_substations_230kv_n
31133,Pawnee County,NE,0.46126142923952534,2182,0.49028344533545526,0.44324413558141024,0.4222531423447921,0.8527375494732522,0.5460330784964406,0.5147827840075164,0.1489720241635913,0,,0,0,0,0,0,0,0,prm_pop_density_km2,haz_karst_exposed_pct,prm_moratorium_active,cob_ghgrp_combustion_facilities_n,cob_persistent_poverty,pwr_substations_230kv_n
12121,Suwannee County,FL,0.461207495485521,2183,0.5887843823967495,0.4229474085463778,0.41338113948244065,0.8294280074765434,0.43801961912616466,0.7826119543187885,0.09550150440659069,0,,0,0,0,0,0,0,0,prm_moratorium_proposed,prm_moratorium_active,prm_contested_total,cob_persistent_poverty,cob_energy_community,cob_ghgrp_combustion_facilities_n
51193,Westmoreland County,VA,0.46115592906072245,2184,0.60139167363561,0.37528120883247107,0.46097698931079706,0.8603736551725307,0.5988574031123254,0.4593715014615796,0.11309734015517994,0,,0,0,0,0,0,0,0,prm_pct_tribal,prm_moratorium_active,prm_moratorium_proposed,cob_ghgrp_combustion_facilities_n,cob_persistent_poverty,lnd_dist_interstate_km
53019,Ferry County,WA,0.46106158637526795,2185,0.34423038087114,0.5387405830138158,0.6741347394292994,0.7632324484117206,0.5932996175012064,0.35772739906836054,0.17624067553862388,0,,0,0,0,0,0,0,0,prm_pop_density_km2,prm_moratorium_active,prm_moratorium_proposed,crb_queue_clean_mw,prm_pct_tribal,lnd_dist_interstate_km
13183,Long County,GA,0.46102676984358254,2186,0.5586090159995641,0.4070123553425658,0.5556708372172331,0.9276729212506766,0.46432708742686324,0.47278121084390606,0.09694543079744652,0,,0,0,0,0,0,0,0,prm_pct_tribal,prm_moratorium_proposed,haz_karst_exposed_pct,cob_lowtemp_ind_heat_tbtu,crb_queue_clean_mw,pwr_substations_230kv_n
27065,Kanabec County,MN,0.46098247652429225,2187,0.5193727923300864,0.38746367587430675,0.35728524866262656,0.8615947971620874,0.7474866198105605,0.335998068370815,0.23526467042563448,0,,0,0,0,0,0,0,0,haz_karst_exposed_pct,cob_heat_demand,prm_moratorium_active,cob_persistent_poverty,lnd_dist_eaf_steel_km,cob_energy_community
51053,Dinwiddie County,VA,0.46062317653168877,2188,0.6519654760205869,0.3457452483157971,0.4113547889752428,0.9109887399590522,0.6626080066131546,0.6788884492541403,0.07223590145365598,0,,0,0,0,0,0,0,0,prm_pct_tribal,prm_tax_exemption_status,prm_moratorium_active,cob_lowtemp_ind_heat_tbtu,cob_energy_community,cob_ghgrp_combustion_facilities_n
46115,Spink County,SD,0.4604284556795775,2189,0.43486201677486835,0.4425502477193032,0.6942943595204147,0.8086024148761155,0.547791080048005,0.2928616527733949,0.17191753926244688,0,,0,0,0,0,0,0,0,prm_pop_density_km2,prm_pct_tribal,prm_moratorium_active,cob_unemp_rate,cob_persistent_poverty,lnd_dist_interstate_km
46091,Marshall County,SD,0.46027599418663523,2190,0.440224154738261,0.4135938637705987,0.6664045892554669,0.7835183675202173,0.6492613676936598,0.37689269077727755,0.13770488984570525,0,,0,0,0,0,0,0,0,prm_pop_density_km2,prm_nonattainment,haz_karst_exposed_pct,cob_lowtemp_ind_heat_tbtu,cob_persistent_poverty,cob_ghgrp_combustion_facilities_n
40007,Beaver County,OK,0.4601643266448704,2191,0.5403593248185025,0.6686569759355282,0.33184456129461876,0.8469305902970309,0.5121406507950714,0.38737954258752616,0.1151229333200939,0,,0,0,0,0,0,0,0,prm_moratorium_active,prm_pop_density_km2,lnd_pct_buildable,cob_lowtemp_ind_heat_tbtu,cob_persistent_poverty,cob_energy_community
46101,Moody County,SD,0.4600041137966304,2192,0.5481414749324521,0.4232688724281837,0.39864811165761965,0.8015955710260979,0.5762907944451366,0.4648465615314395,0.15465895205864574,0,,0,0,0,0,0,0,0,haz_karst_exposed_pct,prm_pop_density_km2,prm_moratorium_active,crb_clean_gen_mw,crb_queue_clean_mw,pwr_dist_retired_plant_km
29051,Cole County,MO,0.45993916080484964,2193,0.5687561813590019,0.36848221836516887,0.6179600515297776,0.8384585095951045,0.5100035785744905,0.5094897403287286,0.09125254873885894,0,,0,0,0,0,0,0,0,prm_moratorium_proposed,prm_moratorium_active,prm_pct_tribal,cob_persistent_poverty,cob_energy_community,pwr_dist_retired_plant_km
55137,Waushara County,WI,0.4599314024903686,2194,0.4513605945908626,0.44656718765868586,0.3209343257130989,0.8270958737622012,0.7541198253258216,0.50524816995584,0.1996545521247282,0,,0,0,0,0,0,0,0,haz_karst_exposed_pct,cob_heat_demand,prm_moratorium_active,cob_ghgrp_combustion_facilities_n,cob_persistent_poverty,pwr_substations_230kv_n
54003,Berkeley County,WV,0.4598939693203812,2195,0.6891030404518138,0.2557153938802785,0.49136754838132657,0.7985040334519276,0.6717423124344813,0.8136102065547114,0.08322333951703058,0,,0,0,0,0,0,0,0,prm_moratorium_active,prm_moratorium_proposed,prm_contested_total,cob_ghgrp_combustion_facilities_n,cob_persistent_poverty,cob_energy_community
16063,Lincoln County,ID,0.4596618195289211,2196,0.5177286319256528,0.6129503213063742,0.29283191313943235,0.858214659998637,0.6357045687603632,0.46134203531585466,0.11705612836064644,0,,0,0,0,0,0,0,0,haz_karst_exposed_pct,lnd_pct_buildable,prm_moratorium_active,cob_ghgrp_combustion_facilities_n,cob_persistent_poverty,cob_energy_community
27007,Beltrami County,MN,0.4594761182539217,2197,0.5161732125976303,0.39125345980866383,0.5741723909537289,0.809704755922458,0.7963549985206794,0.16140901257152543,0.2387628134848538,0,,0,0,0,0,0,0,0,prm_nonattainment,cob_heat_demand,haz_karst_exposed_pct,lnd_dist_cement_km,lnd_dist_eaf_steel_km,lnd_dist_interstate_km
27029,Clearwater County,MN,0.45937657316208785,2198,0.46081763872783654,0.39548310796656416,0.5348897317639799,0.7993732413796757,0.7909992937870751,0.20933033470749254,0.2639763842659513,0,,0,0,0,0,0,0,0,prm_nonattainment,haz_alr_riverine_flood,haz_karst_exposed_pct,cob_ghgrp_combustion_facilities_n,cob_energy_community,crb_queue_clean_mw
54005,Boone County,WV,0.4593601650062623,2199,0.5266592323763243,0.21430852438883802,0.46493092593304686,0.8475446526462583,0.5929488211297936,0.5869971626183684,0.3186524175829915,0,,0,0,0,0,0,0,0,prm_nonattainment,cob_energy_community,prm_moratorium_active,cob_lowtemp_ind_heat_tbtu,cob_ghgrp_combustion_facilities_n,crb_clean_gen_mw
47135,Perry County,TN,0.45884706406731973,2200,0.4833080109280396,0.3845392373980062,0.5312323823013196,0.8868394309839982,0.42087013561996955,0.5087801676137317,0.1652422158836606,0,,0,0,0,0,0,0,0,prm_moratorium_active,prm_moratorium_proposed,prm_contested_total,cob_ghgrp_combustion_facilities_n,cob_energy_community,pwr_substations_230kv_n
54047,McDowell County,WV,0.4585162171416187,2201,0.46374619588453253,0.20623952425874675,0.448374525354966,0.8514522269423945,0.5761412375980725,0.4822382165921017,0.5825971946480224,0,,0,0,0,0,0,0,0,prm_moratorium_active,cob_persistent_poverty,cob_energy_community,cob_lowtemp_ind_heat_tbtu,crb_clean_gen_mw,pwr_substations_230kv_n
29017,Bollinger County,MO,0.4584061103770869,2202,0.6093821293326557,0.4380485074642955,0.4285745667936697,0.871651079655296,0.36934730706234903,0.5507505923844983,0.1158945809119046,0,,0,0,0,0,0,0,0,prm_moratorium_active,prm_contested_total,prm_pop_density_km2,cob_persistent_poverty,cob_energy_community,pwr_substations_230kv_n
13251,Screven County,GA,0.4583628656096438,2203,0.5977982601295231,0.4081808732339905,0.4514855303297499,0.909268095658633,0.5283590229724854,0.3562136962009941,0.12867549265660327,0,,0,0,0,0,0,0,0,prm_pct_tribal,prm_tax_exemption_status,prm_moratorium_active,cob_lowtemp_ind_heat_tbtu,lnd_dist_interstate_km,crb_clean_gen_mw
01117,Shelby County,AL,0.4583554403950387,2204,0.6892158420112142,0.38436193146070535,0.5486021388335984,0.7704786434378255,0.5321202647019333,0.8107769169216955,0.04376947775566674,0,,0,0,0,0,0,0,0,prm_moratorium_proposed,prm_contested_total,prm_nonattainment,cob_persistent_poverty,cob_energy_community,cob_ghgrp_combustion_facilities_n
13011,Banks County,GA,0.45829026603860995,2205,0.65140891301908,0.3730197940402237,0.3502766783221743,0.9170758810640611,0.5841345741520937,0.7337701125815412,0.07934382725047984,0,,0,0,0,0,0,0,0,prm_nonattainment,prm_moratorium_active,haz_karst_exposed_pct,cob_lowtemp_ind_heat_tbtu,cob_persistent_poverty,cob_energy_community
13195,Madison County,GA,0.4582028653298032,2206,0.574734826153936,0.4013036256777952,0.3213408590089867,0.9106317187628081,0.6088628631654518,0.6392175335181854,0.11584216761668192,0,,0,0,0,0,0,0,0,prm_moratorium_proposed,haz_karst_exposed_pct,prm_tax_exemption_status,cob_persistent_poverty,cob_ghgrp_combustion_facilities_n,cob_energy_community
05011,Bradley County,AR,0.45819493235991976,2207,0.4311699907218759,0.4383781416147987,0.5508297746285504,0.8854407772960499,0.45371223382941456,0.23192660104368548,0.31955941007453625,0,,0,0,0,0,0,0,0,prm_contested_total,prm_pop_density_km2,prm_moratorium_active,cob_ghgrp_combustion_facilities_n,lnd_dist_ixp_km,cob_persistent_poverty
48383,Reagan County,TX,0.4581471410122484,2208,0.5184556165058914,0.7352922103784768,0.3663809901210168,0.8970829489898756,0.5560882725994619,0.30893523677346285,0.09287458859687686,0,,0,0,0,0,0,0,0,prm_moratorium_proposed,prm_pct_tribal,lnd_pct_buildable,cob_lowtemp_ind_heat_tbtu,cob_persistent_poverty,cob_energy_community
28121,Rankin County,MS,0.4580447239900792,2209,0.6825255943601211,0.44740699084252966,0.44798424089163574,0.8308222330994176,0.43887315612017097,0.599383568951348,0.06707367142977039,0,,0,0,0,0,0,0,0,prm_nonattainment,prm_moratorium_active,prm_moratorium_proposed,cob_persistent_poverty,cob_energy_community,cob_ghgrp_combustion_facilities_n
24037,St. Mary's County,MD,0.45802332134797974,2210,0.7348818385055854,0.295948125927798,0.6384267986129808,0.7658794508160366,0.6227951807935738,0.5255966110125604,0.06398883849064099,0,,0,0,0,0,0,0,0,prm_contested_total,prm_moratorium_active,prm_moratorium_proposed,crb_clean_gen_mw,cob_ghgrp_combustion_facilities_n,cob_persistent_poverty
51143,Pittsylvania County,VA,0.457963514871408,2211,0.5010893386800463,0.39203642966012525,0.4332565432827459,0.8954645606172349,0.6087652312287227,0.6182118437805663,0.11008557488740228,0,,0,0,0,0,0,0,0,prm_nonattainment,prm_tax_exemption_status,prm_moratorium_active,cob_persistent_poverty,cob_energy_community,cob_ghgrp_combustion_facilities_n
28073,Lamar County,MS,0.45795586718158293,2212,0.6549336779341693,0.46546976297584547,0.35795771942831156,0.8422872076761202,0.43779638581479124,0.6320965174059656,0.08900287462146168,0,,0,0,0,0,0,0,0,haz_karst_exposed_pct,prm_moratorium_active,prm_moratorium_proposed,cob_ghgrp_combustion_facilities_n,wtr_wwtp_flow_mgd,cob_persistent_poverty
25007,Dukes County,MA,0.4578198887538657,2213,0.4248263958463186,0.506293148962492,0.6176530421516796,0.6999335314532669,0.6847455637386256,0.3300505430265537,0.1409762076741783,0,,0,0,0,0,0,0,0,prm_contested_total,haz_karst_exposed_pct,prm_moratorium_active,pwr_ind_price_cents_kwh,cob_persistent_poverty,cob_energy_community
40075,Kiowa County,OK,0.45774120360176285,2214,0.5297465010897275,0.6389537285624287,0.25311191188592674,0.8165315753998412,0.4195941329200055,0.4855582197221784,0.1911640636965051,0,,0,0,0,0,0,0,0,prm_moratorium_proposed,prm_pop_density_km2,prm_moratorium_active,cob_lowtemp_ind_heat_tbtu,cob_persistent_poverty,cob_energy_community
28117,Prentiss County,MS,0.4576031683888122,2215,0.5605293298115825,0.3868907264800837,0.5351706981920303,0.8461670855012163,0.49929622182446404,0.4836980771079101,0.1080089082855232,0,,0,0,0,0,0,0,0,prm_moratorium_active,prm_pct_tribal,prm_nonattainment,cob_ghgrp_combustion_facilities_n,cob_persistent_poverty,pwr_substations_230kv_n
13131,Grady County,GA,0.457548531275691,2216,0.5753594871263269,0.4732368398608677,0.41070159183577015,0.8887037831465736,0.45593553806236703,0.4301639129163228,0.1206149996120226,0,,0,0,0,0,0,0,0,prm_moratorium_proposed,prm_tax_exemption_status,prm_moratorium_active,cob_persistent_poverty,cob_ghgrp_combustion_facilities_n,pwr_substations_230kv_n
51101,King William County,VA,0.4574655083410791,2217,0.5727771390228499,0.37053694407665116,0.5613928470981187,0.868627654843798,0.531666698548908,0.5993265622532382,0.0752773912679772,0,,0,0,0,0,0,0,0,prm_nonattainment,prm_moratorium_active,prm_moratorium_proposed,cob_persistent_poverty,cob_energy_community,cob_lowtemp_ind_heat_tbtu
51003,Albemarle County,VA,0.4574295908374672,2218,0.6336532497839037,0.31550638710056333,0.5878215340736636,0.9002780329536347,0.6152131816860325,0.6394307794469976,0.05763706007147801,0,,0,0,0,0,0,0,0,prm_pct_tribal,prm_nonattainment,prm_moratorium_active,cob_ghgrp_combustion_facilities_n,cob_persistent_poverty,cob_energy_community
13317,Wilkes County,GA,0.45716641458221763,2219,0.47294783594914974,0.39156717752381254,0.37665132554699315,0.9387223443811239,0.5978649512486185,0.6258881334815061,0.14232721226527079,0,,0,0,0,0,0,0,0,prm_moratorium_proposed,haz_karst_exposed_pct,prm_tax_exemption_status,cob_ghgrp_combustion_facilities_n,pwr_substations_230kv_n,crb_queue_clean_mw
54099,Wayne County,WV,0.4571363941791206,2220,0.6089306628323613,0.20045220708468223,0.41042328325198224,0.8362211801468061,0.5696260777262266,0.5358260458435057,0.349016369770519,0,,0,0,0,0,0,0,0,prm_moratorium_proposed,cob_energy_community,prm_moratorium_active,crb_queue_clean_mw,crb_clean_gen_mw,cob_persistent_poverty
47147,Robertson County,TN,0.4569881411549728,2221,0.6167398090402222,0.39558011756425937,0.4671802159894768,0.7921481844030561,0.569256875721694,0.6078326573466767,0.07839246066882335,0,,0,0,0,0,0,0,0,prm_moratorium_proposed,prm_moratorium_active,prm_pct_tribal,cob_persistent_poverty,cob_energy_community,pwr_substations_230kv_n
46019,Butte County,SD,0.45685303155505524,2222,0.4039301250626873,0.5852698568782395,0.39773314607465776,0.8941169877833794,0.5662211648975808,0.540559041910926,0.1175822749343658,0,,0,0,0,0,0,0,0,prm_nonattainment,prm_pct_tribal,lnd_pct_buildable,cob_ghgrp_combustion_facilities_n,cob_persistent_poverty,cob_energy_community
28055,Issaquena County,MS,0.4568479187756563,2223,0.42664833240041933,0.4067044217954603,0.6041749191956123,0.8227040852316199,0.3730983502944657,0.20619309646397022,0.4832294716456207,0,,0,0,0,0,0,0,0,prm_contested_total,prm_pct_tribal,wtr_bws_2050_score,cob_lowtemp_ind_heat_tbtu,wtr_wwtp_flow_mgd,cob_ghgrp_combustion_facilities_n
21215,Spencer County,KY,0.45679972697350046,2224,0.6073068666994549,0.22721574085349344,0.7132169424106442,0.8418793993995816,0.5356274124566712,0.7667038022149016,0.08932509266795652,0,,0,0,0,0,0,0,0,prm_moratorium_proposed,wtr_bws_score,wtr_bws_2050_score,cob_ghgrp_combustion_facilities_n,cob_persistent_poverty,pwr_substations_230kv_n
51097,King and Queen County,VA,0.4566171298199317,2225,0.5621791911645653,0.34635092868860085,0.4664648025257588,0.9140998010857607,0.5114132693193422,0.5898899574597462,0.11230687309355661,0,,0,0,0,0,0,0,0,prm_moratorium_active,prm_moratorium_proposed,prm_contested_total,cob_lowtemp_ind_heat_tbtu,cob_persistent_poverty,cob_energy_community
46061,Hanson County,SD,0.45653395475472125,2226,0.430666966455533,0.4255047863531744,0.6859227854453276,0.813413366296666,0.5159177449332404,0.46726113542384007,0.1162977911619882,0,,0,0,0,0,0,0,0,prm_pct_tribal,wtr_bws_score,prm_moratorium_active,cob_lowtemp_ind_heat_tbtu,lnd_dist_ixp_km,lnd_dist_cement_km
46077,Kingsbury County,SD,0.4565193528482459,2227,0.41439918109168744,0.4242764382284439,0.6602072060947711,0.8200779848253934,0.6616928358539256,0.3227530731179101,0.1502008498136754,0,,0,0,0,0,0,0,0,prm_pop_density_km2,prm_moratorium_active,prm_moratorium_proposed,cob_lowtemp_ind_heat_tbtu,cob_ghgrp_combustion_facilities_n,lnd_dist_interstate_km
06017,El Dorado County,CA,0.4563047710531515,2228,0.35799962886961106,0.6571815945168022,0.5476497941665157,0.6874828742337497,0.5549873973787742,0.46408622644922604,0.13416699849004493,0,,0,0,0,0,0,0,0,prm_moratorium_proposed,haz_karst_exposed_pct,prm_moratorium_active,pwr_ind_price_cents_kwh,cob_persistent_poverty,cob_energy_community
01031,Coffee County,AL,0.4557361891099864,2229,0.558087551325962,0.3941876587711242,0.49467832949905716,0.8349624957831379,0.5007982802883321,0.388530557007019,0.14422873483379345,0,,0,0,0,0,0,0,0,prm_pct_tribal,prm_moratorium_active,prm_moratorium_proposed,cob_persistent_poverty,cob_energy_community,lnd_dist_interstate_km
01067,Henry County,AL,0.45566552998929555,2230,0.6539992877161512,0.4018263304170443,0.522471015438664,0.844216815079619,0.4854145934950707,0.3974633466499829,0.0896888467786032,0,,0,0,0,0,0,0,0,prm_moratorium_active,prm_pct_tribal,prm_nonattainment,crb_queue_clean_mw,lnd_dist_interstate_km,crb_clean_gen_mw
54037,Jefferson County,WV,0.4556380781693206,2231,0.6508295871895272,0.3452939335155671,0.4513956166274332,0.7660582334874552,0.6261543474437502,0.790596426990455,0.06682932005732548,0,,0,0,0,0,0,0,0,prm_moratorium_active,prm_moratorium_proposed,prm_nonattainment,cob_persistent_poverty,pwr_substations_230kv_n,cob_energy_community
06035,Lassen County,CA,0.455470976862824,2232,0.3534394682444666,0.5806882863657935,0.26899452018994924,0.8189283964990546,0.5402963565146598,0.5004202606827451,0.36038399745146116,0,,0,0,0,0,0,0,0,prm_moratorium_active,cob_energy_community,haz_karst_exposed_pct,pwr_ind_price_cents_kwh,cob_persistent_poverty,prm_price_growth_pct
55129,Washburn County,WI,0.45544314439048716,2233,0.4903376692136356,0.4056015460172023,0.3477368080642703,0.8715842420716978,0.8237139835520246,0.3175289909955495,0.21417706792317703,0,,0,0,0,0,0,0,0,haz_karst_exposed_pct,prm_pop_density_km2,cob_heat_demand,crb_queue_clean_mw,cob_persistent_poverty,lnd_dist_interstate_km
38099,Walsh County,ND,0.45535852514940983,2234,0.4414345004428097,0.399972840875803,0.5778362703572812,0.8253777476411767,0.6346460698484401,0.3069824583383151,0.18786355079055633,0,,0,0,0,0,0,0,0,prm_moratorium_active,cob_heat_demand,prm_moratorium_proposed,lnd_dist_cement_km,cob_persistent_poverty,crb_queue_clean_mw
04007,Gila County,AZ,0.45531154196924717,2235,0.4749854256989815,0.44940437336472616,0.40162677715088835,0.5862258688071493,0.4887023678427153,0.5133050267584499,0.2899956090556373,0,,0,0,0,0,0,0,0,prm_moratorium_proposed,lnd_pct_buildable,cob_energy_community,cob_lowtemp_ind_heat_tbtu,lnd_dist_brownfield_or_retired_km,prm_nonattainment
30071,Phillips County,MT,0.45518173515318694,2236,0.4533535665112309,0.533178551015226,0.3502491078470912,0.8334377842656181,0.6805672470038672,0.33465984475409294,0.18791696903725205,0,,0,0,0,0,0,0,0,prm_nonattainment,cob_heat_demand,prm_moratorium_active,cob_lowtemp_ind_heat_tbtu,cob_persistent_poverty,cob_energy_community
30099,Teton County,MT,0.45516096976504955,2237,0.46828515853230274,0.5773857120768101,0.25720756262530986,0.8143378443697254,0.6867243622647555,0.46135568032319196,0.17924108353675075,0,,0,0,0,0,0,0,0,prm_pop_density_km2,prm_pct_tribal,prm_moratorium_active,cob_lowtemp_ind_heat_tbtu,lnd_dist_eaf_steel_km,cob_ghgrp_combustion_facilities_n
51031,Campbell County,VA,0.45513704260142807,2238,0.49317205900982736,0.34765908342401414,0.4816467958739838,0.8641253530609482,0.6682372702509581,0.6080293545307044,0.11090098204419473,0,,0,0,0,0,0,0,0,prm_pct_tribal,prm_nonattainment,prm_tax_exemption_status,cob_energy_community,lnd_dist_interstate_km,cob_persistent_poverty
13201,Miller County,GA,0.4550046951588645,2239,0.6359217971834183,0.45282710514539737,0.4760263209509696,0.8626562461747284,0.3059321021831705,0.3898300573889512,0.1365490835962998,0,,0,0,0,0,0,0,0,prm_nonattainment,prm_contested_total,prm_tax_exemption_status,cob_lowtemp_ind_heat_tbtu,cob_ghgrp_combustion_facilities_n,crb_clean_gen_mw
08061,Kiowa County,CO,0.4548390218547712,2240,0.36752469345761724,0.5689925044666276,0.23816082707555286,0.8248235041579592,0.6231074293758563,0.5388013928659311,0.3235313414498863,0,,0,0,0,0,0,0,0,prm_nonattainment,prm_pop_density_km2,lnd_pct_buildable,cob_lowtemp_ind_heat_tbtu,cob_ghgrp_combustion_facilities_n,cob_persistent_poverty
51043,Clarke County,VA,0.4546055817744454,2241,0.5431973845435686,0.33522486459945566,0.5924075491781193,0.8422274275584725,0.5669061643350116,0.7839942008763309,0.06590776492409897,0,,0,0,0,0,0,0,0,prm_moratorium_active,prm_moratorium_proposed,prm_nonattainment,cob_persistent_poverty,cob_energy_community,pwr_substations_230kv_n
13187,Lumpkin County,GA,0.4544494871595581,2242,0.5046898364348565,0.3853180423522871,0.3737916333218407,0.9094559265176637,0.6398898927011741,0.6540206118810805,0.11347855301197292,0,,0,0,0,0,0,0,0,prm_moratorium_proposed,haz_karst_exposed_pct,prm_tax_exemption_status,cob_energy_community,cob_ghgrp_combustion_facilities_n,cob_persistent_poverty
19051,Davis County,IA,0.45439045888998725,2243,0.363425550433572,0.4231786418373586,0.6840892516520112,0.8758234230907032,0.5940505622433849,0.5102141215086434,0.11634974310854246,0,,0,0,0,0,0,0,0,prm_pop_density_km2,prm_pct_tribal,haz_karst_exposed_pct,cob_persistent_poverty,cob_ghgrp_combustion_facilities_n,pwr_substations_230kv_n
51199,York County,VA,0.45433950003197465,2244,0.7164228495673702,0.31056809269623437,0.515037768593029,0.8716867572480987,0.5906867521571932,0.645904264100508,0.055811698626398336,0,,0,0,0,0,0,0,0,prm_tax_exemption_status,prm_pct_tribal,prm_moratorium_proposed,cob_ghgrp_combustion_facilities_n,crb_clean_gen_mw,cob_persistent_poverty
20027,Clay County,KS,0.45433527942069835,2245,0.5040883646616997,0.5514237499976077,0.3254167161996343,0.8373458749344977,0.456847540243895,0.47980786037143347,0.15838728952286985,0,,0,0,0,0,0,0,0,prm_pct_tribal,prm_nonattainment,prm_moratorium_active,crb_clean_gen_mw,pwr_dist_retired_plant_km,pwr_substations_230kv_n
54043,Lincoln County,WV,0.45427454474077755,2246,0.5044638508291789,0.1994182345385735,0.4188965226511325,0.8459361177141974,0.5599382805808609,0.534971503843969,0.48612040680227964,0,,0,0,0,0,0,0,0,prm_nonattainment,cob_persistent_poverty,cob_energy_community,cob_lowtemp_ind_heat_tbtu,crb_clean_gen_mw,pwr_substations_230kv_n
29065,Dent County,MO,0.4540906284460979,2247,0.5734566894207781,0.36929805135701466,0.5447726621838545,0.7808141173664939,0.4060934286610569,0.547181081127068,0.12346501432826482,0,,0,0,0,0,0,0,0,prm_pct_tribal,prm_moratorium_active,prm_moratorium_proposed,cob_lowtemp_ind_heat_tbtu,haz_karst_exposed_pct,cob_ghgrp_combustion_facilities_n
21133,Letcher County,KY,0.4539074524745829,2248,0.4345983269691498,0.19748867343446205,0.49977080016915465,0.8637808448468103,0.5669729709869084,0.5157255142918488,0.5189922011422111,0,,0,0,0,0,0,0,0,lnd_pct_cropland,prm_pct_tribal,cob_persistent_poverty,cob_lowtemp_ind_heat_tbtu,cob_ghgrp_combustion_facilities_n,pwr_substations_230kv_n
28155,Webster County,MS,0.45357244804588076,2249,0.4611468118652788,0.3929667702986999,0.6504241836546761,0.8657557484015609,0.4869020815372303,0.4865178250344327,0.10858039585800733,0,,0,0,0,0,0,0,0,prm_pop_density_km2,prm_moratorium_active,prm_moratorium_proposed,lnd_dist_interstate_km,cob_ghgrp_combustion_facilities_n,cob_persistent_poverty
29205,Shelby County,MO,0.4534331387301095,2250,0.36974719379199,0.38438645613982353,0.6591812598466549,0.8179108695094582,0.5833609760512144,0.49771024725302077,0.15947003031208934,0,,0,0,0,0,0,0,0,prm_moratorium_proposed,wtr_bws_score,wtr_bws_2050_score,cob_lowtemp_ind_heat_tbtu,lnd_dist_interstate_km,cob_ghgrp_combustion_facilities_n
51029,Buckingham County,VA,0.4534023166096525,2251,0.5276156699755755,0.35558011879657714,0.4891379210128255,0.9123462217569606,0.6127816747687792,0.5382509404143226,0.09803336480497984,0,,0,0,0,0,0,0,0,prm_nonattainment,prm_pct_tribal,prm_moratorium_active,cob_ghgrp_combustion_facilities_n,cob_persistent_poverty,cob_energy_community
46079,Lake County,SD,0.45323584977039966,2252,0.44172495650534466,0.42929187603822355,0.485741926347948,0.8079452141047611,0.5805577289633485,0.38293661012590147,0.18505461473163518,0,,0,0,0,0,0,0,0,prm_pct_tribal,prm_moratorium_active,prm_moratorium_proposed,cob_persistent_poverty,lnd_dist_cement_km,pwr_substations_230kv_n
38063,Nelson County,ND,0.4528247484142867,2253,0.5206619642455673,0.40520401692531605,0.5529146123505378,0.8500789854872489,0.6745057420802245,0.2520690595890187,0.14137893958694422,0,,0,0,0,0,0,0,0,prm_price_growth_pct,prm_moratorium_active,prm_moratorium_proposed,cob_lowtemp_ind_heat_tbtu,cob_persistent_poverty,cob_energy_community
29169,Pulaski County,MO,0.45275214468217356,2254,0.5727826453309471,0.38357246382828325,0.46309424821331946,0.8599884722159645,0.4397135097443678,0.5965385909674418,0.10496650871231676,0,,0,0,0,0,0,0,0,prm_moratorium_active,prm_pct_tribal,prm_nonattainment,cob_lowtemp_ind_heat_tbtu,cob_persistent_poverty,cob_energy_community
48457,Tyler County,TX,0.45261592744104,2255,0.37578703833641963,0.38901661259778064,0.5204306354080119,0.9033213936750683,0.34783807292136387,0.4737333894035538,0.3200846678757216,0,,0,0,0,0,0,0,0,prm_moratorium_proposed,prm_pct_tribal,haz_karst_exposed_pct,cob_ghgrp_combustion_facilities_n,crb_queue_clean_mw,crb_clean_gen_mw
46119,Sully County,SD,0.452321651785833,2256,0.49873464509641496,0.4216527612715454,0.6499285792614424,0.8131757752966479,0.7001711095101351,0.18572084806115471,0.15689241001696777,0,,0,0,0,0,0,0,0,prm_pop_density_km2,prm_moratorium_active,prm_moratorium_proposed,cob_persistent_poverty,cob_energy_community,cob_unemp_rate
51179,Stafford County,VA,0.45220273881095785,2257,0.7111595865352625,0.28054925609858683,0.563431223806785,0.7669033573403017,0.6662756374986559,0.6837828857198645,0.05762931120977238,0,,0,0,0,0,0,0,0,prm_pct_tribal,prm_tax_exemption_status,prm_moratorium_active,cob_ghgrp_combustion_facilities_n,cob_persistent_poverty,cob_energy_community
19159,Ringgold County,IA,0.45217030093419636,2258,0.3199898998590944,0.48779533312384116,0.6324054862876055,0.8740788075939822,0.6005916191633472,0.5411289310414394,0.11945200401226938,0,,0,0,0,0,0,0,0,lnd_pct_buildable,prm_pop_density_km2,haz_karst_exposed_pct,cob_persistent_poverty,cob_ghgrp_combustion_facilities_n,pwr_substations_230kv_n
55111,Sauk County,WI,0.45191652081159017,2259,0.4341394381549773,0.36601983167095414,0.3919408499644274,0.8185125076311558,0.7300649455692937,0.6318035577634445,0.16224719798778495,0,,0,0,0,0,0,0,0,prm_nonattainment,prm_moratorium_active,prm_moratorium_proposed,cob_ghgrp_combustion_facilities_n,cob_persistent_poverty,crb_queue_clean_mw
27159,Wadena County,MN,0.45186474267413285,2260,0.48743945082942314,0.4512791611511533,0.3602989382672068,0.8572098461203792,0.7491170292946389,0.2745722919487486,0.2045624867178454,0,,0,0,0,0,0,0,0,prm_moratorium_active,prm_moratorium_proposed,prm_contested_total,cob_lowtemp_ind_heat_tbtu,lnd_dist_interstate_km,lnd_dist_eaf_steel_km
47053,Gibson County,TN,0.45168619471624133,2261,0.5327722883227344,0.4185105256142282,0.5302507750445118,0.7893808984539046,0.4192304887064757,0.5005006624379962,0.11923278650307861,0,,0,0,0,0,0,0,0,prm_moratorium_proposed,haz_karst_exposed_pct,prm_moratorium_active,cob_persistent_poverty,pwr_substations_230kv_n,cob_energy_community
21043,Carter County,KY,0.4514555504336496,2262,0.4934424212457417,0.21163760514136784,0.48363392483083906,0.8627978263782085,0.5190270271861933,0.509780086139666,0.3817253988020856,0,,0,0,0,0,0,0,0,prm_moratorium_active,prm_moratorium_proposed,cob_energy_community,cob_ghgrp_combustion_facilities_n,pwr_substations_230kv_n,cob_persistent_poverty
48403,Sabine County,TX,0.4512263401740639,2263,0.378421673217932,0.44335616299678426,0.5054341129230234,0.9033450269632693,0.5084014191592406,0.2822092847646516,0.2898590851078721,0,,0,0,0,0,0,0,0,prm_moratorium_proposed,cob_energy_community,haz_karst_exposed_pct,cob_lowtemp_ind_heat_tbtu,pwr_saidi_min,cob_persistent_poverty
21129,Lee County,KY,0.45082338753197365,2264,0.44578208922851104,0.20248302465125767,0.4885943772936311,0.8747330283096226,0.5013944155324316,0.48303797390661024,0.5371534382295798,0,,0,0,0,0,0,0,0,prm_moratorium_active,cob_persistent_poverty,cob_energy_community,cob_lowtemp_ind_heat_tbtu,crb_queue_clean_mw,pwr_substations_230kv_n
28057,Itawamba County,MS,0.45052660543755657,2265,0.5607877219838412,0.38489162451177206,0.5354800169668905,0.8568382647462669,0.5358417023909318,0.5122449164516981,0.08040094595982164,0,,0,0,0,0,0,0,0,prm_pct_tribal,prm_moratorium_active,prm_moratorium_proposed,cob_lowtemp_ind_heat_tbtu,cob_ghgrp_combustion_facilities_n,cob_persistent_poverty
47169,Trousdale County,TN,0.45038920124599163,2266,0.48029654710231007,0.3695590263376312,0.7086746808295272,0.8562323710246408,0.49972948483561397,0.6431033981455374,0.06810114054959063,0,,0,0,0,0,0,0,0,prm_moratorium_active,prm_moratorium_proposed,prm_contested_total,cob_lowtemp_ind_heat_tbtu,cob_persistent_poverty,pwr_substations_230kv_n
24029,Kent County,MD,0.45034037797174614,2267,0.5465620497608498,0.36614960077815417,0.5218632494596915,0.7403802694588123,0.5576070123341363,0.650493254302493,0.09076706058081274,0,,0,0,0,0,0,0,0,prm_moratorium_active,prm_pct_tribal,prm_moratorium_proposed,cob_persistent_poverty,cob_energy_community,pwr_substations_230kv_n
47033,Crockett County,TN,0.4493565710167751,2268,0.5404220272077834,0.4068460118974766,0.4475483860163597,0.7857963610049827,0.5081148836794006,0.4997853541774398,0.12386645461064281,0,,0,0,0,0,0,0,0,prm_moratorium_active,haz_karst_exposed_pct,prm_pct_tribal,cob_ghgrp_combustion_facilities_n,crb_queue_clean_mw,cob_persistent_poverty
38071,Ramsey County,ND,0.4492086354162485,2269,0.5224612521523039,0.39582504797164103,0.5252965633921185,0.8418132739083233,0.6349712939717035,0.20144702980313536,0.19674813622412948,0,,0,0,0,0,0,0,0,prm_moratorium_active,prm_price_growth_pct,prm_moratorium_proposed,lnd_dist_interstate_km,cob_persistent_poverty,cob_energy_community
54083,Randolph County,WV,0.4492070547064887,2270,0.3703094388407934,0.2646035305928801,0.5124322346838764,0.8560960454798412,0.7412385480739431,0.43882891305997546,0.3447143711711887,0,,0,0,0,0,0,0,0,prm_moratorium_active,prm_moratorium_proposed,prm_contested_total,cob_ghgrp_combustion_facilities_n,pwr_substations_230kv_n,cob_persistent_poverty
13173,Lanier County,GA,0.44887921657222196,2271,0.4902090787581823,0.42340715943442736,0.346120064225311,0.89908099164418,0.5050181873369541,0.4869751573477397,0.17536343307666907,0,,0,0,0,0,0,0,0,prm_pct_tribal,prm_moratorium_active,prm_moratorium_proposed,cob_lowtemp_ind_heat_tbtu,cob_persistent_poverty,cob_ghgrp_combustion_facilities_n
47023,Chester County,TN,0.44873358759589516,2272,0.4513677312081396,0.39361196420595157,0.5063141882528157,0.8562121259226125,0.5040465721622567,0.5006062642100403,0.14168588350839614,0,,0,0,0,0,0,0,0,prm_moratorium_active,haz_karst_exposed_pct,prm_pct_tribal,cob_lowtemp_ind_heat_tbtu,cob_ghgrp_combustion_facilities_n,cob_persistent_poverty
51137,Orange County,VA,0.4486521181553166,2273,0.499434582806915,0.3578124219282388,0.5776220509772456,0.8603523414259717,0.5959730359771095,0.6434925573583201,0.07204672302270224,0,,0,0,0,0,0,0,0,prm_moratorium_active,prm_moratorium_proposed,prm_nonattainment,cob_ghgrp_combustion_facilities_n,cob_persistent_poverty,pwr_substations_230kv_n
16015,Boise County,ID,0.44846172388887073,2274,0.43247432605955893,0.5161631462546313,0.36000995935434055,0.8743496690044447,0.6607447734415083,0.5956392724974885,0.09842557185548054,0,,0,0,0,0,0,0,0,haz_karst_exposed_pct,prm_moratorium_active,prm_moratorium_proposed,cob_lowtemp_ind_heat_tbtu,cob_ghgrp_combustion_facilities_n,haz_alr_wildfire
20009,Barton County,KS,0.4483131855643233,2275,0.5618866360886869,0.5105199358506665,0.4562911705599075,0.8187390249482078,0.37482813386725,0.2585406739618575,0.17669437078448558,0,,0,0,0,0,0,0,0,prm_nonattainment,prm_pct_tribal,prm_moratorium_active,cob_persistent_poverty,cob_energy_community,cob_ghgrp_combustion_facilities_n
20097,Kiowa County,KS,0.4478243502325247,2276,0.5914108351971531,0.5750841585588412,0.3506628621265587,0.8546683907936103,0.4800969347740126,0.3431913081408957,0.10315915365637571,0,,0,0,0,0,0,0,0,prm_contested_total,prm_pct_tribal,lnd_pct_buildable,cob_lowtemp_ind_heat_tbtu,cob_persistent_poverty,cob_energy_community
39037,Darke County,OH,0.44767847883813366,2277,0.5314742539330386,0.27269967427146663,0.49678763028862144,0.6978334674469725,0.6036800708177967,0.5718742325161679,0.19115150858663482,0,,0,0,0,0,0,0,0,prm_moratorium_proposed,haz_karst_exposed_pct,prm_moratorium_active,cob_persistent_poverty,cob_energy_community,crb_queue_clean_mw
24011,Caroline County,MD,0.4476233208976637,2278,0.580205723853152,0.3620438205932521,0.48029600970846004,0.7347114380578258,0.5132998723616465,0.5137785365929423,0.12047329700025279,0,,0,0,0,0,0,0,0,prm_moratorium_proposed,prm_pct_tribal,prm_moratorium_active,cob_persistent_poverty,cob_energy_community,lnd_dist_interstate_km
54045,Logan County,WV,0.4475448387942423,2279,0.46013808778383236,0.20238501936080366,0.46007044028916544,0.8378020810280536,0.5658272159768372,0.49397065620224107,0.47158159058890575,0,,0,0,0,0,0,0,0,haz_karst_exposed_pct,cob_persistent_poverty,cob_energy_community,crb_queue_clean_mw,lnd_dist_interstate_km,cob_ghgrp_combustion_facilities_n
29199,Scotland County,MO,0.44742790510534597,2280,0.42735463826687464,0.38128931950941364,0.6332164276188565,0.8320534710160787,0.5909308208545586,0.41609743748992445,0.1258783343331396,0,,0,0,0,0,0,0,0,prm_pop_density_km2,prm_pct_tribal,prm_moratorium_active,cob_lowtemp_ind_heat_tbtu,cob_ghgrp_combustion_facilities_n,crb_queue_clean_mw
27021,Cass County,MN,0.44735146391638064,2281,0.5014487308114427,0.4313439967352801,0.3550830796864049,0.8169816320370589,0.815870268109006,0.2265147491273607,0.23055603026572555,0,,0,0,0,0,0,0,0,prm_pop_density_km2,prm_nonattainment,prm_moratorium_active,cob_persistent_poverty,cob_energy_community,pwr_dist_hv345_line_km
13211,Morgan County,GA,0.447290065660395,2282,0.6459823748444309,0.40202914839680826,0.4197513157612967,0.9215626118244962,0.5963508265098291,0.7131198518866343,0.04224776680097994,0,,0,0,0,0,0,0,0,prm_contested_total,prm_moratorium_active,prm_moratorium_proposed,cob_persistent_poverty,cob_energy_community,cob_ghgrp_combustion_facilities_n
31061,Franklin County,NE,0.4471604733953439,2283,0.5767884457925835,0.4689608506642262,0.296225664646388,0.861114591221875,0.4681032977651435,0.4127169524260999,0.16839622177187502,0,,0,0,0,0,0,0,0,prm_pop_density_km2,prm_pct_tribal,prm_moratorium_active,cob_lowtemp_ind_heat_tbtu,cob_persistent_poverty,cob_energy_community
37139,Pasquotank County,NC,0.4470819932594865,2284,0.5758644620070734,0.5150089045572933,0.46400393229988274,0.8093638628578607,0.5323136181035639,0.37718447059841825,0.07676814704807869,0,,0,0,0,0,0,0,0,prm_tax_exemption_status,haz_karst_exposed_pct,prm_moratorium_proposed,cob_persistent_poverty,lnd_dist_cement_km,cob_ghgrp_combustion_facilities_n
46057,Hamlin County,SD,0.4466808370784628,2285,0.5108067949933698,0.42054111856446647,0.4263909314471473,0.8149983626741775,0.6184742283500975,0.31296125399517777,0.16622413680012785,0,,0,0,0,0,0,0,0,prm_pop_density_km2,prm_moratorium_active,prm_moratorium_proposed,cob_persistent_poverty,cob_energy_community,pwr_substations_230kv_n
51187,Warren County,VA,0.44650462917054895,2286,0.5842707725242373,0.2985189874477604,0.5573523445831722,0.7496269974939803,0.5909687984781502,0.6834880696185901,0.08298525009806298,0,,0,0,0,0,0,0,0,prm_moratorium_active,prm_nonattainment,prm_pct_tribal,cob_ghgrp_combustion_facilities_n,prm_moratorium_proposed,cob_persistent_poverty
48405,San Augustine County,TX,0.446353431224054,2287,0.31408657041299387,0.3910719161281958,0.5725257801614048,0.9033447953727722,0.40538463212331804,0.28499760967372767,0.5058675787747047,0,,0,0,0,0,0,0,0,prm_moratorium_proposed,prm_nonattainment,haz_karst_exposed_pct,lnd_dist_interstate_km,pwr_saidi_min,crb_queue_clean_mw
30055,McCone County,MT,0.44631451166048436,2288,0.44472154699892125,0.4922027019814307,0.5515652800006705,0.8203425178729856,0.7257967685098655,0.28818605763159444,0.10492541708231458,0,,0,0,0,0,0,0,0,haz_karst_exposed_pct,prm_moratorium_active,prm_moratorium_proposed,cob_lowtemp_ind_heat_tbtu,lnd_dist_interstate_km,lnd_dist_eaf_steel_km
51135,Nottoway County,VA,0.44625702620859486,2289,0.42584032392060306,0.3220323844306122,0.4851027185910614,0.9221059304160828,0.691688561840881,0.53940908633257,0.14110354455129176,0,,0,0,0,0,0,0,0,prm_pct_tribal,haz_karst_exposed_pct,prm_moratorium_active,cob_ghgrp_combustion_facilities_n,pwr_substations_230kv_n,cob_energy_community
12019,Clay County,FL,0.44622162487417727,2290,0.7694928104477128,0.3588634950515232,0.45070136313568093,0.8094935621040169,0.41733055830213484,0.7357165010517779,0.052076200355616796,0,,0,0,0,0,0,0,0,prm_nonattainment,prm_moratorium_active,prm_moratorium_proposed,cob_persistent_poverty,cob_energy_community,cob_ghgrp_combustion_facilities_n
31011,Boone County,NE,0.44620151062594116,2291,0.45688556420976445,0.5057762323763529,0.3353741813714693,0.8305809259560615,0.5741350437366598,0.5231443706271018,0.1353960116220128,0,,0,0,0,0,0,0,0,prm_moratorium_active,haz_karst_exposed_pct,prm_pop_density_km2,lnd_dist_interstate_km,cob_unemp_rate,crb_queue_clean_mw
37141,Pender County,NC,0.44612233383999145,2292,0.6321807048448304,0.5377971637444554,0.43735612322090167,0.8843726610256596,0.37752758830639005,0.44779024466968237,0.06432007171580356,0,,0,0,0,0,0,0,0,prm_moratorium_active,prm_tax_exemption_status,prm_pct_tribal,cob_persistent_poverty,pwr_dist_hv345_line_km,cob_ghgrp_combustion_facilities_n
13221,Oglethorpe County,GA,0.4460719111141747,2293,0.5830756343875131,0.5047296334140766,0.32241622860068225,0.9322137905312214,0.607827070660481,0.49521063993762554,0.07054715843377127,0,,0,0,0,0,0,0,0,prm_moratorium_active,haz_karst_exposed_pct,prm_tax_exemption_status,cob_ghgrp_combustion_facilities_n,cob_persistent_poverty,cob_energy_community
13085,Dawson County,GA,0.4459904293087153,2294,0.6354565116907717,0.3803680783518445,0.3166993218499403,0.9069730772953657,0.6448115367262043,0.6340930018475722,0.07641017427580549,0,,0,0,0,0,0,0,0,prm_moratorium_proposed,haz_karst_exposed_pct,prm_tax_exemption_status,crb_queue_clean_mw,cob_energy_community,cob_ghgrp_combustion_facilities_n
54109,Wyoming County,WV,0.4459740242565273,2295,0.5243759235937052,0.19880258738074458,0.43924538043623496,0.8477626470516302,0.5841093356600365,0.5320194981836085,0.3340627330776201,0,,0,0,0,0,0,0,0,lnd_pct_cropland,prm_pct_tribal,prm_moratorium_active,cob_ghgrp_combustion_facilities_n,cob_persistent_poverty,crb_queue_clean_mw
01027,Clay County,AL,0.445883499920825,2296,0.5226080432234905,0.3944575104766268,0.3996472948254041,0.870748952457644,0.5202403422518466,0.5899457297356979,0.10966179702702117,0,,0,0,0,0,0,0,0,prm_moratorium_proposed,haz_karst_exposed_pct,prm_pop_density_km2,cob_ghgrp_combustion_facilities_n,cob_energy_community,crb_queue_clean_mw
01061,Geneva County,AL,0.44587614067675907,2297,0.6112109858725842,0.4037231138603047,0.46521329836382624,0.8260953044081186,0.4333444109934352,0.4396249219633088,0.10342663123448458,0,,0,0,0,0,0,0,0,prm_nonattainment,prm_moratorium_active,prm_moratorium_proposed,cob_persistent_poverty,crb_queue_clean_mw,cob_energy_community
30085,Roosevelt County,MT,0.4458503118277897,2298,0.31275964065638384,0.4168541175216002,0.471805101547181,0.6948687904473217,0.6706186892398892,0.3250040359452587,0.4727083333333334,0,,0,0,0,0,0,0,0,lnd_pct_buildable,prm_nonattainment,cob_heat_demand,cob_lowtemp_ind_heat_tbtu,lnd_dist_interstate_km,lnd_dist_eaf_steel_km
05079,Lincoln County,AR,0.44582669223235044,2299,0.3796424168188283,0.42643192438205546,0.5193909567978109,0.827457036229954,0.4056017793085556,0.3376599200809023,0.3139551874846293,0,,0,0,0,0,0,0,0,prm_nonattainment,prm_pop_density_km2,prm_moratorium_active,cob_ghgrp_combustion_facilities_n,pwr_substations_230kv_n,cob_persistent_poverty
13241,Rabun County,GA,0.4457103490595558,2300,0.4636912006789759,0.4298160466313476,0.4713115984221751,0.9280446743862607,0.6227345295150832,0.3945097709401903,0.10795400277076686,0,,0,0,0,0,0,0,0,prm_contested_total,haz_karst_exposed_pct,prm_moratorium_active,lnd_dist_interstate_km,cob_ghgrp_combustion_facilities_n,cob_energy_community
29023,Butler County,MO,0.4452997552307652,2301,0.5777008526005442,0.40931453472389767,0.36565604630171167,0.8074724481272753,0.36687512308783815,0.5044108485230114,0.17237395844282383,0,,0,0,0,0,0,0,0,prm_pct_tribal,prm_moratorium_active,prm_moratorium_proposed,cob_ghgrp_combustion_facilities_n,cob_persistent_poverty,cob_energy_community
46033,Custer County,SD,0.44526237679742503,2302,0.38468885354202753,0.45583861628588823,0.3417760540083438,0.8990087284556282,0.5286615629645516,0.46962542787645994,0.24370880666793054,0,,0,0,0,0,0,0,0,prm_nonattainment,prm_contested_total,cob_energy_community,cob_ghgrp_combustion_facilities_n,cob_persistent_poverty,lnd_dist_ixp_km
48173,Glasscock County,TX,0.4452308177804758,2303,0.5920594905310274,0.7665759237806642,0.2753034237952797,0.8853175357192234,0.5568325356442052,0.3428166155733356,0.06812344648822768,0,,0,0,0,0,0,0,0,prm_contested_total,prm_moratorium_active,prm_moratorium_proposed,cob_lowtemp_ind_heat_tbtu,cob_energy_community,lnd_dist_brownfield_or_retired_km
51141,Patrick County,VA,0.44520944901445597,2304,0.4645332456905536,0.2755625868195017,0.393789253519956,0.9295553483187288,0.6287674342401832,0.5276989410993644,0.2288892412741439,0,,0,0,0,0,0,0,0,prm_contested_total,haz_karst_exposed_pct,prm_moratorium_active,cob_persistent_poverty,pwr_substations_230kv_n,cob_ghgrp_combustion_facilities_n
28067,Jones County,MS,0.44507785856901705,2305,0.5690254683193798,0.36105294386615594,0.3554511655064432,0.8481431660532848,0.3576324740514508,0.6629675041830442,0.16812786249110603,0,,0,0,0,0,0,0,0,prm_nonattainment,prm_moratorium_active,prm_moratorium_proposed,cob_persistent_poverty,pwr_dist_hv345_line_km,cob_energy_community
51680,Lynchburg city,VA,0.4449950523103545,2306,0.4885456832985064,0.20935930238812786,0.6029548895142071,0.8545290837103108,0.690942846815261,0.5542178617695864,0.17346593672677602,0,,0,0,0,0,0,0,0,prm_contested_total,prm_moratorium_proposed,prm_tax_exemption_status,cob_persistent_poverty,pwr_substations_230kv_n,cob_energy_community
01123,Tallapoosa County,AL,0.44495653914244787,2307,0.44834812076917735,0.4475267738542952,0.4386025209236376,0.8554997729850052,0.5778184406910473,0.5825909999691264,0.0976239137531808,0,,0,0,0,0,0,0,0,prm_moratorium_active,haz_karst_exposed_pct,prm_pct_tribal,cob_ghgrp_combustion_facilities_n,cob_energy_community,crb_queue_clean_mw
31163,Sherman County,NE,0.44486763459051926,2308,0.5480858845242189,0.4457230412218459,0.30697818273885835,0.8757189347924225,0.5629274393152524,0.4897086746983579,0.12703558850478894,0,,0,0,0,0,0,0,0,haz_karst_exposed_pct,prm_pop_density_km2,prm_moratorium_proposed,cob_lowtemp_ind_heat_tbtu,cob_ghgrp_combustion_facilities_n,crb_queue_clean_mw
54097,Upshur County,WV,0.4445368418112183,2309,0.38714652732804866,0.2049500310300072,0.5158839887089582,0.8387299576817518,0.7345499648386908,0.5880206888577474,0.34285473627242147,0,,0,0,0,0,0,0,0,prm_moratorium_active,cob_energy_community,prm_moratorium_proposed,cob_lowtemp_ind_heat_tbtu,cob_persistent_poverty,crb_clean_gen_mw
28153,Wayne County,MS,0.4445113911812043,2310,0.5548393483538356,0.41435535577712984,0.3537883377963791,0.8733774690873927,0.3872339044265162,0.5275753115102813,0.1531840631882601,0,,0,0,0,0,0,0,0,prm_moratorium_proposed,prm_moratorium_active,prm_pop_density_km2,cob_persistent_poverty,cob_energy_community,wtr_wwtp_flow_mgd
12055,Highlands County,FL,0.4444825650018298,2311,0.5962409041765088,0.3996976385452909,0.4365332898896864,0.7975389419623378,0.4433915229798668,0.46656712899676833,0.11511903594229689,0,,0,0,0,0,0,0,0,prm_moratorium_active,prm_moratorium_proposed,prm_nonattainment,cob_persistent_poverty,cob_ghgrp_combustion_facilities_n,cob_energy_community
54021,Gilmer County,WV,0.44441573180493,2312,0.37460147315551856,0.19490465856191128,0.5880627033365852,0.8567916277226149,0.7012572692121524,0.5916217418663189,0.3334199715524307,0,,0,0,0,0,0,0,0,prm_pct_tribal,haz_karst_exposed_pct,cob_energy_community,cob_lowtemp_ind_heat_tbtu,cob_ghgrp_combustion_facilities_n,crb_queue_clean_mw
06051,Mono County,CA,0.4443294647146775,2313,0.34063065905279727,0.6407390383002985,0.4194121215228487,0.715223720811129,0.5556276259038337,0.27178555974311847,0.28798259728845543,0,,0,0,0,0,0,0,0,lnd_pct_buildable,prm_moratorium_active,cob_energy_community,pwr_ind_price_cents_kwh,cob_persistent_poverty,prm_price_growth_pct
54059,Mingo County,WV,0.4441102952430302,2314,0.36709935740910626,0.25004131983897915,0.44486311771334364,0.8428045964433268,0.5488446139826912,0.48310015256723404,0.538947797400996,0,,0,0,0,0,0,0,0,lnd_pct_cropland,prm_pct_tribal,prm_moratorium_active,cob_lowtemp_ind_heat_tbtu,cob_ghgrp_combustion_facilities_n,pwr_substations_230kv_n
01051,Elmore County,AL,0.4437657281964285,2315,0.47888329800257096,0.47116694808901843,0.4861212152648842,0.8330646895037446,0.5511580438262735,0.7478054076413473,0.05459060332414191,0,,0,0,0,0,0,0,0,prm_moratorium_proposed,prm_moratorium_active,prm_nonattainment,crb_queue_clean_mw,cob_ghgrp_combustion_facilities_n,cob_persistent_poverty
27107,Norman County,MN,0.44325898386783097,2316,0.4999587617384927,0.39577887282626434,0.574512761164833,0.7755994334297838,0.6212021394473454,0.20005164792979682,0.19307442387264875,0,,0,0,0,0,0,0,0,prm_contested_total,cob_heat_demand,prm_moratorium_active,crb_queue_clean_mw,lnd_dist_eaf_steel_km,lnd_dist_cement_km
27153,Todd County,MN,0.44315684214141554,2317,0.4568945252747004,0.4054680669877609,0.38910066520942876,0.8357035702075983,0.7583487480315484,0.2264944574668075,0.2609513871096698,0,,0,0,0,0,0,0,0,haz_karst_exposed_pct,prm_moratorium_active,prm_moratorium_proposed,crb_queue_clean_mw,cob_persistent_poverty,cob_energy_community
13275,Thomas County,GA,0.4430553817035357,2318,0.6138652490663825,0.41935058121540864,0.42082320323234634,0.8841165589922312,0.45936444874397064,0.3694423902517845,0.10581871807157,0,,0,0,0,0,0,0,0,prm_pct_tribal,prm_moratorium_active,prm_moratorium_proposed,cob_persistent_poverty,cob_ghgrp_combustion_facilities_n,cob_energy_community
46067,Hutchinson County,SD,0.44305242384202864,2319,0.41682942658237915,0.4311723999425284,0.6814699519546942,0.8092701762966498,0.508358755083069,0.35171357021261374,0.12405127531096932,0,,0,0,0,0,0,0,0,prm_moratorium_active,prm_moratorium_proposed,prm_contested_total,crb_queue_clean_mw,cob_persistent_poverty,cob_unemp_rate
13065,Clinch County,GA,0.44275373868870355,2320,0.42790633204106504,0.4031249801236001,0.3528669577291997,0.9378360247999012,0.4244615419491653,0.40287387810760955,0.2952904560198013,0,,0,0,0,0,0,0,0,prm_pct_tribal,prm_tax_exemption_status,prm_moratorium_active,crb_clean_gen_mw,crb_queue_clean_mw,lnd_dist_interstate_km
39107,Mercer County,OH,0.4425658641025261,2321,0.5720282949304554,0.2644264656636796,0.5872342246315796,0.7192808998684266,0.5920623809792823,0.5282032916813527,0.12577037257623352,0,,0,0,0,0,0,0,0,prm_moratorium_active,prm_pct_tribal,prm_nonattainment,cob_persistent_poverty,cob_energy_community,pwr_substations_230kv_n
28031,Covington County,MS,0.4424964491120717,2322,0.4084938734295284,0.4135247518256714,0.3855237992749315,0.8619496124785132,0.4171841546705496,0.4851267077111119,0.26079807458342896,0,,0,0,0,0,0,0,0,prm_moratorium_active,cob_persistent_poverty,haz_karst_exposed_pct,cob_ghgrp_combustion_facilities_n,pwr_substations_230kv_n,cob_energy_community
55013,Burnett County,WI,0.44240580822452436,2323,0.44327255739027904,0.4058642452654901,0.32548717997513743,0.8706155618803657,0.7853770408810341,0.3198624055302586,0.23007267499634046,0,,0,0,0,0,0,0,0,cob_heat_demand,haz_karst_exposed_pct,prm_moratorium_active,cob_persistent_poverty,cob_ghgrp_combustion_facilities_n,cob_energy_community
01041,Crenshaw County,AL,0.44239755883253445,2324,0.46133461212930627,0.3946661293346826,0.49853680325929817,0.868868351593801,0.5175105744260285,0.5366827759016201,0.10603872582065832,0,,0,0,0,0,0,0,0,prm_contested_total,prm_moratorium_active,prm_moratorium_proposed,cob_ghgrp_combustion_facilities_n,cob_persistent_poverty,pwr_substations_230kv_n
48105,Crockett County,TX,0.4423282528178436,2325,0.5642827030968258,0.7420983023139697,0.34993353437120156,0.9033211744386113,0.39167012915532584,0.461549782444465,0.05375795688586546,0,,0,0,0,0,0,0,0,prm_pct_tribal,prm_contested_total,lnd_pct_buildable,cob_lowtemp_ind_heat_tbtu,cob_persistent_poverty,cob_energy_community
31181,Webster County,NE,0.4416575633055407,2326,0.4893445902147428,0.5650724906669244,0.3156351404570796,0.855108167584628,0.4682203006368225,0.42386538021623815,0.13659314093805658,0,,0,0,0,0,0,0,0,prm_moratorium_active,prm_pop_density_km2,prm_pct_tribal,cob_lowtemp_ind_heat_tbtu,cob_persistent_poverty,cob_energy_community
28077,Lawrence County,MS,0.44161413663811505,2327,0.4192594488142622,0.3746234655320511,0.3936612726184443,0.8707627999339617,0.3806680191842528,0.418062903107328,0.3500858526718769,0,,0,0,0,0,0,0,0,prm_pct_tribal,haz_karst_exposed_pct,prm_moratorium_active,crb_clean_gen_mw,crb_queue_clean_mw,pwr_substations_230kv_n
20025,Clark County,KS,0.44160973915993806,2328,0.6026668121509261,0.63547492352941,0.24843609975152922,0.8765906894705054,0.5128124655367665,0.2998965513886643,0.12436319983894092,0,,0,0,0,0,0,0,0,prm_moratorium_active,prm_pop_density_km2,lnd_pct_buildable,cob_persistent_poverty,cob_energy_community,lnd_dist_cement_km
39073,Hocking County,OH,0.44149568972572933,2329,0.5425832731776251,0.212525469298359,0.5770340932812535,0.8039935531666851,0.6956409296822348,0.42294418280288976,0.1886903036383175,0,,0,0,0,0,0,0,0,haz_karst_exposed_pct,prm_moratorium_active,prm_moratorium_proposed,cob_ghgrp_combustion_facilities_n,cob_energy_community,crb_queue_clean_mw
46117,Stanley County,SD,0.4413381900271402,2330,0.3882927882913024,0.4168767230750648,0.6409905029741115,0.8644049295517133,0.5713259166750526,0.3961727246598687,0.11625966742138368,0,,0,0,0,0,0,0,0,wtr_bws_score,haz_karst_exposed_pct,prm_moratorium_active,cob_lowtemp_ind_heat_tbtu,cob_ghgrp_combustion_facilities_n,wtr_wwtp_flow_mgd
12041,Gilchrist County,FL,0.44099847973287104,2331,0.5877269837107454,0.43895624238169667,0.3953417857591599,0.8315468866387986,0.4612992123364045,0.7022357914327726,0.06457604708824513,0,,0,0,0,0,0,0,0,prm_contested_total,prm_moratorium_active,prm_moratorium_proposed,cob_persistent_poverty,cob_energy_community,cob_ghgrp_combustion_facilities_n
13019,Berrien County,GA,0.4409201272917967,2332,0.5205246369338044,0.4117966198119832,0.3597531725214348,0.8869918697397761,0.48961985306486716,0.447142473584639,0.14615310706690143,0,,0,0,0,0,0,0,0,prm_moratorium_active,prm_moratorium_proposed,prm_contested_total,cob_lowtemp_ind_heat_tbtu,cob_ghgrp_combustion_facilities_n,crb_clean_gen_mw
21131,Leslie County,KY,0.440906581892419,2333,0.38353527256564185,0.21145683529495313,0.4713147397259587,0.8805178089539538,0.5359504601409785,0.5022655035452926,0.5206708659947326,0,,0,0,0,0,0,0,0,lnd_pct_cropland,prm_pct_tribal,haz_karst_exposed_pct,cob_lowtemp_ind_heat_tbtu,cob_ghgrp_combustion_facilities_n,lnd_dist_interstate_km
28039,George County,MS,0.4409051186637442,2334,0.6290572120003289,0.36964813303214317,0.3485732485327266,0.8551447704616377,0.45248553762428734,0.4724597242716016,0.1326916865710461,0,,0,0,0,0,0,0,0,prm_pct_tribal,prm_nonattainment,prm_moratorium_active,cob_lowtemp_ind_heat_tbtu,wtr_wwtp_flow_mgd,crb_clean_gen_mw
51175,Southampton County,VA,0.4396047632985326,2335,0.5854935222659527,0.4005353304782151,0.4667037582893229,0.896606219509845,0.590411577177624,0.4945475188808075,0.057477031805932846,0,,0,0,0,0,0,0,0,prm_nonattainment,prm_moratorium_active,prm_moratorium_proposed,cob_ghgrp_combustion_facilities_n,cob_persistent_poverty,cob_energy_community
46053,Gregory County,SD,0.43949771245649744,2336,0.3616523915547322,0.43432611022235285,0.6427701690588359,0.8597940609893581,0.6350626245882728,0.38786937049402476,0.11170671466525439,0,,0,0,0,0,0,0,0,prm_moratorium_proposed,prm_contested_total,lnd_pct_buildable,lnd_dist_cement_km,cob_persistent_poverty,cob_ghgrp_combustion_facilities_n
51065,Fluvanna County,VA,0.4394531162996809,2337,0.6469841620776547,0.32784258995378557,0.510217143865257,0.9090304712933193,0.6441637806404983,0.6476628304142923,0.03954724901883719,0,,0,0,0,0,0,0,0,prm_nonattainment,haz_karst_exposed_pct,prm_moratorium_proposed,cob_ghgrp_combustion_facilities_n,cob_persistent_poverty,cob_energy_community
55065,Lafayette County,WI,0.43943383603210184,2338,0.3506679868876443,0.4537341962124019,0.40460934328095843,0.802585461831819,0.6744032658404786,0.5100529922334459,0.17542641902420297,0,,0,0,0,0,0,0,0,prm_pct_tribal,prm_moratorium_active,prm_moratorium_proposed,cob_persistent_poverty,lnd_dist_interstate_km,pwr_substations_230kv_n
30105,Valley County,MT,0.4388900500591334,2339,0.398746714644927,0.5237195359920884,0.37293731937936997,0.7825729057843318,0.6877881632759936,0.3085773591606941,0.19190494447532155,0,,0,0,0,0,0,0,0,prm_moratorium_active,prm_pop_density_km2,cob_heat_demand,lnd_dist_interstate_km,cob_persistent_poverty,lnd_dist_eaf_steel_km
47015,Cannon County,TN,0.4388304390284182,2340,0.4654669052660973,0.38902424734024577,0.4367695850804477,0.8644878873938446,0.5117538713441645,0.5764388191405841,0.11384730381950464,0,,0,0,0,0,0,0,0,prm_pct_tribal,prm_moratorium_active,prm_moratorium_proposed,cob_lowtemp_ind_heat_tbtu,pwr_substations_230kv_n,pwr_dist_retired_plant_km
20157,Republic County,KS,0.438623087004384,2341,0.4580074890902642,0.5770772242720226,0.30652259927538583,0.821239322238083,0.4963175090688661,0.35647901954804456,0.17684068575506345,0,,0,0,0,0,0,0,0,prm_pop_density_km2,prm_contested_total,prm_moratorium_active,cob_lowtemp_ind_heat_tbtu,cob_persistent_poverty,lnd_dist_interstate_km
28111,Perry County,MS,0.4384926404454341,2342,0.5176554822380387,0.43146948369916166,0.3636337486751427,0.8728682372605455,0.3707499438607801,0.47136723466506575,0.16254115432863012,0,,0,0,0,0,0,0,0,prm_nonattainment,prm_pop_density_km2,haz_karst_exposed_pct,cob_persistent_poverty,pwr_substations_230kv_n,cob_energy_community
38039,Griggs County,ND,0.43816673882394686,2343,0.5302975154794308,0.4056290897602704,0.5883488926596396,0.8465445900852636,0.6672210245662348,0.17778577598628884,0.12815179654076767,0,,0,0,0,0,0,0,0,prm_moratorium_active,prm_moratorium_proposed,prm_contested_total,cob_lowtemp_ind_heat_tbtu,lnd_dist_cement_km,lnd_dist_brownfield_or_retired_km
12133,Washington County,FL,0.43814731525294603,2344,0.520570061624598,0.3977151292009846,0.48129283222686103,0.846956941996163,0.35413497568142316,0.5052053913173559,0.12378688867279808,0,,0,0,0,0,0,0,0,prm_contested_total,prm_moratorium_active,prm_moratorium_proposed,cob_persistent_poverty,cob_energy_community,cob_ghgrp_combustion_facilities_n
51159,Richmond County,VA,0.437993715924047,2345,0.592976519236806,0.4102408795156566,0.41706596293194814,0.8925518965393484,0.5504545002054558,0.4102633685856148,0.07952152770577203,0,,0,0,0,0,0,0,0,prm_nonattainment,prm_moratorium_active,prm_tax_exemption_status,cob_energy_community,lnd_dist_interstate_km,cob_persistent_poverty
29131,Miller County,MO,0.4376708026524679,2346,0.42470521690049645,0.4341701401975322,0.585125029116399,0.8747796453043994,0.40622587606995564,0.4494330633495389,0.11395713200220164,0,,0,0,0,0,0,0,0,prm_moratorium_active,prm_pct_tribal,prm_nonattainment,lnd_dist_interstate_km,pwr_substations_230kv_n,cob_persistent_poverty
13181,Lincoln County,GA,0.43744006231772703,2347,0.4960930656514316,0.3882031716569764,0.32889978767829675,0.9324366712776091,0.5747716439575234,0.5145378158711268,0.13113034982686728,0,,0,0,0,0,0,0,0,prm_moratorium_active,haz_karst_exposed_pct,prm_tax_exemption_status,cob_lowtemp_ind_heat_tbtu,cob_ghgrp_combustion_facilities_n,cob_persistent_poverty
22059,LaSalle Parish,LA,0.43721424903982636,2348,0.4049443252458182,0.37852584921471266,0.6627486360242218,0.878951884883698,0.4400465569826846,0.2142392479328004,0.25570123192978317,0,,0,0,0,0,0,0,0,prm_moratorium_proposed,cob_energy_community,haz_karst_exposed_pct,cob_lowtemp_ind_heat_tbtu,cob_ghgrp_combustion_facilities_n,crb_queue_clean_mw
48235,Irion County,TX,0.43717955182139806,2349,0.6321887621960826,0.6590750492919427,0.373067675585367,0.9028230151017603,0.4312101325463001,0.37625986305689274,0.04670791975572232,0,,0,0,0,0,0,0,0,prm_moratorium_proposed,prm_pct_tribal,lnd_pct_buildable,cob_lowtemp_ind_heat_tbtu,cob_persistent_poverty,cob_energy_community
48295,Lipscomb County,TX,0.4370793530611027,2350,0.5417085429844833,0.5191648761404897,0.3871573812758074,0.8889148324990841,0.44109266077336806,0.2541690155245657,0.1409272188153909,0,,0,0,0,0,0,0,0,prm_contested_total,prm_pop_density_km2,haz_karst_exposed_pct,lnd_dist_brownfield_or_retired_km,cob_persistent_poverty,cob_energy_community
40093,Major County,OK,0.43695464958682767,2351,0.47855578813417093,0.5792171258709066,0.32961481212746496,0.8326493823005094,0.44456605433116814,0.4954688206006142,0.10832819946030273,0,,0,0,0,0,0,0,0,prm_moratorium_active,prm_pop_density_km2,lnd_pct_buildable,cob_lowtemp_ind_heat_tbtu,cob_persistent_poverty,cob_energy_community
28003,Alcorn County,MS,0.4369497132352932,2352,0.4857036054480938,0.38990506817504095,0.4813543884502205,0.8424820412633146,0.4503604569467445,0.4704697234079358,0.12372041531529344,0,,0,0,0,0,0,0,0,prm_contested_total,prm_moratorium_active,prm_moratorium_proposed,cob_energy_community,lnd_dist_interstate_km,cob_ghgrp_combustion_facilities_n
55047,Green Lake County,WI,0.4365172106480245,2353,0.47564250472849195,0.32543691061925645,0.2960726333087267,0.808105443736372,0.7445351795182826,0.5378217117315583,0.20736383227069694,0,,0,0,0,0,0,0,0,prm_pct_tribal,cob_heat_demand,haz_karst_exposed_pct,crb_clean_gen_mw,crb_queue_clean_mw,pwr_dist_retired_plant_km
27001,Aitkin County,MN,0.4364506250967251,2354,0.46913705030346964,0.38829518067468155,0.3581031076490621,0.8579300760727806,0.7208865320091007,0.24482058003819337,0.2421560794653464,0,,0,0,0,0,0,0,0,prm_moratorium_active,prm_pop_density_km2,cob_heat_demand,crb_queue_clean_mw,lnd_dist_interstate_km,lnd_dist_eaf_steel_km
01029,Cleburne County,AL,0.4363071522059141,2355,0.47800835034905303,0.3963425339321175,0.3943557795534289,0.8698296451873987,0.5232221147783115,0.7503568981175525,0.08505511542716006,0,,0,0,0,0,0,0,0,prm_moratorium_active,prm_moratorium_proposed,prm_contested_total,cob_ghgrp_combustion_facilities_n,cob_energy_community,pwr_substations_230kv_n
55067,Langlade County,WI,0.436158543471214,2356,0.46610127508646404,0.35471972021534925,0.34682970206781444,0.8611281567657164,0.8123971116691682,0.31656250107844225,0.2055841602607682,0,,0,0,0,0,0,0,0,prm_pop_density_km2,prm_nonattainment,prm_moratorium_active,cob_persistent_poverty,lnd_dist_interstate_km,pwr_substations_230kv_n
51017,Bath County,VA,0.43614862883239586,2357,0.43482393573218897,0.2645743474031621,0.5063172137311662,0.9361302520800058,0.6411369327385006,0.6128224794302012,0.1329063338242325,0,,0,0,0,0,0,0,0,prm_pop_density_km2,prm_tax_exemption_status,prm_moratorium_active,cob_lowtemp_ind_heat_tbtu,cob_ghgrp_combustion_facilities_n,cob_persistent_poverty
13029,Bryan County,GA,0.4360152692082176,2358,0.7231658222698499,0.4218785830844295,0.5730640492571828,0.9092395956855686,0.39094312704198575,0.5148495242695514,0.03164025715386743,0,,0,0,0,0,0,0,0,prm_moratorium_active,prm_moratorium_proposed,prm_contested_total,crb_queue_clean_mw,cob_ghgrp_combustion_facilities_n,cob_persistent_poverty
51067,Franklin County,VA,0.43596877870765044,2359,0.49692265629085136,0.2783023820323362,0.5546873060528739,0.8919216393966565,0.6824914498266034,0.6526388579664549,0.07451702998134149,0,,0,0,0,0,0,0,0,prm_moratorium_proposed,prm_moratorium_active,prm_nonattainment,cob_ghgrp_combustion_facilities_n,cob_persistent_poverty,cob_energy_community
51099,King George County,VA,0.4356424896754696,2360,0.69296227472433,0.34413003933848735,0.4563677981926813,0.8693191415518058,0.6702460372021393,0.5950942988288362,0.0377641020538885,0,,0,0,0,0,0,0,0,prm_moratorium_active,prm_tax_exemption_status,prm_moratorium_proposed,cob_persistent_poverty,cob_energy_community,cob_ghgrp_combustion_facilities_n
31077,Greeley County,NE,0.43537867830542537,2361,0.4498742171823775,0.5017015015269637,0.29646644018193186,0.8732284603296648,0.5856276329630232,0.44355647901972284,0.14349732236074444,0,,0,0,0,0,0,0,0,haz_karst_exposed_pct,prm_contested_total,prm_moratorium_active,cob_ghgrp_combustion_facilities_n,cob_persistent_poverty,cob_energy_community
28131,Stone County,MS,0.4353283358009648,2362,0.5900071495436772,0.3659667949960044,0.39293079282779225,0.8641289856631339,0.4406813024794948,0.49748406217359165,0.10986075542481907,0,,0,0,0,0,0,0,0,prm_contested_total,prm_moratorium_active,prm_moratorium_proposed,cob_persistent_poverty,cob_energy_community,pwr_substations_230kv_n
48211,Hemphill County,TX,0.43512001235926523,2363,0.4982331096020757,0.5811655173928603,0.43633498907378554,0.8994398847809157,0.47240626137303343,0.2625929543876498,0.09810975672763689,0,,0,0,0,0,0,0,0,prm_moratorium_proposed,lnd_pct_buildable,prm_moratorium_active,lnd_dist_cement_km,cob_persistent_poverty,cob_ghgrp_combustion_facilities_n
47081,Hickman County,TN,0.43494453855373255,2364,0.5501109697891565,0.38726934167281135,0.3864266341160439,0.8775294091110418,0.5004571065437079,0.5236234752367926,0.09617129602804642,0,,0,0,0,0,0,0,0,prm_nonattainment,prm_moratorium_active,prm_moratorium_proposed,cob_ghgrp_combustion_facilities_n,cob_energy_community,pwr_substations_230kv_n
13311,White County,GA,0.43459458210043106,2365,0.4979572286558062,0.3830480141464881,0.3962120213253266,0.9096889518084691,0.5830681810994851,0.632364176162922,0.07856829833855121,0,,0,0,0,0,0,0,0,prm_moratorium_proposed,haz_karst_exposed_pct,prm_tax_exemption_status,cob_energy_community,cob_ghgrp_combustion_facilities_n,cob_persistent_poverty
48421,Sherman County,TX,0.43459393768654947,2366,0.547324684306066,0.562522259925663,0.37458174140627165,0.8332708983618814,0.5713782799316778,0.3014511251601252,0.08488016466446499,0,,0,0,0,0,0,0,0,prm_contested_total,prm_pop_density_km2,haz_karst_exposed_pct,cob_persistent_poverty,cob_energy_community,pwr_substations_230kv_n
37053,Currituck County,NC,0.4345041907127199,2367,0.6038174577057418,0.6005881492638784,0.4647408519756381,0.8586411190314407,0.5744872810088161,0.3163847989629934,0.03976300891927908,0,,0,0,0,0,0,0,0,haz_karst_exposed_pct,prm_moratorium_active,prm_moratorium_proposed,cob_persistent_poverty,cob_energy_community,cob_ghgrp_combustion_facilities_n
38013,Burke County,ND,0.43438786538365787,2368,0.49256011440243264,0.5408045166889155,0.46455911191067356,0.8577586716136465,0.7813458499471824,0.1564992439301636,0.11166813280788657,0,,0,0,0,0,0,0,0,haz_karst_exposed_pct,prm_pop_density_km2,prm_moratorium_active,cob_lowtemp_ind_heat_tbtu,cob_ghgrp_combustion_facilities_n,lnd_dist_eaf_steel_km
51049,Cumberland County,VA,0.43427307720818686,2369,0.5799458385907136,0.3336980868674309,0.4887748025119544,0.9300532355374407,0.6429131382134459,0.5385433363778256,0.05374550247891501,0,,0,0,0,0,0,0,0,prm_nonattainment,prm_moratorium_active,prm_moratorium_proposed,cob_lowtemp_ind_heat_tbtu,wtr_wwtp_flow_mgd,cob_ghgrp_combustion_facilities_n
51009,Amherst County,VA,0.43410468522782675,2370,0.45115087132191756,0.3043905496982663,0.4508603947762239,0.8973062558059521,0.6569749721414965,0.5806559665625483,0.11866394475507484,0,,0,0,0,0,0,0,0,prm_moratorium_active,prm_tax_exemption_status,prm_pct_tribal,cob_persistent_poverty,pwr_substations_230kv_n,cob_energy_community
13177,Lee County,GA,0.43341221629723836,2371,0.7257093535319221,0.5381412688233451,0.5186623857757515,0.8621964912769219,0.3872704389597159,0.4366166013055486,0.02856729117313887,0,,0,0,0,0,0,0,0,prm_nonattainment,prm_moratorium_proposed,prm_tax_exemption_status,cob_lowtemp_ind_heat_tbtu,cob_persistent_poverty,cob_energy_community
51047,Culpeper County,VA,0.4332403956943375,2372,0.502814739254505,0.30172640585136995,0.5574098567409544,0.8076329487800781,0.6186749228290663,0.6105958110729527,0.0800918861146248,0,,0,0,0,0,0,0,0,prm_moratorium_active,prm_moratorium_proposed,prm_nonattainment,cob_ghgrp_combustion_facilities_n,cob_persistent_poverty,cob_energy_community
27035,Crow Wing County,MN,0.4326960113234891,2373,0.4974008806922514,0.4217775222348671,0.4101858546046272,0.8586977769015997,0.7881347956073538,0.15647263791229868,0.19617962458545835,0,,0,0,0,0,0,0,0,haz_karst_exposed_pct,cob_heat_demand,prm_moratorium_active,crb_queue_clean_mw,lnd_dist_interstate_km,lnd_dist_eaf_steel_km
28041,Greene County,MS,0.43240309706451296,2374,0.5434469226462805,0.36463734808307524,0.35127528734382957,0.8733169523689004,0.3828798057729307,0.49330933025694595,0.16740991383230705,0,,0,0,0,0,0,0,0,prm_pct_tribal,prm_pop_density_km2,prm_moratorium_active,cob_lowtemp_ind_heat_tbtu,wtr_wwtp_flow_mgd,crb_queue_clean_mw
51057,Essex County,VA,0.43203756012680555,2375,0.5214070466003083,0.32159291383577615,0.48114062585444517,0.8734887754714331,0.526411508283358,0.4347909770214913,0.11732060532396599,0,,0,0,0,0,0,0,0,prm_moratorium_active,prm_moratorium_proposed,prm_nonattainment,cob_ghgrp_combustion_facilities_n,cob_persistent_poverty,crb_queue_clean_mw
30081,Ravalli County,MT,0.43203412172321093,2376,0.3887748363060864,0.48748221524267654,0.3512143107538197,0.8548501623401602,0.6412605717990825,0.3689003865003097,0.1695828041206084,0,,0,0,0,0,0,0,0,prm_moratorium_active,prm_pop_density_km2,prm_moratorium_proposed,lnd_dist_interstate_km,lnd_dist_eaf_steel_km,cob_ghgrp_combustion_facilities_n
20047,Edwards County,KS,0.43173044053510373,2377,0.510774850604143,0.5861100570259296,0.3158540603745971,0.8155569128998011,0.450840256397827,0.25304744886736336,0.1729910077812295,0,,0,0,0,0,0,0,0,prm_contested_total,prm_moratorium_proposed,prm_moratorium_active,cob_lowtemp_ind_heat_tbtu,cob_ghgrp_combustion_facilities_n,crb_clean_gen_mw
28013,Calhoun County,MS,0.4316414547502941,2378,0.365587580563392,0.39303473880560913,0.6643774844771843,0.8520944773915534,0.45305575162711936,0.45232562960754125,0.12639148137939676,0,,0,0,0,0,0,0,0,prm_moratorium_active,wtr_bws_score,wtr_bws_2050_score,pwr_substations_230kv_n,cob_ghgrp_combustion_facilities_n,crb_clean_gen_mw
55049,Iowa County,WI,0.43161727088280444,2379,0.3503024727475605,0.46789529988979617,0.34864772842383096,0.838420033204326,0.7021228525335227,0.49564832717732005,0.16091109304814327,0,,0,0,0,0,0,0,0,prm_pct_tribal,prm_moratorium_active,prm_moratorium_proposed,cob_ghgrp_combustion_facilities_n,cob_persistent_poverty,lnd_dist_interstate_km
05087,Madison County,AR,0.4314795717433712,2380,0.3902276456899324,0.4962766902999757,0.41072679453703964,0.8858712348665128,0.4370568003279443,0.5322723715697925,0.12255822916358328,0,,0,0,0,0,0,0,0,prm_nonattainment,prm_moratorium_active,prm_moratorium_proposed,cob_ghgrp_combustion_facilities_n,pwr_substations_230kv_n,cob_persistent_poverty
29229,Wright County,MO,0.431294509144595,2381,0.4184170327907856,0.3806655613968225,0.42318031040132087,0.8849738035487558,0.4361311766399135,0.4902023757846688,0.17581013361494924,0,,0,0,0,0,0,0,0,prm_moratorium_proposed,lnd_pct_buildable,prm_moratorium_active,cob_energy_community,cob_ghgrp_combustion_facilities_n,crb_queue_clean_mw
51171,Shenandoah County,VA,0.43116563434235405,2382,0.4126941440468235,0.3069930588308506,0.49193535449198345,0.9064265360500583,0.5557215572105194,0.7651324073728359,0.1029847451701547,0,,0,0,0,0,0,0,0,prm_moratorium_active,prm_moratorium_proposed,prm_contested_total,cob_energy_community,pwr_substations_230kv_n,cob_ghgrp_combustion_facilities_n
31137,Phelps County,NE,0.43114113304473706,2383,0.4798813350680129,0.5116829744484201,0.29499724000750494,0.8159115195272421,0.6212108425525932,0.3718116616126416,0.13669253513700833,0,,0,0,0,0,0,0,0,prm_moratorium_active,haz_karst_exposed_pct,prm_pop_density_km2,cob_ghgrp_combustion_facilities_n,cob_persistent_poverty,pwr_substations_230kv_n
51163,Rockbridge County,VA,0.43084866173379743,2384,0.5275698586459268,0.2655529839429904,0.5536416280255989,0.9287499041202556,0.5692805919123095,0.7401286340363299,0.06301363602994801,0,,0,0,0,0,0,0,0,prm_pct_tribal,prm_moratorium_active,prm_moratorium_proposed,crb_queue_clean_mw,cob_persistent_poverty,cob_energy_community
31093,Howard County,NE,0.43074393315342274,2385,0.5772004671101946,0.44550956692624677,0.2995458515816016,0.8613417441670892,0.5311548823433188,0.4922101241101952,0.0921510781845423,0,,0,0,0,0,0,0,0,prm_moratorium_proposed,prm_pop_density_km2,prm_moratorium_active,crb_queue_clean_mw,cob_energy_community,cob_persistent_poverty
31125,Nance County,NE,0.4307170382595393,2386,0.4712097144609832,0.437290056715738,0.30647831784137364,0.8509523383479799,0.5402679522892142,0.4738170662516253,0.14955003670176334,0,,0,0,0,0,0,0,0,prm_nonattainment,prm_moratorium_active,prm_moratorium_proposed,cob_lowtemp_ind_heat_tbtu,crb_queue_clean_mw,crb_clean_gen_mw
27057,Hubbard County,MN,0.43056855211894624,2387,0.4232020894898761,0.3946491401154191,0.34225181240790276,0.8696047421742373,0.7965831141283881,0.23943732229136372,0.24998467314693,0,,0,0,0,0,0,0,0,haz_karst_exposed_pct,haz_alr_riverine_flood,prm_moratorium_active,crb_queue_clean_mw,cob_persistent_poverty,lnd_dist_interstate_km
28061,Jasper County,MS,0.43043698178229484,2388,0.4717642488949792,0.435739877665254,0.3852703107056111,0.8739270665749037,0.3996191007656899,0.515018174501705,0.12646247314663714,0,,0,0,0,0,0,0,0,prm_pop_density_km2,prm_moratorium_active,prm_moratorium_proposed,crb_clean_gen_mw,cob_persistent_poverty,pwr_dist_hv345_line_km
24039,Somerset County,MD,0.42983527920693104,2389,0.4310283485001896,0.4003927401484934,0.46074645533169933,0.7866640952271321,0.4797690650712755,0.42943516252055286,0.1584257427537573,0,,0,0,0,0,0,0,0,prm_moratorium_proposed,prm_pct_tribal,haz_karst_exposed_pct,cob_persistent_poverty,cob_ghgrp_combustion_facilities_n,pwr_substations_230kv_n
12035,Flagler County,FL,0.42860440937297717,2390,0.738440669279466,0.2892307389246276,0.4153091140660064,0.8140755686625996,0.42778521210003545,0.7004184755908961,0.06454972106939859,0,,0,0,0,0,0,0,0,prm_moratorium_proposed,prm_moratorium_active,prm_pct_tribal,crb_queue_clean_mw,cob_ghgrp_combustion_facilities_n,cob_persistent_poverty
47111,Macon County,TN,0.42859003557230946,2391,0.37854532588823986,0.3793040451943883,0.6004638601083319,0.8613701055331724,0.5470880569102359,0.5147660308691216,0.09687278202604019,0,,0,0,0,0,0,0,0,prm_pct_tribal,prm_moratorium_active,prm_moratorium_proposed,cob_energy_community,cob_ghgrp_combustion_facilities_n,crb_queue_clean_mw
51019,Bedford County,VA,0.4277898464911277,2392,0.47225109854945924,0.28606304196219917,0.44513300263343536,0.8879923949707361,0.6676808640034856,0.6855964042008234,0.08943489451317785,0,,0,0,0,0,0,0,0,prm_pct_tribal,prm_nonattainment,prm_tax_exemption_status,cob_persistent_poverty,cob_energy_community,pwr_substations_230kv_n
13111,Fannin County,GA,0.4270258195144111,2393,0.3441213177166731,0.41428518465138453,0.5814057834852412,0.9212479407960094,0.6726588869872666,0.3914744048240422,0.09973667371467176,0,,0,0,0,0,0,0,0,prm_moratorium_proposed,prm_tax_exemption_status,prm_moratorium_active,cob_energy_community,cob_ghgrp_combustion_facilities_n,cob_persistent_poverty
40059,Harper County,OK,0.4268272631231927,2394,0.47078116064802594,0.5778506195195896,0.3063173727815213,0.8515560557278476,0.4452144942445101,0.3366810869474297,0.14147711049704537,0,,0,0,0,0,0,0,0,prm_moratorium_active,prm_pop_density_km2,lnd_pct_buildable,cob_persistent_poverty,cob_energy_community,pwr_substations_230kv_n
29029,Camden County,MO,0.4264302198660545,2395,0.4355531148376435,0.39075284686691947,0.5433335352216645,0.8682194188030704,0.4756878757853669,0.3854012345783286,0.11308010567284307,0,,0,0,0,0,0,0,0,prm_nonattainment,prm_moratorium_active,prm_moratorium_proposed,pwr_substations_230kv_n,cob_persistent_poverty,pwr_dist_retired_plant_km
16025,Camas County,ID,0.42610695512537544,2396,0.40033199710869,0.5009637162925039,0.30113278827397794,0.860839674576444,0.6582399231471658,0.5319486352716621,0.11102885864306784,0,,0,0,0,0,0,0,0,prm_pop_density_km2,prm_pct_tribal,prm_moratorium_active,cob_lowtemp_ind_heat_tbtu,cob_ghgrp_combustion_facilities_n,pwr_substations_230kv_n
01037,Coosa County,AL,0.426082758359577,2397,0.4595177638689976,0.392457147931258,0.4346932367914083,0.8708064447807978,0.5617955505279351,0.5961678199774637,0.07532599820656703,0,,0,0,0,0,0,0,0,prm_moratorium_proposed,prm_moratorium_active,prm_pop_density_km2,cob_lowtemp_ind_heat_tbtu,cob_persistent_poverty,cob_ghgrp_combustion_facilities_n
47101,Lewis County,TN,0.4259490567894246,2398,0.44877136790088834,0.3910527177867188,0.41034678669654545,0.8771649558424602,0.5145581027832027,0.4345935925225926,0.12859720790893586,0,,0,0,0,0,0,0,0,prm_pct_tribal,prm_moratorium_active,prm_moratorium_proposed,cob_ghgrp_combustion_facilities_n,cob_energy_community,pwr_substations_230kv_n
13219,Oconee County,GA,0.4257892415496261,2399,0.5951527817069234,0.38922995967266405,0.41541910443642616,0.8962603690286306,0.6218151649015262,0.5830819421798319,0.04070249680382323,0,,0,0,0,0,0,0,0,prm_tax_exemption_status,haz_karst_exposed_pct,prm_moratorium_proposed,cob_ghgrp_combustion_facilities_n,cob_persistent_poverty,cob_energy_community
51161,Roanoke County,VA,0.42556172548516874,2400,0.5837452211953295,0.2367430107419642,0.39790185347277424,0.8834220683742217,0.719351514572397,0.733899923376956,0.07740001656387764,0,,0,0,0,0,0,0,0,prm_contested_total,prm_tax_exemption_status,prm_moratorium_active,cob_ghgrp_combustion_facilities_n,cob_persistent_poverty,wtr_wwtp_flow_mgd
12059,Holmes County,FL,0.42543727000284337,2401,0.5139368212838319,0.3987190048176473,0.45704214330299575,0.8436744677026953,0.4057549108843741,0.5184860230834404,0.08728826506137699,0,,0,0,0,0,0,0,0,prm_pct_tribal,prm_moratorium_active,prm_moratorium_proposed,cob_persistent_poverty,cob_energy_community,cob_ghgrp_combustion_facilities_n
24035,Queen Anne's County,MD,0.42533457721297707,2402,0.508848076235156,0.39808962174955426,0.5396057676394742,0.7306974949689453,0.5468215874504161,0.6227552771094819,0.05332895654149544,0,,0,0,0,0,0,0,0,prm_moratorium_active,prm_pct_tribal,prm_moratorium_proposed,cob_persistent_poverty,cob_energy_community,pwr_substations_230kv_n
31041,Custer County,NE,0.4252134530048232,2403,0.427925210790346,0.5768856939393034,0.2871192096535645,0.8903771206019527,0.5617976528096977,0.4234343689389816,0.10946585409399583,0,,0,0,0,0,0,0,0,prm_moratorium_active,prm_contested_total,haz_karst_exposed_pct,cob_persistent_poverty,cob_energy_community,pwr_dist_retired_plant_km
16081,Teton County,ID,0.42510809562733337,2404,0.3408992250249151,0.5233644031361633,0.4130718875261518,0.8382073421337102,0.6688702090624078,0.3494823150975595,0.13852759471187548,0,,0,0,0,0,0,0,0,prm_pct_tribal,prm_moratorium_active,prm_moratorium_proposed,cob_persistent_poverty,cob_ghgrp_combustion_facilities_n,pwr_substations_230kv_n
51007,Amelia County,VA,0.4250266106972413,2405,0.4590880810170354,0.3536326896170932,0.45852012645098916,0.9229981342865583,0.6790821272977697,0.5063374879568266,0.07318034105925532,0,,0,0,0,0,0,0,0,prm_pct_tribal,prm_moratorium_active,prm_moratorium_proposed,cob_ghgrp_combustion_facilities_n,pwr_substations_230kv_n,cob_energy_community
24041,Talbot County,MD,0.4244868489742773,2406,0.4980200456365221,0.3082802087730797,0.5465663550173557,0.7403911058547781,0.5260305786470583,0.5710985762959394,0.09467144970908953,0,,0,0,0,0,0,0,0,prm_moratorium_active,prm_pct_tribal,prm_moratorium_proposed,cob_persistent_poverty,cob_energy_community,pwr_substations_230kv_n
20165,Rush County,KS,0.4241828727784053,2407,0.5198810291479827,0.6149839311450969,0.32739525273632575,0.8255545875718233,0.3768256797560039,0.21512889025473814,0.16750249715582555,0,,0,0,0,0,0,0,0,prm_nonattainment,prm_moratorium_active,prm_pop_density_km2,cob_lowtemp_ind_heat_tbtu,cob_persistent_poverty,cob_energy_community
12123,Taylor County,FL,0.42339535808020445,2408,0.5197680288099983,0.3219875342645727,0.42763274413080776,0.8614828810739541,0.3557888477140931,0.37210181249101204,0.20287991711372333,0,,0,0,0,0,0,0,0,prm_moratorium_active,prm_pct_tribal,prm_moratorium_proposed,cob_persistent_poverty,pwr_dist_hv345_line_km,cob_energy_community
51075,Goochland County,VA,0.4231382412444443,2409,0.6151888671991058,0.3269250027672809,0.5140550649949392,0.8864006636748679,0.6777862359458058,0.6334613453037777,0.030354637826577394,0,,0,0,0,0,0,0,0,prm_moratorium_proposed,prm_tax_exemption_status,prm_moratorium_active,cob_persistent_poverty,wtr_wwtp_flow_mgd,cob_energy_community
51119,Middlesex County,VA,0.4227757615623134,2410,0.5410000354947904,0.37834477811025113,0.46912130730964063,0.8889452678338672,0.5501468962899929,0.4590962871746618,0.05959997808858271,0,,0,0,0,0,0,0,0,prm_moratorium_active,prm_moratorium_proposed,prm_contested_total,cob_persistent_poverty,cob_ghgrp_combustion_facilities_n,cob_energy_community
21025,Breathitt County,KY,0.42264164830328504,2411,0.3233459864676341,0.20255269139506363,0.4830140508075436,0.8795071684816694,0.5122882387552002,0.48227598805853783,0.5643873752496052,0,,0,0,0,0,0,0,0,prm_pct_tribal,haz_karst_exposed_pct,cob_persistent_poverty,cob_lowtemp_ind_heat_tbtu,cob_ghgrp_combustion_facilities_n,pwr_substations_230kv_n
05075,Lawrence County,AR,0.42224575808323356,2412,0.42513075833074193,0.39398942838980366,0.3294575048032146,0.8173685221834935,0.35780931959058965,0.4055952769373173,0.31186070859789233,0,,0,0,0,0,0,0,0,prm_moratorium_active,prm_moratorium_proposed,cob_energy_community,cob_ghgrp_combustion_facilities_n,cob_persistent_poverty,pwr_substations_230kv_n
51045,Craig County,VA,0.4217453327754268,2413,0.5104667892541367,0.20667422697220758,0.44765356629190717,0.936105358690617,0.7439877109638364,0.6381828969286092,0.1036448902853398,0,,0,0,0,0,0,0,0,prm_moratorium_proposed,prm_tax_exemption_status,prm_moratorium_active,cob_ghgrp_combustion_facilities_n,crb_queue_clean_mw,cob_persistent_poverty
37137,Pamlico County,NC,0.4212585072607494,2414,0.47129352454152906,0.49776297060419783,0.5020513116375096,0.888424209114251,0.41768778078652674,0.29181706532840984,0.08904094472790015,0,,0,0,0,0,0,0,0,prm_tax_exemption_status,prm_pct_tribal,prm_moratorium_proposed,lnd_dist_cement_km,lnd_dist_interstate_km,cob_persistent_poverty
06003,Alpine County,CA,0.4208654306364118,2415,0.20556007888035838,0.580741931097337,0.2989939145030774,0.8207553402528975,0.7001852919724681,0.4879520560182567,0.3625711752095975,0,,0,0,0,0,0,0,0,prm_moratorium_active,prm_moratorium_proposed,prm_contested_total,pwr_ind_price_cents_kwh,cob_persistent_poverty,prm_price_growth_pct
46105,Perkins County,SD,0.4207602988580488,2416,0.36081501959892975,0.416855258116824,0.5566776922700434,0.8860797338772943,0.6835963793686495,0.2250185150234727,0.1484960701419844,0,,0,0,0,0,0,0,0,prm_moratorium_proposed,prm_pop_density_km2,haz_karst_exposed_pct,cob_lowtemp_ind_heat_tbtu,cob_ghgrp_combustion_facilities_n,lnd_dist_ixp_km
29035,Carter County,MO,0.42051783977906354,2417,0.5212020027108891,0.3574246759553542,0.2950585422148716,0.8861391755537057,0.33758187083108926,0.3151205113570288,0.3248835641578336,0,,0,0,0,0,0,0,0,prm_contested_total,cob_persistent_poverty,prm_moratorium_active,crb_queue_clean_mw,lnd_dist_interstate_km,cob_energy_community
51063,Floyd County,VA,0.42012287536337223,2418,0.535134154601946,0.25387628767443243,0.4576295665038771,0.927711839170013,0.7661245014461542,0.703291870268544,0.05364136930458465,0,,0,0,0,0,0,0,0,prm_moratorium_proposed,prm_tax_exemption_status,prm_moratorium_active,cob_ghgrp_combustion_facilities_n,crb_queue_clean_mw,cob_persistent_poverty
29181,Ripley County,MO,0.42009318465486134,2419,0.4610021646986812,0.37188271134011985,0.2941533767493572,0.8789316311250467,0.3478435672950875,0.3858680921895192,0.31620069037341836,0,,0,0,0,0,0,0,0,prm_nonattainment,cob_persistent_poverty,prm_moratorium_active,cob_lowtemp_ind_heat_tbtu,lnd_dist_interstate_km,cob_ghgrp_combustion_facilities_n
51073,Gloucester County,VA,0.4200341223151449,2420,0.6149140845310613,0.39138786580598744,0.46769300198535113,0.8865234971418369,0.5301311237195643,0.5843177328487198,0.03260255688717567,0,,0,0,0,0,0,0,0,prm_nonattainment,prm_moratorium_active,prm_moratorium_proposed,cob_persistent_poverty,cob_energy_community,wtr_wwtp_flow_mgd
55077,Marquette County,WI,0.4194454421633378,2421,0.42465581671906666,0.3187289895034625,0.2576334879228431,0.8370239744540433,0.7316059147036335,0.5703481806688705,0.20791547889959894,0,,0,0,0,0,0,0,0,prm_nonattainment,prm_moratorium_active,prm_moratorium_proposed,crb_queue_clean_mw,crb_clean_gen_mw,pwr_dist_retired_plant_km
27069,Kittson County,MN,0.41921962411801583,2422,0.40947185018103943,0.3876436106919847,0.5638549693098336,0.811294027960919,0.6197249592840234,0.18426260889389812,0.1862900485177985,0,,0,0,0,0,0,0,0,prm_pct_tribal,cob_heat_demand,haz_karst_exposed_pct,lnd_dist_cement_km,lnd_dist_eaf_steel_km,cob_ghgrp_combustion_facilities_n
51157,Rappahannock County,VA,0.41865819467102017,2423,0.5202257620692007,0.2500360694170916,0.48236461058302316,0.8505265242200789,0.5924402251809818,0.7103435678546974,0.07635916116261734,0,,0,0,0,0,0,0,0,prm_pct_tribal,prm_moratorium_active,prm_moratorium_proposed,crb_queue_clean_mw,cob_ghgrp_combustion_facilities_n,cob_persistent_poverty
51103,Lancaster County,VA,0.41822851577242276,2424,0.46744311176111386,0.38054637286393544,0.4208069948384967,0.8908432575860764,0.5254667217795392,0.3704958279171238,0.11113338904334602,0,,0,0,0,0,0,0,0,prm_moratorium_active,prm_moratorium_proposed,prm_contested_total,lnd_dist_brownfield_or_retired_km,cob_ghgrp_combustion_facilities_n,cob_persistent_poverty
29123,Madison County,MO,0.4179271443802413,2425,0.5056351160772141,0.3586124691749912,0.33067902830729135,0.8857152347160809,0.3916679685322401,0.5885888481478938,0.12631559218070643,0,,0,0,0,0,0,0,0,prm_contested_total,prm_moratorium_active,prm_pop_density_km2,cob_energy_community,cob_ghgrp_combustion_facilities_n,crb_queue_clean_mw
29093,Iron County,MO,0.41788736241063684,2426,0.46362259012586116,0.3661970067467041,0.36803614524935957,0.7807759007894278,0.3741455593081033,0.5034696366604052,0.1852270750289513,0,,0,0,0,0,0,0,0,prm_pct_tribal,prm_moratorium_active,prm_moratorium_proposed,cob_lowtemp_ind_heat_tbtu,lnd_dist_interstate_km,cob_ghgrp_combustion_facilities_n
20185,Stafford County,KS,0.41730573464783066,2427,0.4544830943678642,0.5787516497478442,0.4081016257150322,0.8244224439265417,0.5030163348615116,0.17250819881896814,0.14346615331928722,0,,0,0,0,0,0,0,0,prm_nonattainment,prm_pop_density_km2,haz_karst_exposed_pct,cob_persistent_poverty,cob_ghgrp_combustion_facilities_n,cob_energy_community
51127,New Kent County,VA,0.4163808639137362,2428,0.6221063802270592,0.3246576217349313,0.5111915073976891,0.8756280723054995,0.5576702285212483,0.692126440077416,0.029168992719385,0,,0,0,0,0,0,0,0,prm_moratorium_active,prm_tax_exemption_status,prm_nonattainment,crb_queue_clean_mw,cob_ghgrp_combustion_facilities_n,cob_persistent_poverty
51091,Highland County,VA,0.4160924873304529,2429,0.5249022450962212,0.24770181393197138,0.4850462142284641,0.936296834822393,0.6824544080467647,0.4547652578009291,0.08336768237695694,0,,0,0,0,0,0,0,0,prm_nonattainment,prm_tax_exemption_status,prm_moratorium_active,cob_persistent_poverty,cob_energy_community,pwr_substations_230kv_n
12109,St. Johns County,FL,0.4157090289197579,2430,0.7247536635751788,0.36051154957786313,0.45009348704119867,0.7975270110216802,0.3891898313277941,0.6692845877004497,0.03504907958853825,0,,0,0,0,0,0,0,0,prm_pct_tribal,prm_moratorium_active,prm_moratorium_proposed,cob_persistent_poverty,cob_energy_community,cob_ghgrp_combustion_facilities_n
51139,Page County,VA,0.4149796735316834,2431,0.41159998713609164,0.2659680997904035,0.5152495163193546,0.913504461666551,0.5798257039459281,0.662210035066359,0.09339930840970673,0,,0,0,0,0,0,0,0,prm_tax_exemption_status,prm_moratorium_active,prm_moratorium_proposed,cob_persistent_poverty,cob_ghgrp_combustion_facilities_n,pwr_substations_230kv_n
22023,Cameron Parish,LA,0.4149502628853554,2432,0.6269177812019382,0.40297093396622957,0.46802277915254953,0.8764410827633312,0.32682706026317687,0.42303072944348546,0.059762663848323835,0,,0,0,0,0,0,0,0,prm_nonattainment,haz_karst_exposed_pct,prm_moratorium_active,cob_lowtemp_ind_heat_tbtu,cob_ghgrp_combustion_facilities_n,cob_energy_community
12077,Liberty County,FL,0.4145688690170462,2433,0.47367963252675827,0.3370045327170139,0.47801537173813485,0.8609921414734991,0.39609077933338677,0.3980421050175538,0.13205986380038306,0,,0,0,0,0,0,0,0,prm_nonattainment,prm_moratorium_active,prm_moratorium_proposed,cob_lowtemp_ind_heat_tbtu,cob_ghgrp_combustion_facilities_n,cob_energy_community
28127,Simpson County,MS,0.41400431559087025,2434,0.37825206480501,0.44437375248204714,0.3983010039369288,0.8637279459912899,0.46508310286315063,0.46403637302113565,0.12417024683500703,0,,0,0,0,0,0,0,0,prm_pct_tribal,prm_moratorium_active,prm_moratorium_proposed,cob_ghgrp_combustion_facilities_n,pwr_substations_230kv_n,cob_persistent_poverty
13101,Echols County,GA,0.4138452135063541,2435,0.5015732331193083,0.4002056791215744,0.3295314890958945,0.9360158476504982,0.4736528290773926,0.6167264008177769,0.06985718587320244,0,,0,0,0,0,0,0,0,prm_nonattainment,prm_pct_tribal,prm_moratorium_active,cob_lowtemp_ind_heat_tbtu,wtr_wwtp_flow_mgd,crb_queue_clean_mw
31165,Sioux County,NE,0.4136195153738271,2436,0.4981850212959978,0.4151729844249322,0.28570202023959823,0.9163711280299749,0.6503088621914981,0.24770945085899643,0.15307317238544943,0,,0,0,0,0,0,0,0,prm_moratorium_proposed,haz_alr_riverine_flood,lnd_pct_buildable,cob_lowtemp_ind_heat_tbtu,cob_persistent_poverty,lnd_dist_interstate_km
40003,Alfalfa County,OK,0.4128634336063775,2437,0.41090347993803905,0.5568957686087699,0.31474622235425054,0.8037321502307905,0.44938999358837856,0.4208153117946636,0.1213726441532726,0,,0,0,0,0,0,0,0,prm_moratorium_proposed,prm_pop_density_km2,prm_moratorium_active,cob_persistent_poverty,cob_energy_community,pwr_dist_retired_plant_km
20101,Lane County,KS,0.4125848441043372,2438,0.4057216350891978,0.511419259505197,0.30508302880246874,0.8267177550109287,0.577557640357904,0.32552746971056784,0.1460111590745352,0,,0,0,0,0,0,0,0,prm_nonattainment,prm_pct_tribal,prm_moratorium_active,cob_lowtemp_ind_heat_tbtu,lnd_dist_ixp_km,lnd_dist_interstate_km
38023,Divide County,ND,0.41254836538127687,2439,0.46497759355566676,0.40485848987546963,0.3486828165624237,0.8472070188307365,0.8100024306361929,0.24341045001577136,0.12382168846315639,0,,0,0,0,0,0,0,0,prm_pop_density_km2,prm_price_growth_pct,prm_moratorium_active,cob_lowtemp_ind_heat_tbtu,lnd_dist_interstate_km,lnd_dist_eaf_steel_km
24047,Worcester County,MD,0.4117368393026821,2440,0.4613443210154119,0.36471862582719883,0.5132075437511231,0.7738475926884639,0.5406163585719762,0.36938030664909044,0.09441303329725871,0,,0,0,0,0,0,0,0,prm_contested_total,prm_pct_tribal,haz_karst_exposed_pct,cob_persistent_poverty,pwr_dist_hv345_line_km,pwr_substations_230kv_n
51145,Powhatan County,VA,0.411478288135879,2441,0.6283266869961622,0.3598926177430724,0.5055720126576524,0.9035876703754812,0.6812016975367078,0.5833340629289337,0.019839320896580276,0,,0,0,0,0,0,0,0,haz_karst_exposed_pct,prm_tax_exemption_status,prm_moratorium_active,cob_energy_community,cob_poverty_pct,cob_ghgrp_combustion_facilities_n
56043,Washakie County,WY,0.411404695076682,2442,0.29957956183350987,0.45161369220854414,0.2995596285024792,0.8932534357609139,0.6032668552654301,0.26009591310443836,0.3792755930171394,0,,0,0,0,0,0,0,0,prm_moratorium_active,prm_pct_tribal,cob_heat_demand,lnd_dist_interstate_km,pwr_dist_hv345_line_km,pwr_substations_230kv_n
51079,Greene County,VA,0.40924990992643656,2443,0.4820621834275052,0.24891461845506452,0.5225727813484029,0.9042755200065713,0.5960754014613685,0.5933556729401177,0.06980408231241918,0,,0,0,0,0,0,0,0,prm_moratorium_proposed,haz_karst_exposed_pct,prm_moratorium_active,cob_ghgrp_combustion_facilities_n,cob_persistent_poverty,pwr_substations_230kv_n
13291,Union County,GA,0.40896356072671436,2444,0.2542963745606564,0.4348650099652828,0.6030020089444931,0.9177173035150215,0.6728273268236313,0.4170291283574576,0.1031450035437995,0,,0,0,0,0,0,0,0,prm_nonattainment,haz_karst_exposed_pct,prm_moratorium_active,lnd_dist_interstate_km,cob_ghgrp_combustion_facilities_n,pwr_substations_230kv_n
51125,Nelson County,VA,0.4089331366114352,2445,0.4297365246005458,0.26354034761942646,0.4558527399623582,0.9112485218474088,0.6382110174922686,0.5629097634285224,0.09612980350719556,0,,0,0,0,0,0,0,0,prm_tax_exemption_status,prm_moratorium_active,prm_moratorium_proposed,cob_ghgrp_combustion_facilities_n,pwr_substations_230kv_n,cob_energy_community
51011,Appomattox County,VA,0.4088119191889597,2446,0.4522293584682112,0.25899414370463814,0.43936846983364114,0.901492441033377,0.6618406053461233,0.6162558992187069,0.08362254377785182,0,,0,0,0,0,0,0,0,prm_pct_tribal,prm_tax_exemption_status,prm_moratorium_active,cob_ghgrp_combustion_facilities_n,lnd_dist_interstate_km,cob_energy_community
20145,Pawnee County,KS,0.40844060444628305,2447,0.5305224581547369,0.5099212698962534,0.3061870018896903,0.8083880625096211,0.454625016953938,0.23478083201765387,0.13326289412900652,0,,0,0,0,0,0,0,0,prm_nonattainment,prm_moratorium_proposed,prm_pop_density_km2,lnd_dist_interstate_km,cob_persistent_poverty,cob_energy_community
29223,Wayne County,MO,0.4069726510037475,2448,0.39968681207982165,0.3530556548772871,0.29159214801744293,0.8850963814691146,0.328596503150642,0.37668955964212464,0.37623122314069257,0,,0,0,0,0,0,0,0,prm_moratorium_active,cob_persistent_poverty,prm_pop_density_km2,cob_ghgrp_combustion_facilities_n,lnd_dist_interstate_km,crb_queue_clean_mw
51131,Northampton County,VA,0.40676561415343926,2449,0.3477983807520694,0.38323504898905125,0.40526658782150066,0.8933901500390672,0.5329427275006293,0.46865557445653366,0.13079075323632383,0,,0,0,0,0,0,0,0,prm_nonattainment,prm_pct_tribal,haz_karst_exposed_pct,lnd_dist_interstate_km,cob_ghgrp_combustion_facilities_n,cob_energy_community
28101,Newton County,MS,0.4066037210762967,2450,0.37287659542381274,0.3549682451169457,0.443786150845359,0.863696030254725,0.3989465368453954,0.5202363714706967,0.14174628762052655,0,,0,0,0,0,0,0,0,prm_nonattainment,prm_moratorium_active,prm_moratorium_proposed,cob_ghgrp_combustion_facilities_n,pwr_substations_230kv_n,cob_persistent_poverty
12045,Gulf County,FL,0.40655286531609186,2451,0.4606884444331885,0.4111716877299753,0.6404552891278639,0.8608145071728732,0.4105039592247388,0.28819729669695127,0.0693948996832602,0,,0,0,0,0,0,0,0,prm_moratorium_active,haz_karst_exposed_pct,prm_pct_tribal,crb_queue_clean_mw,lnd_dist_interstate_km,cob_persistent_poverty
29203,Shannon County,MO,0.40585636630986754,2452,0.36558424864536326,0.36210462500178586,0.30459935625231216,0.8861409720288858,0.35318939935604254,0.43943674650448167,0.31732049503987586,0,,0,0,0,0,0,0,0,prm_contested_total,cob_persistent_poverty,prm_moratorium_active,cob_energy_community,lnd_dist_interstate_km,cob_ghgrp_combustion_facilities_n
51790,Staunton city,VA,0.4051524511810688,2453,0.5308410391916775,0.1825120282354667,0.3986473033052565,0.8588717493677329,0.6075125151665977,0.741741496326677,0.11359379673045442,0,,0,0,0,0,0,0,0,prm_pct_tribal,prm_moratorium_active,prm_moratorium_proposed,cob_ghgrp_combustion_facilities_n,cob_persistent_poverty,cob_energy_community
20033,Comanche County,KS,0.4042289658795603,2454,0.47422969993875924,0.5132707015234315,0.2865949050177653,0.8783998391421963,0.4863269388872963,0.230503974342902,0.14106770099866942,0,,0,0,0,0,0,0,0,prm_nonattainment,prm_pct_tribal,lnd_pct_buildable,cob_persistent_poverty,cob_ghgrp_combustion_facilities_n,cob_energy_community
29179,Reynolds County,MO,0.4041338434606588,2455,0.602946999657494,0.36167774058153734,0.2999863305195257,0.7808762985614606,0.3449528169043994,0.3537982878468345,0.15944757502557672,0,,0,0,0,0,0,0,0,prm_pct_tribal,prm_moratorium_active,prm_moratorium_proposed,prm_nonattainment,lnd_dist_interstate_km,cob_ghgrp_combustion_facilities_n
51023,Botetourt County,VA,0.4040838424381199,2456,0.5388652998017776,0.24922854021030222,0.4438612739627975,0.9187076136711828,0.6519055178034454,0.7208025917051847,0.04507591247718987,0,,0,0,0,0,0,0,0,prm_contested_total,prm_tax_exemption_status,prm_moratorium_active,crb_clean_gen_mw,cob_energy_community,cob_ghgrp_combustion_facilities_n
37029,Camden County,NC,0.40284895666647924,2457,0.4985737573674746,0.5098223014081498,0.5367939722150714,0.860534785216114,0.5472156823140608,0.369028116455047,0.027604618070691506,0,,0,0,0,0,0,0,0,prm_pct_tribal,haz_karst_exposed_pct,prm_moratorium_active,cob_lowtemp_ind_heat_tbtu,cob_persistent_poverty,cob_energy_community
20089,Jewell County,KS,0.40220939184143145,2458,0.3081030995730483,0.4924346237781821,0.2847632788340569,0.8370991844470649,0.567236311383693,0.4383807488973824,0.18266545618595298,0,,0,0,0,0,0,0,0,prm_moratorium_active,prm_pop_density_km2,prm_pct_tribal,cob_lowtemp_ind_heat_tbtu,lnd_dist_interstate_km,crb_clean_gen_mw
12043,Glades County,FL,0.4010836026009344,2459,0.49225568189096053,0.28582502472254384,0.38127382903783225,0.8179209185814202,0.39959443691172564,0.49373018403841007,0.14207492004383185,0,,0,0,0,0,0,0,0,prm_moratorium_active,prm_moratorium_proposed,prm_nonattainment,cob_lowtemp_ind_heat_tbtu,lnd_dist_interstate_km,cob_ghgrp_combustion_facilities_n
31183,Wheeler County,NE,0.3994081882347293,2460,0.443913203436124,0.44287472718757925,0.27876294098934024,0.8979133176251488,0.5840321718254795,0.4039491037173861,0.0904358637403971,0,,0,0,0,0,0,0,0,prm_pct_tribal,prm_pop_density_km2,lnd_pct_buildable,cob_lowtemp_ind_heat_tbtu,cob_persistent_poverty,cob_energy_community
06043,Mariposa County,CA,0.3960794730401876,2461,0.23322055514203902,0.6203425866358008,0.3645178183650224,0.7157830981465814,0.4908460631288896,0.27552375226652426,0.3062984564280136,0,,0,0,0,0,0,0,0,prm_pct_tribal,cob_energy_community,prm_moratorium_active,pwr_ind_price_cents_kwh,cob_persistent_poverty,prm_price_growth_pct
12067,Lafayette County,FL,0.3949977145830662,2462,0.4488231366051769,0.28899295764413335,0.3886316023159727,0.85547564533363,0.3888190911402121,0.541014621130072,0.1247981113205538,0,,0,0,0,0,0,0,0,prm_pct_tribal,prm_nonattainment,prm_moratorium_active,cob_lowtemp_ind_heat_tbtu,crb_queue_clean_mw,cob_energy_community
20135,Ness County,KS,0.39373904688563416,2463,0.45379388293050793,0.5085845704953224,0.3035244938674127,0.8418425758419154,0.43771638119096556,0.20248547063587297,0.15025139720916766,0,,0,0,0,0,0,0,0,prm_pct_tribal,prm_contested_total,prm_moratorium_active,cob_persistent_poverty,lnd_dist_ixp_km,cob_energy_community
12029,Dixie County,FL,0.39352078754420156,2464,0.45468347976765205,0.2979986172998082,0.40920014121596715,0.8595988683397432,0.30155056535689323,0.5490365460990185,0.1290690572361285,0,,0,0,0,0,0,0,0,prm_moratorium_active,prm_pop_density_km2,prm_pct_tribal,cob_lowtemp_ind_heat_tbtu,cob_ghgrp_combustion_facilities_n,crb_clean_gen_mw
28129,Smith County,MS,0.3893968234804026,2465,0.3574699503329523,0.3698383027104873,0.38780374968062076,0.8737795153816916,0.43903536491241807,0.4336336413990441,0.1229510925976477,0,,0,0,0,0,0,0,0,prm_pop_density_km2,prm_moratorium_active,prm_moratorium_proposed,pwr_substations_230kv_n,cob_persistent_poverty,cob_ghgrp_combustion_facilities_n
31113,Logan County,NE,0.38772932235372376,2466,0.35048955689798833,0.4452661390636245,0.2676553843475173,0.9065179834334136,0.6790745978398713,0.26806951656091943,0.15201706580198351,0,,0,0,0,0,0,0,0,prm_moratorium_proposed,prm_pct_tribal,haz_alr_riverine_flood,cob_lowtemp_ind_heat_tbtu,cob_persistent_poverty,crb_queue_clean_mw
51115,Mathews County,VA,0.387239325540694,2467,0.4860969056921702,0.30069393508465003,0.4689212014449432,0.9025477962052534,0.49678151875814897,0.47907346760841346,0.049199104027078194,0,,0,0,0,0,0,0,0,prm_moratorium_active,prm_moratorium_proposed,prm_contested_total,cob_lowtemp_ind_heat_tbtu,cob_persistent_poverty,pwr_substations_230kv_n
51133,Northumberland County,VA,0.38672766695551253,2468,0.400735015390735,0.3165861960728936,0.4120520773422408,0.8865633919808532,0.508871738846352,0.37786727368663825,0.10445767830951616,0,,0,0,0,0,0,0,0,prm_moratorium_active,prm_moratorium_proposed,prm_contested_total,cob_ghgrp_combustion_facilities_n,pwr_substations_230kv_n,cob_persistent_poverty
12065,Jefferson County,FL,0.3837059894953172,2469,0.39766949506268673,0.28783058520533256,0.4107828951933595,0.8556285991369347,0.39711605520609616,0.5166093068639297,0.11578815727901483,0,,0,0,0,0,0,0,0,prm_moratorium_active,prm_pop_density_km2,prm_moratorium_proposed,crb_queue_clean_mw,cob_ghgrp_combustion_facilities_n,crb_clean_gen_mw
38095,Towner County,ND,0.38074188852606794,2470,0.3189287946083478,0.40231444537826666,0.4161338659399271,0.8255361151536259,0.7999563607876019,0.18959072427044665,0.1333905831086349,0,,0,0,0,0,0,0,0,prm_pop_density_km2,prm_price_growth_pct,prm_moratorium_active,cob_persistent_poverty,lnd_dist_interstate_km,pwr_dist_hv345_line_km
37177,Tyrrell County,NC,0.3762639043032068,2471,0.23260052154235153,0.44648296641619667,0.49217739463487475,0.8830002579602325,0.43329522642233026,0.28942686937939077,0.16721944151393842,0,,0,0,0,0,0,0,0,prm_tax_exemption_status,haz_karst_exposed_pct,prm_moratorium_proposed,lnd_dist_interstate_km,lnd_dist_cement_km,cob_ghgrp_combustion_facilities_n
51113,Madison County,VA,0.37534842815983926,2472,0.419316071033588,0.2393340634556475,0.48105761878332665,0.8780517704690313,0.5607521279758908,0.6192893331209992,0.05167806119459302,0,,0,0,0,0,0,0,0,prm_moratorium_active,prm_moratorium_proposed,prm_nonattainment,cob_ghgrp_combustion_facilities_n,pwr_substations_230kv_n,cob_energy_community
31083,Harlan County,NE,0.3681007175379484,2473,0.3479024141734097,0.5013293196681226,0.27919872343458096,0.8506215200364199,0.5456664615377533,0.28060965715763797,0.09114526519994472,0,,0,0,0,0,0,0,0,prm_pop_density_km2,prm_moratorium_active,prm_moratorium_proposed,lnd_dist_ixp_km,cob_persistent_poverty,cob_ghgrp_combustion_facilities_n
12037,Franklin County,FL,0.3664103736668973,2474,0.38576740986890984,0.2925470228492267,0.5011259242726179,0.8615047967233285,0.4058280365692725,0.25491239678560446,0.1104254919355655,0,,0,0,0,0,0,0,0,prm_contested_total,prm_moratorium_active,prm_moratorium_proposed,crb_queue_clean_mw,lnd_dist_ixp_km,cob_persistent_poverty
12129,Wakulla County,FL,0.34527857957185604,2475,0.5653886871231613,0.33461404322028737,0.4271111452588149,0.8464903871729813,0.3348656236914193,0.4048170506142051,0.02055793328367618,0,,0,0,0,0,0,0,0,prm_moratorium_proposed,prm_moratorium_active,prm_pct_tribal,crb_queue_clean_mw,cob_ghgrp_combustion_facilities_n,cob_persistent_poverty
27149,Stevens County,MN,0.4886819723422402,2476,0.6456244713436943,0.4957395666229405,0.6272238869881827,0.7758972240926237,0.7487851990748229,0.13360905827463412,0.2117470812065938,1,land,0,0,0,0,0,0,0,prm_nonattainment,cob_heat_demand,haz_karst_exposed_pct,cob_energy_community,lnd_dist_brownfield_or_retired_km,cob_persistent_poverty
38091,Steele County,ND,0.4569638553177919,2477,0.5706167651107832,0.4762649913842293,0.563201841978004,0.8210526315789474,0.7549072341764808,0.13512775853282846,0.16163752641998502,1,land,0,0,0,0,0,0,0,prm_price_growth_pct,haz_karst_exposed_pct,prm_moratorium_active,crb_queue_clean_mw,lnd_dist_interstate_km,lnd_dist_brownfield_or_retired_km
27077,Lake of the Woods County,MN,0.456708554947129,2478,0.5001591152461125,0.3881495823840857,0.6825606937785034,0.8542255721171287,0.8229947341261824,0.13909415831546745,0.19537919664268585,1,land,0,0,0,0,0,0,0,prm_nonattainment,cob_heat_demand,prm_moratorium_active,cob_lowtemp_ind_heat_tbtu,cob_ghgrp_combustion_facilities_n,lnd_dist_interstate_km
27071,Koochiching County,MN,0.44136890076746627,2479,0.5093355675705467,0.4171374367954557,0.7102148137502854,0.8473622476186374,0.8778584457421879,0.05582830504333989,0.2609989664205277,1,land,0,0,0,0,0,0,0,prm_nonattainment,cob_heat_demand,prm_moratorium_active,cob_persistent_poverty,cob_energy_community,pwr_dist_retired_plant_km
27125,Red Lake County,MN,0.43243203619783743,2480,0.4376752097408767,0.4734141869031682,0.6169792370804161,0.7827383677421471,0.7086901881318057,0.11224828976098282,0.2026483755436173,1,land,0,0,0,0,0,0,0,cob_heat_demand,haz_karst_exposed_pct,prm_moratorium_active,cob_lowtemp_ind_heat_tbtu,lnd_dist_cement_km,lnd_dist_eaf_steel_km
27135,Roseau County,MN,0.4305912392750322,2481,0.6392628803893922,0.4590320819407685,0.6034209066108658,0.8228583453829065,0.660539992856871,0.052145887565104965,0.1976069539578533,1,land,0,0,0,0,0,0,0,cob_heat_demand,haz_karst_exposed_pct,prm_moratorium_active,lnd_dist_cement_km,lnd_dist_eaf_steel_km,lnd_dist_brownfield_or_retired_km
