fips,county,state,pct_top10_nudged,pct_top10_agnostic,median_rank_nudged,rank_p10,rank_p90
01001,Autauga County,AL,0.0,0.0,1738.5,1393.7,2010.1
01005,Barbour County,AL,0.0,0.0,1990.5,1682.9,2153.0
01007,Bibb County,AL,0.0,0.0,1521.0,1256.9,1756.1
01009,Blount County,AL,0.0,0.0,1964.5,1741.9,2111.0
01011,Bullock County,AL,0.0,0.0,1623.0,1272.0,1899.0
01013,Butler County,AL,0.0,0.0,1640.0,1391.7,1825.0
01015,Calhoun County,AL,0.0,0.0,1094.0,846.0,1322.1
01017,Chambers County,AL,0.0,0.0,1929.0,1613.8,2146.0
01019,Cherokee County,AL,0.0,0.0,1837.0,1554.0,2080.0
01021,Chilton County,AL,0.0,0.0,2096.0,1748.8,2281.1
01023,Choctaw County,AL,0.0,0.0,1962.5,1299.7,2295.1
01025,Clarke County,AL,0.0,0.0,549.5,264.0,942.1
01027,Clay County,AL,0.0,0.0,2280.0,2173.9,2328.0
01029,Cleburne County,AL,0.0,0.0,2340.0,2187.0,2399.0
01031,Coffee County,AL,0.0,0.0,2197.0,2125.0,2252.0
01033,Colbert County,AL,0.0,0.0,249.0,164.0,389.1
01035,Conecuh County,AL,0.0,0.0,1211.0,914.9,1500.0
01037,Coosa County,AL,0.0,0.0,2386.0,2290.0,2423.0
01039,Covington County,AL,0.0,0.0,2107.5,1954.0,2212.0
01041,Crenshaw County,AL,0.0,0.0,2300.0,2222.9,2346.0
01043,Cullman County,AL,0.0,0.0,1418.5,1070.9,1693.3000000000002
01045,Dale County,AL,0.0,0.0,1944.0,1679.9,2111.2
01047,Dallas County,AL,0.0,1.0,745.5,324.0,1242.1
01049,DeKalb County,AL,0.0,0.0,577.0,406.0,800.0
01051,Elmore County,AL,0.0,0.0,2287.0,2003.0,2408.0
01053,Escambia County,AL,0.0,0.0,284.5,129.9,523.4000000000001
01055,Etowah County,AL,0.0,0.0,1115.5,710.9,1541.5
01057,Fayette County,AL,0.0,0.0,1233.0,1037.9,1450.1
01059,Franklin County,AL,0.0,0.0,1595.0,1351.9,1829.1
01061,Geneva County,AL,0.0,0.0,2278.0,2158.0,2345.0
01063,Greene County,AL,0.0,0.8999999999999999,773.5,362.5,1312.0
01065,Hale County,AL,0.0,0.0,1150.0,859.9,1455.1
01067,Henry County,AL,0.0,0.0,2198.5,1995.0,2312.1
01069,Houston County,AL,0.0,0.0,1726.0,1297.0,2034.0
01071,Jackson County,AL,0.0,0.0,192.0,121.0,319.1
01073,Jefferson County,AL,0.0,0.1,455.5,262.8,712.1
01075,Lamar County,AL,0.0,0.0,1731.0,1525.8,1880.2
01077,Lauderdale County,AL,0.0,0.0,1374.5,998.8,1734.0
01079,Lawrence County,AL,0.0,0.0,1793.0,1434.0,2092.0
01081,Lee County,AL,0.0,0.0,1580.0,1332.0,1834.3000000000002
01083,Limestone County,AL,0.0,0.0,992.0,376.70000000000005,1835.4
01085,Lowndes County,AL,0.0,0.0,1029.5,659.9,1458.4
01087,Macon County,AL,0.0,0.0,1935.5,1535.9,2205.0
01089,Madison County,AL,0.0,0.0,1309.0,673.8,1960.4
01091,Marengo County,AL,0.0,0.0,1351.5,768.8,1843.1
01093,Marion County,AL,0.0,0.0,1122.0,937.7,1336.1
01095,Marshall County,AL,0.0,0.0,747.5,557.9,1010.2
01099,Monroe County,AL,0.0,0.1,232.0,96.0,419.1
01101,Montgomery County,AL,0.0,0.0,813.0,537.7,1181.1
01103,Morgan County,AL,0.0,0.0,829.0,573.0,1099.1
01105,Perry County,AL,0.0,0.1,787.5,374.0,1267.1
01107,Pickens County,AL,0.0,0.0,1808.5,1487.0,2023.0
01109,Pike County,AL,0.0,0.0,1475.0,1203.0,1703.0
01111,Randolph County,AL,0.0,0.0,2053.5,1865.9,2169.0
01113,Russell County,AL,0.0,0.0,1237.5,1047.0,1460.0
01115,St. Clair County,AL,0.0,0.0,1929.0,1509.9,2228.0
01117,Shelby County,AL,0.0,0.0,2154.0,1661.9,2387.0
01119,Sumter County,AL,0.0,0.0,1464.5,846.9,1975.4
01121,Talladega County,AL,0.0,0.0,1540.0,1314.9,1713.1
01123,Tallapoosa County,AL,0.0,0.0,2287.0,2158.0,2348.0
01125,Tuscaloosa County,AL,0.0,0.0,462.5,342.0,619.0
01127,Walker County,AL,0.0,0.0,514.0,389.8,661.0
01129,Washington County,AL,0.0,0.0,1244.5,912.9,1592.0
01131,Wilcox County,AL,0.0,0.1,1611.0,863.5,2099.0
01133,Winston County,AL,0.0,0.0,1734.5,1451.9,1974.0
04001,Apache County,AZ,0.0,0.2,2102.0,1309.9,2399.0
04005,Coconino County,AZ,0.0,0.0,1195.0,760.8,1661.1
04007,Gila County,AZ,0.0,0.0,2220.0,1976.7,2352.0
04011,Greenlee County,AZ,0.0,0.0,1743.0,1352.9,2083.1
04012,La Paz County,AZ,0.0,0.0,1739.0,1315.0,2061.1
04013,Maricopa County,AZ,0.0,0.1,1208.5,645.4000000000001,1723.5
04015,Mohave County,AZ,0.0,0.0,437.0,264.9,761.1
04017,Navajo County,AZ,0.0,2.7,610.5,209.0,1297.0000000000002
04025,Yavapai County,AZ,0.0,0.0,1851.0,1458.0,2070.4
04027,Yuma County,AZ,0.0,0.0,1772.5,1399.9,2065.1
05001,Arkansas County,AR,0.0,0.0,1673.0,1040.8,2171.2
05003,Ashley County,AR,0.0,0.0,1629.0,894.4000000000001,2111.0
05007,Benton County,AR,0.0,0.0,1042.5,610.9,1599.1
05011,Bradley County,AR,0.0,0.0,2197.5,1820.0,2373.0
05013,Calhoun County,AR,0.0,0.0,1581.5,1303.0,1856.1
05017,Chicot County,AR,0.0,0.0,1582.0,879.7,2084.1
05019,Clark County,AR,0.0,0.0,1062.0,817.0,1318.3000000000002
05023,Cleburne County,AR,0.0,0.0,1638.5,1306.9,1919.4
05025,Cleveland County,AR,0.0,0.0,2079.5,1821.0,2222.0
05027,Columbia County,AR,0.0,0.0,813.0,399.40000000000003,1321.0
05029,Conway County,AR,0.0,0.0,563.5,381.9,881.0
05033,Crawford County,AR,0.0,0.0,1263.5,900.4000000000001,1593.1
05035,Crittenden County,AR,0.0,0.0,1350.0,1053.9,1583.0
05039,Dallas County,AR,0.0,0.0,2007.0,1762.9,2169.1
05041,Desha County,AR,0.0,0.3,1975.0,1160.7,2340.0
05045,Faulkner County,AR,0.0,0.0,1205.0,825.8,1596.0
05047,Franklin County,AR,0.0,0.0,811.0,506.9,1232.0
05051,Garland County,AR,0.0,0.0,1232.0,999.0,1508.0
05053,Grant County,AR,0.0,0.0,1918.0,1593.3,2147.0
05057,Hempstead County,AR,0.0,0.0,418.0,197.9,733.2
05059,Hot Spring County,AR,0.0,0.0,640.0,456.8,904.1
05061,Howard County,AR,0.0,0.0,1203.0,925.0,1536.0
05067,Jackson County,AR,0.0,0.0,1629.0,1163.0,1977.2
05069,Jefferson County,AR,0.0,0.0,347.5,159.9,656.2
05071,Johnson County,AR,0.0,0.0,786.0,547.9,1140.1
05073,Lafayette County,AR,0.0,0.0,1424.5,840.7,1830.1
05075,Lawrence County,AR,0.0,0.0,2408.5,2246.0,2450.0
05077,Lee County,AR,0.0,0.0,700.0,301.0,1221.4
05079,Lincoln County,AR,0.0,0.0,2297.0,2014.7,2407.0
05081,Little River County,AR,0.0,0.0,730.0,548.0,989.1
05083,Logan County,AR,0.0,0.0,964.5,712.8,1293.2
05085,Lonoke County,AR,0.0,0.0,2126.5,1798.8,2304.0
05087,Madison County,AR,0.0,0.0,2363.5,2275.0,2412.0
05091,Miller County,AR,0.0,0.0,732.0,510.9,1051.1
05093,Mississippi County,AR,0.0,0.0,391.0,176.9,737.1
05095,Monroe County,AR,0.0,0.0,1121.5,618.9,1620.0
05099,Nevada County,AR,0.0,0.0,882.0,435.9,1319.0
05103,Ouachita County,AR,0.0,0.0,1682.5,1336.0,1931.0
05105,Perry County,AR,0.0,0.0,2071.0,1844.9,2217.0
05107,Phillips County,AR,0.0,0.5,477.0,157.9,1063.8000000000002
05115,Pope County,AR,0.0,0.0,288.0,183.0,496.1
05117,Prairie County,AR,0.0,0.0,2011.0,1812.0,2174.1
05119,Pulaski County,AR,0.0,0.0,878.0,582.0,1222.1
05123,St. Francis County,AR,0.0,0.0,759.0,327.0,1308.0
05125,Saline County,AR,0.0,0.0,1986.5,1602.9,2254.2
05127,Scott County,AR,0.0,0.0,1734.5,1393.8,1979.2
05131,Sebastian County,AR,0.0,0.0,345.0,236.0,515.1
05133,Sevier County,AR,0.0,0.0,1981.5,1635.9,2226.0
05139,Union County,AR,0.0,0.0,727.0,404.0,1163.2
05141,Van Buren County,AR,0.0,0.0,2088.0,1682.6,2301.1
05143,Washington County,AR,0.0,0.0,858.5,534.0,1244.3000000000002
05145,White County,AR,0.0,0.0,1201.5,896.6,1575.1
05147,Woodruff County,AR,0.0,0.0,1908.0,1311.9,2234.2
05149,Yell County,AR,0.0,0.0,1147.0,885.9,1481.5
06001,Alameda County,CA,0.0,0.0,141.0,73.9,252.0
06003,Alpine County,CA,0.0,0.0,2411.5,2094.7,2467.0
06005,Amador County,CA,0.0,0.0,1810.0,1388.8,2154.0
06007,Butte County,CA,0.0,0.0,1275.0,872.0,1651.1
06009,Calaveras County,CA,0.0,0.0,1902.5,1381.1000000000001,2230.1
06011,Colusa County,CA,0.0,0.0,943.0,531.7,1467.1
06013,Contra Costa County,CA,0.0,0.1,133.0,61.0,268.0
06017,El Dorado County,CA,0.0,0.0,2211.0,1924.9,2354.1
06019,Fresno County,CA,0.0,1.9,993.0,382.9,1656.1
06021,Glenn County,CA,0.0,0.0,1320.0,969.7,1689.1
06025,Imperial County,CA,0.0,0.4,876.5,368.0,1528.7000000000003
06033,Lake County,CA,0.0,0.0,1532.0,1155.8,1829.0
06035,Lassen County,CA,0.0,0.0,2227.0,1804.4,2399.2
06039,Madera County,CA,0.0,0.0,2127.0,1743.9,2325.1
06041,Marin County,CA,0.0,0.0,1341.5,1025.8,1662.1
06043,Mariposa County,CA,0.0,0.0,2460.0,2344.9,2473.0
06051,Mono County,CA,0.0,0.0,2307.5,1971.6,2423.1
06053,Monterey County,CA,0.0,0.0,1271.0,870.8,1575.1
06055,Napa County,CA,0.0,0.0,1793.0,1417.0,2039.3000000000002
06057,Nevada County,CA,0.0,0.0,2068.5,1533.5,2358.1
06061,Placer County,CA,0.0,0.0,1956.5,1564.6,2182.0
06063,Plumas County,CA,0.0,0.0,1859.0,1292.9,2247.1
06067,Sacramento County,CA,0.0,0.0,568.0,288.70000000000005,988.0
06069,San Benito County,CA,0.0,0.0,1444.0,1038.9,1727.1
06077,San Joaquin County,CA,0.0,0.0,774.0,465.9,1117.4
06079,San Luis Obispo County,CA,0.0,0.0,1666.5,1106.6,2001.0
06081,San Mateo County,CA,0.0,0.0,423.5,256.0,658.1
06085,Santa Clara County,CA,0.0,0.0,353.5,193.9,619.5000000000001
06087,Santa Cruz County,CA,0.0,0.0,1463.5,1091.8,1759.1
06089,Shasta County,CA,0.0,0.0,369.0,182.8,693.2
06091,Sierra County,CA,0.0,0.0,1788.5,1289.8,2156.1
06093,Siskiyou County,CA,0.0,0.0,2020.0,1484.7,2341.1
06095,Solano County,CA,0.0,0.2,181.5,85.0,348.30000000000007
06097,Sonoma County,CA,0.0,0.0,1746.5,1307.8,2017.0
06099,Stanislaus County,CA,0.0,0.0,625.5,351.8,1015.0
06101,Sutter County,CA,0.0,0.0,1245.0,782.7,1705.2
06103,Tehama County,CA,0.0,0.0,1129.5,773.9,1565.2
06105,Trinity County,CA,0.0,0.0,1575.0,1033.4,2039.2
06109,Tuolumne County,CA,0.0,0.0,2118.0,1654.0,2339.1
06113,Yolo County,CA,0.0,0.0,1228.0,849.8,1581.0
06115,Yuba County,CA,0.0,0.0,1003.0,648.8,1393.0
08003,Alamosa County,CO,0.0,0.0,1619.0,1211.6,1965.1
08011,Bent County,CO,0.0,0.0,1819.0,1231.6,2201.1
08029,Delta County,CO,0.0,0.0,888.5,575.8,1266.0
08033,Dolores County,CO,0.0,0.0,1311.5,693.9,1978.2
08037,Eagle County,CO,0.0,0.0,897.0,628.8,1187.0
08045,Garfield County,CO,0.0,0.2,95.0,63.0,141.0
08049,Grand County,CO,0.0,0.0,1195.5,916.8,1425.1
08051,Gunnison County,CO,0.0,0.0,1462.0,1078.0,1803.4
08057,Jackson County,CO,0.0,0.0,1522.0,1247.9,1770.2
08061,Kiowa County,CO,0.0,0.0,2222.0,1809.9,2401.0
08067,La Plata County,CO,0.0,0.0,930.0,657.0,1274.1
08071,Las Animas County,CO,0.0,0.1,963.5,486.9,1516.0
08077,Mesa County,CO,0.0,0.0,160.0,111.0,251.10000000000002
08081,Moffat County,CO,0.0,0.0,235.0,140.0,396.0
08083,Montezuma County,CO,0.0,0.0,739.5,438.0,1180.2
08085,Montrose County,CO,0.0,0.0,238.0,141.0,420.1
08089,Otero County,CO,0.0,0.0,2037.0,1687.3,2264.0
08091,Ouray County,CO,0.0,0.0,1421.5,1045.0,1766.0
08097,Pitkin County,CO,0.0,0.0,1726.5,1465.8,1921.1
08103,Rio Blanco County,CO,0.0,0.0,922.0,535.7,1419.2
08105,Rio Grande County,CO,0.0,0.0,2004.0,1757.0,2190.1
08107,Routt County,CO,0.0,0.0,557.0,401.0,782.1
08109,Saguache County,CO,0.0,0.0,1530.0,981.4000000000001,2005.5
08111,San Juan County,CO,0.0,0.0,1296.5,756.7,1784.0
08113,San Miguel County,CO,0.0,0.0,806.5,594.9,1102.0
08117,Summit County,CO,0.0,0.1,614.0,386.0,919.1
09110,Capitol Planning Region,CT,0.0,0.0,105.0,51.0,263.0
09130,Lower Connecticut River Valley Planning Region,CT,0.0,0.0,684.5,409.0,1151.1
09140,Naugatuck Valley Planning Region,CT,0.0,0.0,107.0,59.0,201.0
09150,Northeastern Connecticut Planning Region,CT,0.0,0.0,394.0,273.9,597.1
09160,Northwest Hills Planning Region,CT,0.0,0.0,608.0,349.8,933.1
09170,South Central Connecticut Planning Region,CT,0.0,0.3,57.0,32.0,100.0
09180,Southeastern Connecticut Planning Region,CT,0.0,0.0,212.0,127.0,392.20000000000005
09190,Western Connecticut Planning Region,CT,0.0,0.0,135.0,84.0,224.0
10001,Kent County,DE,0.0,0.0,949.0,722.9,1226.0
10003,New Castle County,DE,0.0,0.0,535.0,323.9,872.1
12001,Alachua County,FL,0.0,0.0,959.0,690.6,1243.1
12003,Baker County,FL,0.0,0.0,1999.5,1653.0,2241.1
12007,Bradford County,FL,0.0,0.0,2105.0,1868.9,2240.0
12013,Calhoun County,FL,0.0,0.0,2008.0,1800.0,2156.0
12019,Clay County,FL,0.0,0.0,2262.5,1903.9,2413.0
12023,Columbia County,FL,0.0,0.0,2070.0,1832.0,2205.0
12027,DeSoto County,FL,0.0,0.0,1529.5,1191.9,1812.0
12029,Dixie County,FL,0.0,0.0,2457.0,2427.9,2469.0
12035,Flagler County,FL,0.0,0.0,2370.0,2169.9,2442.0
12037,Franklin County,FL,0.0,0.0,2472.0,2466.0,2474.0
12039,Gadsden County,FL,0.0,0.0,2106.0,1978.9,2235.1
12041,Gilchrist County,FL,0.0,0.0,2304.0,2086.8,2405.0
12043,Glades County,FL,0.0,0.0,2448.0,2416.9,2461.0
12045,Gulf County,FL,0.0,0.0,2441.0,2369.0,2462.0
12047,Hamilton County,FL,0.0,0.0,1580.5,1118.6,1953.0
12049,Hardee County,FL,0.0,0.0,1381.5,1057.0,1718.2
12051,Hendry County,FL,0.0,0.0,1913.0,1747.0,2059.1
12055,Highlands County,FL,0.0,0.0,2288.0,2199.9,2340.0
12059,Holmes County,FL,0.0,0.0,2388.0,2313.9,2421.0
12063,Jackson County,FL,0.0,0.0,1834.5,1543.8,2057.0
12065,Jefferson County,FL,0.0,0.0,2466.0,2452.0,2471.0
12067,Lafayette County,FL,0.0,0.0,2456.0,2431.0,2466.0
12069,Lake County,FL,0.0,0.0,2102.0,1843.9,2267.2
12073,Leon County,FL,0.0,0.0,2084.0,1907.9,2208.0
12075,Levy County,FL,0.0,0.0,2027.0,1816.9,2177.2
12077,Liberty County,FL,0.0,0.0,2421.0,2384.9,2442.1
12079,Madison County,FL,0.0,0.0,1995.0,1693.8,2219.2
12083,Marion County,FL,0.0,0.0,2082.5,1776.0,2259.1
12089,Nassau County,FL,0.0,0.0,1454.0,1074.8,1792.3000000000002
12093,Okeechobee County,FL,0.0,0.0,1990.0,1776.9,2125.0
12097,Osceola County,FL,0.0,0.0,1904.0,1470.7,2207.0
12107,Putnam County,FL,0.0,0.0,1048.0,709.9,1441.1
12109,St. Johns County,FL,0.0,0.0,2416.0,2213.8,2465.0
12117,Seminole County,FL,0.0,0.0,1837.5,1409.7,2143.1
12119,Sumter County,FL,0.0,0.0,1898.0,1521.3,2135.1
12121,Suwannee County,FL,0.0,0.0,2153.0,1882.0,2294.0
12123,Taylor County,FL,0.0,0.0,2395.0,2308.0,2438.0
12125,Union County,FL,0.0,0.0,2091.5,1865.0,2215.0
12129,Wakulla County,FL,0.0,0.0,2475.0,2467.0,2475.0
12133,Washington County,FL,0.0,0.0,2320.0,2244.0,2384.0
13001,Appling County,GA,0.0,0.0,1439.5,1036.8,1753.0
13003,Atkinson County,GA,0.0,0.0,2043.5,1710.7,2214.1
13005,Bacon County,GA,0.0,0.0,1500.0,1203.7,1757.0
13007,Baker County,GA,0.0,0.0,1733.0,1221.9,2090.1
13009,Baldwin County,GA,0.0,0.0,1051.5,815.0,1338.1
13011,Banks County,GA,0.0,0.0,2163.5,1843.0,2333.0
13013,Barrow County,GA,0.0,0.0,1861.0,1392.9,2205.2
13015,Bartow County,GA,0.0,0.0,946.5,568.9,1420.2
13017,Ben Hill County,GA,0.0,0.0,1836.0,1477.8,2059.0
13019,Berrien County,GA,0.0,0.0,2310.0,2240.9,2350.0
13021,Bibb County,GA,0.0,0.0,458.0,352.9,595.1
13023,Bleckley County,GA,0.0,0.0,2005.0,1843.8,2113.0
13025,Brantley County,GA,0.0,0.0,2138.0,1927.9,2260.0
13027,Brooks County,GA,0.0,0.0,1422.0,1035.8,1764.1
13029,Bryan County,GA,0.0,0.0,2323.5,1946.8,2449.0
13031,Bulloch County,GA,0.0,0.0,1156.5,872.9,1491.0
13033,Burke County,GA,0.0,0.0,1309.0,935.8,1596.5
13035,Butts County,GA,0.0,0.0,1900.0,1506.9,2179.0
13037,Calhoun County,GA,0.0,0.0,1902.0,1587.0,2118.0
13039,Camden County,GA,0.0,0.0,1386.0,903.0,1870.2
13043,Candler County,GA,0.0,0.0,2067.5,1852.7,2196.0
13045,Carroll County,GA,0.0,0.0,1246.5,892.0,1599.0
13047,Catoosa County,GA,0.0,0.0,1813.0,1205.8,2225.2
13049,Charlton County,GA,0.0,0.0,1632.5,1383.0,1831.3000000000002
13053,Chattahoochee County,GA,0.0,0.0,1627.0,1470.7,1774.0
13055,Chattooga County,GA,0.0,0.0,1565.0,1349.9,1743.0
13057,Cherokee County,GA,0.0,0.0,1746.5,1261.8,2128.0
13059,Clarke County,GA,0.0,0.0,872.0,679.9,1131.1
13061,Clay County,GA,0.0,0.0,1422.0,1040.0,1737.1
13065,Clinch County,GA,0.0,0.0,2315.5,2086.8,2400.0
13067,Cobb County,GA,0.0,0.5,510.5,264.9,905.1
13069,Coffee County,GA,0.0,0.0,1931.5,1679.0,2107.1
13071,Colquitt County,GA,0.0,0.0,1810.5,1512.0,2002.0
13073,Columbia County,GA,0.0,0.0,2101.5,1721.0,2339.0
13075,Cook County,GA,0.0,0.0,1824.5,1530.0,2043.0
13077,Coweta County,GA,0.0,0.0,1274.0,707.8,1900.3000000000002
13079,Crawford County,GA,0.0,0.0,1637.5,1213.8,2012.1
13081,Crisp County,GA,0.0,0.0,1439.0,1165.9,1688.0
13083,Dade County,GA,0.0,0.0,1536.0,987.0,2021.1
13085,Dawson County,GA,0.0,0.0,2265.5,2026.0,2386.0
13087,Decatur County,GA,0.0,0.0,1178.5,781.7,1628.4
13089,DeKalb County,GA,0.0,0.3,725.0,396.6,1188.1
13091,Dodge County,GA,0.0,0.0,1790.5,1572.0,1950.0
13093,Dooly County,GA,0.0,0.0,1556.0,1282.8,1781.1
13095,Dougherty County,GA,0.0,0.0,213.0,83.0,442.20000000000005
13097,Douglas County,GA,0.0,0.1,1128.5,673.7,1626.4
13099,Early County,GA,0.0,0.0,1049.0,689.7,1507.1
13101,Echols County,GA,0.0,0.0,2426.0,2344.0,2451.0
13103,Effingham County,GA,0.0,0.0,1448.0,910.7,1918.0
13105,Elbert County,GA,0.0,0.0,1842.0,1587.9,2036.0
13107,Emanuel County,GA,0.0,0.0,1271.5,954.0,1545.1
13109,Evans County,GA,0.0,0.0,1877.0,1638.0,2035.0
13111,Fannin County,GA,0.0,0.0,2381.5,2278.0,2430.1
13113,Fayette County,GA,0.0,0.0,1640.5,1113.0,2083.1
13115,Floyd County,GA,0.0,0.0,733.0,517.6,1011.1
13117,Forsyth County,GA,0.0,0.0,1251.0,919.0,1614.1
13119,Franklin County,GA,0.0,0.0,1863.0,1571.0,2067.1
13121,Fulton County,GA,0.0,0.7000000000000001,389.0,169.9,853.3000000000001
13123,Gilmer County,GA,0.0,0.0,2065.0,1906.9,2154.0
13125,Glascock County,GA,0.0,0.0,2131.0,1892.0,2281.0
13127,Glynn County,GA,0.0,0.0,610.0,387.9,958.1
13129,Gordon County,GA,0.0,0.0,1681.5,1291.8,2013.2
13131,Grady County,GA,0.0,0.0,2192.0,2044.0,2263.0
13133,Greene County,GA,0.0,0.0,2044.0,1671.9,2277.0
13135,Gwinnett County,GA,0.0,0.5,886.0,469.70000000000005,1420.3000000000002
13137,Habersham County,GA,0.0,0.0,2069.5,1846.0,2209.1
13139,Hall County,GA,0.0,0.0,863.0,609.0,1188.0
13141,Hancock County,GA,0.0,0.0,478.5,278.70000000000005,756.4000000000001
13143,Haralson County,GA,0.0,0.0,1792.5,1479.6,2042.1
13145,Harris County,GA,0.0,0.0,2075.0,1579.0,2357.2
13147,Hart County,GA,0.0,0.0,1868.0,1445.8,2169.0
13149,Heard County,GA,0.0,0.2,635.0,387.0,1011.0
13151,Henry County,GA,0.0,0.0,1564.5,1096.0,1971.2
13153,Houston County,GA,0.0,0.0,1191.5,843.7,1591.1
13155,Irwin County,GA,0.0,0.0,2123.0,1882.0,2244.1
13157,Jackson County,GA,0.0,0.0,1742.5,1198.0,2161.2
13159,Jasper County,GA,0.0,0.0,1662.0,1227.6,2022.0
13161,Jeff Davis County,GA,0.0,0.0,1305.0,1095.9,1493.1
13163,Jefferson County,GA,0.0,0.0,1502.5,1247.8,1707.0
13165,Jenkins County,GA,0.0,0.0,1415.5,1102.8,1679.1
13167,Johnson County,GA,0.0,0.0,2092.0,1950.9,2179.0
13169,Jones County,GA,0.0,0.0,1237.5,961.8,1560.2
13171,Lamar County,GA,0.0,0.0,1804.0,1451.9,2079.0
13173,Lanier County,GA,0.0,0.0,2255.0,2151.0,2323.1
13175,Laurens County,GA,0.0,0.0,1031.5,889.8,1175.0
13177,Lee County,GA,0.0,0.0,2336.5,1951.9,2457.0
13179,Liberty County,GA,0.0,0.0,1058.0,795.9,1344.1
13181,Lincoln County,GA,0.0,0.0,2327.0,2250.0,2375.0
13183,Long County,GA,0.0,0.0,2148.0,1980.9,2257.1
13185,Lowndes County,GA,0.0,0.0,1279.0,1110.9,1436.4
13187,Lumpkin County,GA,0.0,0.0,2211.0,2042.0,2299.0
13189,McDuffie County,GA,0.0,0.0,1466.5,1181.0,1729.4
13191,McIntosh County,GA,0.0,0.0,1782.5,1567.7,1945.1
13193,Macon County,GA,0.0,0.0,594.0,398.8,859.1
13195,Madison County,GA,0.0,0.0,2173.0,1959.9,2291.1
13197,Marion County,GA,0.0,0.0,1602.0,1349.7,1861.1
13199,Meriwether County,GA,0.0,0.0,1423.0,1211.9,1644.1
13201,Miller County,GA,0.0,0.0,2199.0,2006.9,2343.0
13205,Mitchell County,GA,0.0,0.0,709.0,403.9,1144.3000000000002
13207,Monroe County,GA,0.0,0.0,997.5,676.9,1336.1
13209,Montgomery County,GA,0.0,0.0,2135.0,2002.0,2207.1
13211,Morgan County,GA,0.0,0.0,2251.0,1858.9,2414.1
13213,Murray County,GA,0.0,0.0,1723.0,1380.9,2021.1
13215,Muscogee County,GA,0.0,0.0,922.5,707.0,1208.0
13217,Newton County,GA,0.0,0.0,1157.5,832.9,1488.2
13219,Oconee County,GA,0.0,0.0,2377.0,2173.5,2451.0
13221,Oglethorpe County,GA,0.0,0.0,2276.0,2037.8,2385.0
13223,Paulding County,GA,0.0,0.0,1759.5,1235.6,2164.2
13225,Peach County,GA,0.0,0.0,1507.0,1157.9,1829.0
13227,Pickens County,GA,0.0,0.0,1993.0,1700.9,2188.0
13229,Pierce County,GA,0.0,0.0,2110.5,1857.8,2272.1
13231,Pike County,GA,0.0,0.0,2060.5,1681.8,2306.0
13233,Polk County,GA,0.0,0.0,1270.0,958.0,1566.1
13235,Pulaski County,GA,0.0,0.0,2035.0,1929.9,2127.1
13237,Putnam County,GA,0.0,0.0,1196.0,807.7,1615.0
13241,Rabun County,GA,0.0,0.0,2279.0,2190.0,2329.1
13243,Randolph County,GA,0.0,0.0,1717.0,1240.9,2023.2
13245,Richmond County,GA,0.0,0.0,509.5,380.9,690.1
13247,Rockdale County,GA,0.0,0.0,1302.0,877.0,1680.0
13249,Schley County,GA,0.0,0.0,1958.5,1670.9,2155.0
13251,Screven County,GA,0.0,0.0,2174.5,2048.8,2252.0
13253,Seminole County,GA,0.0,0.0,1806.5,1473.0,2106.1
13255,Spalding County,GA,0.0,0.0,1235.0,952.5,1533.2
13257,Stephens County,GA,0.0,0.0,2121.0,1906.9,2250.1
13259,Stewart County,GA,0.0,0.0,1561.0,1110.0,1864.1
13261,Sumter County,GA,0.0,0.0,489.0,383.0,616.1
13263,Talbot County,GA,0.0,0.0,1487.0,1286.0,1655.0
13265,Taliaferro County,GA,0.0,0.0,1231.0,945.0,1557.1
13267,Tattnall County,GA,0.0,0.0,1663.0,1309.9,1942.0
13269,Taylor County,GA,0.0,0.0,337.0,226.9,499.20000000000005
13271,Telfair County,GA,0.0,0.0,1658.0,1215.9,1923.0
13273,Terrell County,GA,0.0,0.0,1196.0,796.9,1605.0
13275,Thomas County,GA,0.0,0.0,2299.5,2180.0,2359.0
13277,Tift County,GA,0.0,0.0,1657.5,1367.9,1924.1
13279,Toombs County,GA,0.0,0.0,1202.0,965.9,1454.0
13283,Treutlen County,GA,0.0,0.0,1635.0,1292.0,1882.5
13285,Troup County,GA,0.0,0.0,1110.0,745.0,1552.2
13287,Turner County,GA,0.0,0.0,1235.0,953.9,1538.1
13289,Twiggs County,GA,0.0,0.0,1302.5,879.7,1728.1
13291,Union County,GA,0.0,0.0,2433.0,2346.8,2463.0
13293,Upson County,GA,0.0,0.0,1497.0,1261.0,1677.1
13295,Walker County,GA,0.0,0.0,1372.0,901.9,1858.2
13297,Walton County,GA,0.0,0.0,1586.0,1107.9,2005.2
13299,Ware County,GA,0.0,0.0,876.5,642.0,1145.1
13301,Warren County,GA,0.0,0.2,416.0,282.9,634.2
13303,Washington County,GA,0.0,0.0,1179.5,828.0,1568.5
13305,Wayne County,GA,0.0,0.0,1540.5,1301.7,1767.0
13307,Webster County,GA,0.0,0.0,2107.0,2035.9,2151.0
13309,Wheeler County,GA,0.0,0.0,1497.0,1262.6,1688.1
13311,White County,GA,0.0,0.0,2346.0,2219.0,2401.0
13313,Whitfield County,GA,0.0,0.0,1277.5,860.9,1722.2
13315,Wilcox County,GA,0.0,0.0,1775.0,1460.9,1998.0
13317,Wilkes County,GA,0.0,0.0,2187.0,2041.0,2272.0
13319,Wilkinson County,GA,0.0,0.0,1627.0,1401.0,1830.0
13321,Worth County,GA,0.0,0.0,2126.0,1934.9,2240.0
16001,Ada County,ID,0.0,0.0,446.5,232.0,756.4000000000001
16003,Adams County,ID,0.0,0.0,1864.5,1422.0,2184.3
16007,Bear Lake County,ID,0.0,0.0,1652.0,1414.3,1863.2
16009,Benewah County,ID,0.0,0.0,953.5,713.9,1263.0
16011,Bingham County,ID,0.0,0.0,968.5,587.8,1308.0
16015,Boise County,ID,0.0,0.0,2269.5,2048.9,2352.0
16017,Bonner County,ID,0.0,0.0,578.5,324.0,1000.0
16019,Bonneville County,ID,0.0,0.0,785.5,503.0,1047.1
16025,Camas County,ID,0.0,0.0,2389.0,2278.9,2432.0
16027,Canyon County,ID,0.0,0.0,797.0,559.9,1075.0
16029,Caribou County,ID,0.0,0.0,1005.0,761.9,1260.0
16035,Clearwater County,ID,0.0,0.0,417.0,233.0,783.0
16039,Elmore County,ID,0.0,0.0,345.5,178.9,642.1
16041,Franklin County,ID,0.0,0.0,1215.0,860.9,1527.0
16043,Fremont County,ID,0.0,0.0,2127.0,1870.2,2264.0
16045,Gem County,ID,0.0,0.0,1891.0,1584.9,2076.0
16047,Gooding County,ID,0.0,0.0,1120.5,801.9,1392.1
16049,Idaho County,ID,0.0,0.0,1811.0,1368.8,2129.0
16055,Kootenai County,ID,0.0,0.0,812.0,591.0,1092.0
16057,Latah County,ID,0.0,0.0,615.0,408.9,916.1
16061,Lewis County,ID,0.0,0.0,1313.0,898.0,1755.2
16063,Lincoln County,ID,0.0,0.0,2178.0,1875.6,2313.0
16065,Madison County,ID,0.0,0.0,928.0,515.6,1390.0
16069,Nez Perce County,ID,0.0,0.0,383.0,241.0,578.1
16071,Oneida County,ID,0.0,0.0,1468.5,1108.7,1747.0
16073,Owyhee County,ID,0.0,0.0,1015.0,575.9,1463.2
16075,Payette County,ID,0.0,0.0,1017.0,738.9,1329.1
16079,Shoshone County,ID,0.0,0.0,382.0,231.0,594.1
16081,Teton County,ID,0.0,0.0,2393.0,2286.0,2437.0
16083,Twin Falls County,ID,0.0,0.0,696.0,451.0,997.1
16087,Washington County,ID,0.0,0.0,836.0,502.0,1254.4
17001,Adams County,IL,0.0,0.0,111.0,67.9,212.10000000000002
17003,Alexander County,IL,0.0,0.0,509.0,260.9,883.1
17005,Bond County,IL,0.0,0.0,1252.0,995.0,1533.1
17007,Boone County,IL,0.0,0.0,1369.5,1000.9,1722.3000000000002
17009,Brown County,IL,0.0,0.0,778.0,579.9,1036.0
17011,Bureau County,IL,0.0,0.0,463.5,276.0,744.1
17013,Calhoun County,IL,0.0,0.0,1456.5,1181.0,1703.0
17015,Carroll County,IL,0.0,0.0,1394.0,984.9,1739.0
17017,Cass County,IL,0.0,0.0,410.5,286.0,588.0
17019,Champaign County,IL,0.0,0.0,660.0,515.9,854.1
17021,Christian County,IL,0.0,0.0,542.5,362.9,845.1
17023,Clark County,IL,0.0,0.0,551.5,451.9,702.5000000000001
17025,Clay County,IL,0.0,0.0,482.0,321.0,734.0
17027,Clinton County,IL,0.0,0.0,1959.5,1784.0,2098.1
17029,Coles County,IL,0.0,0.0,455.5,363.0,588.0
17031,Cook County,IL,5.2,26.8,107.0,18.0,374.30000000000007
17033,Crawford County,IL,0.0,0.0,724.0,542.0,971.1
17035,Cumberland County,IL,0.0,0.0,708.5,576.0,884.0
17037,DeKalb County,IL,0.0,0.0,619.5,371.0,981.4000000000001
17039,De Witt County,IL,0.0,0.0,806.0,621.0,1053.1
17041,Douglas County,IL,0.0,0.0,1195.0,1012.0,1399.3000000000002
17043,DuPage County,IL,0.0,2.1,435.0,160.0,929.8000000000002
17045,Edgar County,IL,0.0,0.0,705.0,568.0,897.0
17047,Edwards County,IL,0.0,0.0,556.5,413.9,752.1
17049,Effingham County,IL,0.0,0.0,910.0,766.0,1105.2
17051,Fayette County,IL,0.0,0.0,517.0,375.9,716.1
17053,Ford County,IL,0.0,0.0,970.5,734.9,1269.1
17055,Franklin County,IL,0.0,0.0,616.0,480.0,807.1
17057,Fulton County,IL,0.0,0.0,205.0,152.9,282.20000000000005
17059,Gallatin County,IL,0.0,0.0,1456.0,1104.9,1764.1
17061,Greene County,IL,0.0,0.0,864.5,615.0,1195.0
17063,Grundy County,IL,0.0,0.2,376.5,171.0,726.3000000000001
17065,Hamilton County,IL,0.0,0.0,826.0,657.9,1056.0
17067,Hancock County,IL,0.0,0.0,1020.0,729.9,1392.1
17069,Hardin County,IL,0.0,0.0,1856.0,1485.6,2116.1
17073,Henry County,IL,0.0,0.0,618.0,473.8,809.0
17075,Iroquois County,IL,0.0,0.0,1172.0,755.0,1618.0
17077,Jackson County,IL,0.0,0.0,607.0,312.0,947.2
17079,Jasper County,IL,0.0,0.0,785.0,613.9,996.1
17081,Jefferson County,IL,0.0,0.0,777.0,655.0,951.1
17083,Jersey County,IL,0.0,0.0,1468.5,1257.0,1684.0
17085,Jo Daviess County,IL,0.0,0.0,1075.5,724.8,1465.2
17087,Johnson County,IL,0.0,0.0,219.5,154.0,321.0
17089,Kane County,IL,0.0,0.0,742.5,438.0,1150.4
17091,Kankakee County,IL,0.0,0.2,293.0,133.0,550.1
17093,Kendall County,IL,0.0,0.0,844.0,520.9,1260.1
17095,Knox County,IL,0.0,0.0,152.0,83.0,261.20000000000005
17097,Lake County,IL,0.0,1.2,214.0,83.0,439.1
17099,LaSalle County,IL,0.0,0.0,183.5,87.0,352.0
17101,Lawrence County,IL,0.0,0.0,1417.5,1062.9,1720.3000000000002
17103,Lee County,IL,0.0,0.0,394.5,229.0,680.1
17105,Livingston County,IL,0.0,0.0,409.0,287.9,551.2
17107,Logan County,IL,0.0,0.0,369.5,269.0,520.0
17109,McDonough County,IL,0.0,0.0,454.5,276.0,727.1
17111,McHenry County,IL,0.0,0.0,653.0,393.9,1026.0
17113,McLean County,IL,0.0,0.0,278.0,175.0,506.20000000000005
17115,Macon County,IL,9.9,20.200000000000003,41.0,11.0,108.0
17117,Macoupin County,IL,0.0,0.0,1241.5,1011.9,1442.1
17119,Madison County,IL,0.0,0.0,711.0,504.9,1022.1
17121,Marion County,IL,0.0,0.0,867.0,655.0,1123.1
17123,Marshall County,IL,0.0,0.0,557.0,360.0,829.1
17125,Mason County,IL,0.0,0.0,486.0,365.9,675.1
17127,Massac County,IL,0.0,0.0,290.0,144.0,534.0
17129,Menard County,IL,0.0,0.0,1300.0,1035.7,1581.2
17131,Mercer County,IL,0.0,0.0,752.0,587.0,947.2
17133,Monroe County,IL,0.0,0.0,1155.0,891.8,1504.0
17135,Montgomery County,IL,0.0,0.0,474.0,365.0,623.0
17137,Morgan County,IL,0.0,0.0,120.5,90.0,172.0
17139,Moultrie County,IL,0.0,0.0,1624.0,1319.8,1863.1
17141,Ogle County,IL,0.0,0.0,390.5,208.9,698.1
17143,Peoria County,IL,1.7000000000000002,6.3,36.0,15.0,85.0
17145,Perry County,IL,0.0,0.0,429.0,316.0,578.1
17147,Piatt County,IL,0.0,0.0,1319.0,1050.0,1628.0
17149,Pike County,IL,0.0,0.0,346.5,252.0,497.1
17151,Pope County,IL,0.0,0.0,1043.0,790.7,1364.1
17153,Pulaski County,IL,0.0,0.0,160.0,85.9,264.1
17155,Putnam County,IL,0.0,0.0,642.5,383.8,977.0
17157,Randolph County,IL,0.0,0.0,263.0,215.0,330.0
17159,Richland County,IL,0.0,0.0,1390.0,1099.8,1665.1
17161,Rock Island County,IL,60.3,25.1,9.0,3.0,23.0
17163,St. Clair County,IL,0.0,0.0,668.0,443.0,1014.0
17165,Saline County,IL,0.0,0.0,419.0,305.9,585.2
17167,Sangamon County,IL,0.0,0.0,142.0,109.0,204.0
17169,Schuyler County,IL,0.0,0.0,671.0,429.0,1015.3000000000001
17171,Scott County,IL,0.0,0.0,285.5,217.9,397.20000000000005
17173,Shelby County,IL,0.0,0.0,1317.5,1028.9,1618.5
17175,Stark County,IL,0.0,0.0,1262.0,1051.9,1460.1
17177,Stephenson County,IL,0.0,0.0,1118.0,722.7,1516.2
17179,Tazewell County,IL,0.0,0.0,215.0,159.9,302.0
17181,Union County,IL,0.0,0.0,989.0,704.0,1324.3000000000002
17183,Vermilion County,IL,0.0,0.0,119.0,75.0,194.0
17185,Wabash County,IL,0.0,0.0,499.5,362.9,693.3000000000001
17187,Warren County,IL,0.0,0.0,493.0,292.40000000000003,802.3000000000001
17189,Washington County,IL,0.0,0.0,1004.0,844.0,1179.0
17191,Wayne County,IL,0.0,0.0,1495.0,1198.0,1729.1
17193,White County,IL,0.0,0.0,378.0,300.9,498.20000000000005
17195,Whiteside County,IL,0.0,0.0,431.0,244.9,713.1
17197,Will County,IL,1.0999999999999999,9.2,72.0,22.0,198.0
17199,Williamson County,IL,0.0,0.0,334.0,266.0,422.1
17201,Winnebago County,IL,0.0,0.0,516.0,316.9,751.1
17203,Woodford County,IL,0.0,0.0,896.5,676.0,1203.1
18001,Adams County,IN,0.0,0.0,561.0,443.9,711.1
18003,Allen County,IN,0.0,0.0,208.0,107.0,412.4000000000001
18005,Bartholomew County,IN,0.0,0.0,1053.5,805.8,1364.4
18007,Benton County,IN,0.0,0.0,504.0,298.9,806.1
18009,Blackford County,IN,0.0,0.0,932.5,728.9,1138.0
18011,Boone County,IN,0.0,0.0,756.5,408.8,1290.0
18013,Brown County,IN,0.0,0.0,1789.0,1532.8,2008.1
18015,Carroll County,IN,0.0,0.0,1707.5,1519.9,1856.0
18017,Cass County,IN,0.0,0.0,308.0,225.0,409.1
18019,Clark County,IN,0.0,0.5,356.5,138.9,841.4000000000001
18021,Clay County,IN,0.0,0.0,560.0,433.0,723.0
18023,Clinton County,IN,0.0,0.0,398.0,279.9,540.1
18025,Crawford County,IN,0.0,0.0,737.0,507.0,1005.0
18027,Daviess County,IN,0.0,0.0,305.0,203.0,465.20000000000005
18029,Dearborn County,IN,0.0,0.0,291.5,142.8,602.1
18031,Decatur County,IN,0.0,0.0,1497.0,1246.0,1766.1
18033,DeKalb County,IN,0.0,0.0,294.0,156.0,575.2
18035,Delaware County,IN,0.0,0.0,762.0,626.0,909.1
18037,Dubois County,IN,0.0,0.0,145.0,110.0,193.10000000000002
18039,Elkhart County,IN,0.0,0.0,211.0,120.0,367.0
18041,Fayette County,IN,0.0,0.0,1423.0,1250.9,1575.0
18043,Floyd County,IN,0.0,1.0999999999999999,517.0,219.8,1045.5
18045,Fountain County,IN,0.0,0.0,487.0,330.9,781.3000000000001
18047,Franklin County,IN,0.0,0.0,1829.5,1576.9,2036.1
18049,Fulton County,IN,0.0,0.0,869.0,703.0,1052.1
18051,Gibson County,IN,0.0,0.0,92.0,69.0,141.0
18053,Grant County,IN,0.0,0.0,614.0,481.9,762.0
18055,Greene County,IN,0.0,0.0,401.0,307.9,556.2
18057,Hamilton County,IN,0.0,0.0,814.5,451.0,1383.3000000000002
18059,Hancock County,IN,0.0,0.0,1297.0,898.8,1716.2
18061,Harrison County,IN,0.0,0.0,1143.5,640.4000000000001,1704.0
18063,Hendricks County,IN,0.0,0.0,931.0,527.8,1450.7000000000003
18065,Henry County,IN,0.0,0.0,959.0,715.9,1201.1
18067,Howard County,IN,0.0,0.0,415.5,341.0,543.0
18069,Huntington County,IN,0.0,0.0,853.0,589.0,1218.2
18071,Jackson County,IN,0.0,0.0,1654.0,1339.0,1940.0
18073,Jasper County,IN,0.0,0.0,332.0,184.9,606.1
18075,Jay County,IN,0.0,0.0,1289.0,1038.8,1493.2
18077,Jefferson County,IN,0.0,0.0,1362.0,995.0,1755.1
18079,Jennings County,IN,0.0,0.0,1976.0,1737.0,2147.1
18081,Johnson County,IN,0.0,0.0,1254.0,906.9,1649.0
18083,Knox County,IN,0.0,0.0,338.0,279.0,415.1
18085,Kosciusko County,IN,0.0,0.0,338.0,262.9,430.1
18087,LaGrange County,IN,0.0,0.0,622.5,372.0,974.3000000000001
18089,Lake County,IN,2.6,17.5,66.0,17.0,189.20000000000005
18091,LaPorte County,IN,0.0,0.0,616.5,404.9,891.2
18093,Lawrence County,IN,0.0,0.0,1425.0,1170.0,1675.0
18095,Madison County,IN,0.0,0.0,310.5,215.9,427.0
18097,Marion County,IN,1.5,3.8,43.0,21.0,83.0
18099,Marshall County,IN,0.0,0.0,920.0,692.0,1147.0
18101,Martin County,IN,0.0,0.0,810.5,627.9,1048.2
18103,Miami County,IN,0.0,0.0,447.0,303.0,654.0
18105,Monroe County,IN,0.0,0.0,1125.5,981.0,1291.0
18107,Montgomery County,IN,0.0,0.0,327.0,213.0,519.1
18109,Morgan County,IN,0.0,0.0,1334.0,992.9,1690.6000000000001
18111,Newton County,IN,0.0,0.0,888.0,589.0,1269.0
18113,Noble County,IN,0.0,0.0,570.5,371.8,886.0
18115,Ohio County,IN,0.0,0.0,1132.5,727.9,1561.4
18117,Orange County,IN,0.0,0.0,1558.5,1351.0,1738.1
18119,Owen County,IN,0.0,0.0,954.0,744.9,1227.1
18121,Parke County,IN,0.0,0.0,672.0,530.8,874.0
18123,Perry County,IN,0.0,0.0,904.5,628.8,1259.0
18125,Pike County,IN,0.0,0.0,160.0,126.9,204.0
18127,Porter County,IN,0.0,0.0,358.5,177.0,674.0
18129,Posey County,IN,0.0,0.0,98.0,70.0,151.10000000000002
18131,Pulaski County,IN,0.0,0.0,268.0,188.0,381.1
18133,Putnam County,IN,0.0,0.0,996.0,713.6,1272.0
18135,Randolph County,IN,0.0,0.0,762.0,570.8,967.1
18137,Ripley County,IN,0.0,0.0,880.0,590.0,1322.1
18139,Rush County,IN,0.0,0.0,1211.0,911.9,1461.0
18141,St. Joseph County,IN,0.0,1.0,71.0,38.0,129.10000000000002
18143,Scott County,IN,0.0,0.0,1250.5,932.9,1552.1
18145,Shelby County,IN,0.0,0.0,386.5,258.0,576.1
18147,Spencer County,IN,0.0,0.0,240.5,190.9,316.0
18149,Starke County,IN,0.0,0.0,906.5,611.0,1233.0
18151,Steuben County,IN,0.0,0.0,1124.0,786.8,1492.1
18153,Sullivan County,IN,0.0,0.0,155.0,114.0,213.0
18155,Switzerland County,IN,0.0,0.0,890.5,590.9,1279.5
18157,Tippecanoe County,IN,0.0,0.0,125.0,83.0,201.0
18159,Tipton County,IN,0.0,0.0,1081.0,897.0,1297.2
18161,Union County,IN,0.0,0.0,1995.0,1703.9,2194.0
18163,Vanderburgh County,IN,0.0,0.0,335.0,221.9,506.20000000000005
18165,Vermillion County,IN,0.0,0.0,178.0,116.0,264.0
18167,Vigo County,IN,0.0,0.0,61.0,34.0,102.0
18169,Wabash County,IN,0.0,0.0,1140.0,971.0,1314.0
18171,Warren County,IN,0.0,0.0,444.0,360.9,558.0
18173,Warrick County,IN,0.0,0.0,456.0,335.9,617.0
18175,Washington County,IN,0.0,0.0,1368.5,1095.5,1681.1
18177,Wayne County,IN,0.0,0.0,733.0,568.9,916.0
18179,Wells County,IN,0.0,0.0,1027.5,786.8,1307.1
18181,White County,IN,0.0,0.0,229.0,139.0,438.1
18183,Whitley County,IN,0.0,0.0,767.5,531.0,1103.0
19001,Adair County,IA,0.0,0.0,784.0,604.0,1073.2
19003,Adams County,IA,0.0,0.0,1350.0,1143.0,1562.2
19007,Appanoose County,IA,0.0,0.0,1846.0,1437.0,2180.2
19009,Audubon County,IA,0.0,0.0,1368.0,1116.9,1563.0
19011,Benton County,IA,0.0,0.0,1124.5,885.0,1363.1
19013,Black Hawk County,IA,0.0,0.0,333.0,229.9,488.1
19015,Boone County,IA,0.0,0.0,1081.5,791.0,1396.0
19017,Bremer County,IA,0.0,0.0,1058.5,826.0,1307.0
19019,Buchanan County,IA,0.0,0.0,329.0,199.9,518.1
19021,Buena Vista County,IA,0.0,0.0,1771.0,1466.0,2037.1
19023,Butler County,IA,0.0,0.0,1408.0,1203.9,1601.1
19025,Calhoun County,IA,0.0,0.0,1850.5,1621.9,2025.1
19027,Carroll County,IA,0.0,0.0,1615.0,1275.9,1843.0
19029,Cass County,IA,0.0,0.0,596.0,480.0,743.1
19031,Cedar County,IA,0.0,0.0,1199.5,928.9,1470.1
19035,Cherokee County,IA,0.0,0.0,635.0,444.9,897.1
19037,Chickasaw County,IA,0.0,0.0,736.5,528.0,965.3000000000001
19039,Clarke County,IA,0.0,0.0,1625.5,1327.7,1857.1
19041,Clay County,IA,0.0,0.0,1106.0,744.9,1495.0
19043,Clayton County,IA,0.0,0.0,984.0,795.0,1172.0
19045,Clinton County,IA,0.2,0.5,32.0,17.0,60.0
19047,Crawford County,IA,0.0,0.0,674.0,489.0,905.1
19049,Dallas County,IA,0.0,0.0,616.0,434.9,910.0
19051,Davis County,IA,0.0,0.0,2211.0,2008.7,2337.1
19055,Delaware County,IA,0.0,0.0,596.0,443.0,768.1
19057,Des Moines County,IA,0.0,0.0,1281.0,935.9,1649.1
19059,Dickinson County,IA,0.0,0.0,532.5,322.0,800.3000000000001
19061,Dubuque County,IA,0.0,0.0,387.0,226.9,625.0
19063,Emmet County,IA,0.0,0.0,1184.0,1024.9,1298.0
19065,Fayette County,IA,0.0,0.0,837.0,630.7,1039.2
19067,Floyd County,IA,0.0,0.0,1147.5,913.9,1399.0
19071,Fremont County,IA,0.0,0.0,1368.0,1248.0,1501.1
19073,Greene County,IA,0.0,0.0,1532.0,1265.0,1769.1
19075,Grundy County,IA,0.0,0.0,1548.0,1255.9,1774.1
19077,Guthrie County,IA,0.0,0.0,1063.5,856.0,1295.1
19079,Hamilton County,IA,0.0,0.0,1002.5,786.0,1202.0
19081,Hancock County,IA,0.0,0.0,1843.0,1653.0,1999.0
19085,Harrison County,IA,0.0,0.0,1416.0,1108.0,1726.0
19087,Henry County,IA,0.0,0.0,1336.5,1102.9,1532.1
19089,Howard County,IA,0.0,0.0,762.5,514.9,1012.2
19091,Humboldt County,IA,0.0,0.0,1403.0,1197.9,1621.2
19093,Ida County,IA,0.0,0.0,704.0,418.9,1089.2
19095,Iowa County,IA,0.0,0.0,1054.0,846.9,1293.1
19097,Jackson County,IA,0.0,0.0,700.0,516.0,929.0
19099,Jasper County,IA,0.0,0.0,634.5,391.0,981.2
19101,Jefferson County,IA,0.0,0.0,1908.5,1660.6,2116.0
19103,Johnson County,IA,0.0,0.0,437.0,302.0,680.2
19105,Jones County,IA,0.0,0.0,1295.0,1040.9,1519.3000000000002
19107,Keokuk County,IA,0.0,0.0,2025.0,1825.0,2178.1
19109,Kossuth County,IA,0.0,0.0,701.5,453.9,1003.2
19111,Lee County,IA,0.0,0.0,932.0,608.9,1339.4
19113,Linn County,IA,74.8,16.7,6.0,3.0,17.100000000000023
19115,Louisa County,IA,0.0,0.0,696.5,528.0,883.2
19119,Lyon County,IA,0.0,0.0,2129.0,1974.8,2240.0
19121,Madison County,IA,0.0,0.0,877.0,602.0,1239.2
19123,Mahaska County,IA,0.0,0.0,414.0,260.8,637.1
19125,Marion County,IA,0.0,0.0,1284.0,944.8,1577.0
19127,Marshall County,IA,0.0,0.0,495.0,377.9,648.0
19129,Mills County,IA,0.0,0.0,397.0,342.9,478.0
19131,Mitchell County,IA,0.0,0.0,877.5,687.8,1098.2
19133,Monona County,IA,0.0,0.0,546.0,428.0,712.0
19135,Monroe County,IA,0.0,0.0,937.5,719.9,1211.0
19137,Montgomery County,IA,0.0,0.0,1800.5,1650.9,1930.0
19139,Muscatine County,IA,25.4,23.200000000000003,20.0,7.0,53.0
19141,O'Brien County,IA,0.0,0.0,798.0,494.9,1243.1
19143,Osceola County,IA,0.0,0.0,1156.0,1020.9,1336.2
19145,Page County,IA,0.0,0.0,872.5,643.0,1154.3000000000002
19147,Palo Alto County,IA,0.0,0.0,675.0,524.9,869.1
19149,Plymouth County,IA,0.0,0.0,529.0,327.9,845.2
19151,Pocahontas County,IA,0.0,0.0,1847.5,1547.5,2054.0
19153,Polk County,IA,0.0,0.0,110.0,57.0,219.10000000000002
19155,Pottawattamie County,IA,0.5,0.5,43.0,23.0,80.0
19157,Poweshiek County,IA,0.0,0.0,609.5,421.0,921.0
19159,Ringgold County,IA,0.0,0.0,2229.0,1997.9,2367.1
19161,Sac County,IA,0.0,0.0,1265.0,873.9,1666.2
19163,Scott County,IA,0.0,3.2,52.0,24.0,122.10000000000002
19165,Shelby County,IA,0.0,0.0,1557.0,1337.8,1766.1
19167,Sioux County,IA,0.0,0.0,1784.5,1571.9,1942.0
19169,Story County,IA,0.0,0.0,342.0,208.0,543.0
19173,Taylor County,IA,0.0,0.0,1262.5,910.9,1592.1
19175,Union County,IA,0.0,0.0,1116.5,823.0,1424.3000000000002
19177,Van Buren County,IA,0.0,0.0,2101.5,1947.8,2218.0
19179,Wapello County,IA,0.0,0.0,629.0,458.0,856.1
19181,Warren County,IA,0.0,0.0,966.0,634.8,1372.4
19183,Washington County,IA,0.0,0.0,1108.0,845.9,1448.4
19187,Webster County,IA,0.0,0.0,186.0,125.0,317.1
19189,Winnebago County,IA,0.0,0.0,1703.0,1399.9,1924.0
19191,Winneshiek County,IA,0.0,0.0,1527.0,1281.8,1708.0
19193,Woodbury County,IA,8.7,9.0,34.0,11.0,97.10000000000002
19195,Worth County,IA,0.0,0.0,1748.0,1412.9,2024.1
19197,Wright County,IA,0.0,0.0,1338.0,1095.9,1608.0
20001,Allen County,KS,0.0,0.0,456.5,273.9,763.0
20003,Anderson County,KS,0.0,0.0,611.0,473.0,837.0
20005,Atchison County,KS,0.0,0.0,978.0,831.7,1182.1
20007,Barber County,KS,0.0,0.0,1858.5,1424.7,2103.3
20009,Barton County,KS,0.0,0.0,2262.0,2058.0,2383.0
20011,Bourbon County,KS,0.0,0.1,195.0,116.0,320.0
20013,Brown County,KS,0.0,0.0,1750.0,1596.0,1899.0
20015,Butler County,KS,0.0,0.0,772.0,424.9,1275.0
20017,Chase County,KS,0.0,0.0,1990.0,1742.8,2206.2
20019,Chautauqua County,KS,0.0,0.0,1941.0,1774.0,2066.0
20021,Cherokee County,KS,0.0,0.0,266.0,198.9,393.0
20025,Clark County,KS,0.0,0.0,2316.5,2025.5,2414.0
20027,Clay County,KS,0.0,0.0,2215.5,2044.7,2319.2
20029,Cloud County,KS,0.0,0.0,1875.5,1461.6,2110.0
20031,Coffey County,KS,0.0,0.0,307.0,146.9,658.1
20033,Comanche County,KS,0.0,0.0,2446.0,2381.9,2465.0
20035,Cowley County,KS,0.0,0.0,1426.0,1138.9,1693.1
20037,Crawford County,KS,0.0,0.0,135.0,95.0,213.10000000000002
20043,Doniphan County,KS,0.0,0.0,1288.5,1051.8,1503.2
20045,Douglas County,KS,0.0,0.0,48.0,33.0,70.0
20047,Edwards County,KS,0.0,0.0,2365.5,2190.9,2432.0
20049,Elk County,KS,0.0,0.0,878.5,576.8,1190.1
20059,Franklin County,KS,0.0,0.0,1189.0,834.8,1538.1
20061,Geary County,KS,0.0,0.0,1006.5,803.9,1249.0
20073,Greenwood County,KS,0.0,0.0,1626.0,1459.9,1801.0
20077,Harper County,KS,0.0,0.0,1786.5,1320.8,2066.1
20079,Harvey County,KS,0.0,0.0,1696.0,1446.0,1899.0
20085,Jackson County,KS,0.0,0.0,1235.5,955.0,1525.0
20087,Jefferson County,KS,0.0,0.0,458.0,400.0,532.0
20089,Jewell County,KS,0.0,0.0,2450.0,2385.9,2466.0
20091,Johnson County,KS,0.0,0.0,181.0,73.0,491.4000000000001
20095,Kingman County,KS,0.0,0.0,1830.0,1423.9,2065.0
20097,Kiowa County,KS,0.0,0.0,2277.0,2052.9,2364.0
20099,Labette County,KS,0.0,0.0,790.0,525.0,1136.5
20101,Lane County,KS,0.0,0.0,2431.0,2363.9,2452.0
20103,Leavenworth County,KS,0.0,0.0,442.5,253.9,846.2
20107,Linn County,KS,0.0,0.0,292.0,228.0,391.0
20111,Lyon County,KS,0.0,0.0,289.0,175.0,499.1
20113,McPherson County,KS,0.0,0.0,1474.0,1082.9,1779.0
20115,Marion County,KS,0.0,0.0,1535.5,1212.9,1802.1
20121,Miami County,KS,0.0,0.0,1449.5,1034.0,1903.0
20125,Montgomery County,KS,0.0,0.0,1471.0,1277.0,1697.1
20127,Morris County,KS,0.0,0.0,1446.0,1257.0,1629.0
20133,Neosho County,KS,0.0,0.0,945.0,663.8,1255.1
20135,Ness County,KS,0.0,0.0,2459.0,2415.0,2470.0
20139,Osage County,KS,0.0,0.0,881.5,604.9,1235.1
20145,Pawnee County,KS,0.0,0.0,2438.0,2364.0,2460.1
20149,Pottawatomie County,KS,0.0,0.0,1279.5,959.9,1640.4
20151,Pratt County,KS,0.0,0.0,1967.0,1545.9,2215.4
20155,Reno County,KS,0.0,0.0,971.0,624.0,1370.0
20157,Republic County,KS,0.0,0.0,2334.0,2163.0,2406.0
20159,Rice County,KS,0.0,0.0,1638.0,1275.0,1940.1
20161,Riley County,KS,0.0,0.0,771.5,571.9,1059.0
20165,Rush County,KS,0.0,0.0,2397.0,2226.0,2450.0
20173,Sedgwick County,KS,0.0,0.0,242.0,173.0,349.20000000000005
20177,Shawnee County,KS,0.0,0.0,200.0,134.0,329.1
20185,Stafford County,KS,0.0,0.0,2417.0,2294.9,2460.0
20191,Sumner County,KS,0.0,0.0,1297.5,856.8,1661.1
20197,Wabaunsee County,KS,0.0,0.0,1609.5,1306.0,1889.3000000000002
20205,Wilson County,KS,0.0,0.0,1546.0,1300.8,1803.1
20207,Woodson County,KS,0.0,0.0,1370.0,1141.8,1580.1
20209,Wyandotte County,KS,0.0,0.0,191.5,113.0,318.1
21005,Anderson County,KY,0.0,0.0,1128.5,679.8,1706.0
21007,Ballard County,KY,0.0,0.0,202.0,113.0,344.1
21011,Bath County,KY,0.0,2.0,870.5,363.9,1539.2
21013,Bell County,KY,0.0,0.0,1419.5,749.0,1980.3000000000002
21015,Boone County,KY,0.0,0.0,958.5,465.70000000000005,1559.1
21017,Bourbon County,KY,0.0,0.0,1775.5,1311.0,2129.3
21019,Boyd County,KY,0.0,0.0,1857.0,1306.8,2241.1
21021,Boyle County,KY,0.0,0.0,1055.0,622.9,1645.1
21023,Bracken County,KY,0.0,0.0,1279.0,921.0,1684.1
21025,Breathitt County,KY,0.0,0.0,2409.0,2055.9,2465.0
21027,Breckinridge County,KY,0.0,0.0,300.0,221.9,428.0
21029,Bullitt County,KY,0.0,0.0,1502.0,932.6,2017.2
21031,Butler County,KY,0.0,0.0,1158.0,907.9,1406.0
21033,Caldwell County,KY,0.0,0.0,1037.5,756.9,1407.2
21035,Calloway County,KY,0.0,0.0,430.0,307.0,655.1
21037,Campbell County,KY,0.0,0.0,1392.0,808.9,1946.0
21039,Carlisle County,KY,0.0,0.0,787.0,576.9,1097.0
21041,Carroll County,KY,0.0,0.0,888.5,420.8,1588.2
21043,Carter County,KY,0.0,0.0,2244.0,1863.0,2402.1
21045,Casey County,KY,0.0,0.0,1833.0,1187.6,2212.3
21047,Christian County,KY,0.0,0.0,1540.0,1321.9,1745.0
21049,Clark County,KY,0.0,0.0,619.0,334.8,1092.4
21051,Clay County,KY,0.0,0.0,2152.5,1494.9,2393.0
21055,Crittenden County,KY,0.0,0.0,821.0,544.0,1199.0
21059,Daviess County,KY,0.0,0.0,137.5,70.0,272.1
21063,Elliott County,KY,0.0,0.0,2174.0,1548.8,2394.1
21065,Estill County,KY,0.0,0.0,1448.5,797.9,1985.0
21067,Fayette County,KY,0.0,0.0,1301.5,874.9,1742.4
21069,Fleming County,KY,0.0,0.0,760.0,453.9,1248.4000000000003
21071,Floyd County,KY,0.0,0.0,2110.5,1458.4,2369.1
21073,Franklin County,KY,0.0,0.1,1155.0,636.6,1771.8000000000002
21075,Fulton County,KY,0.0,0.0,848.5,419.40000000000003,1346.3000000000002
21077,Gallatin County,KY,0.0,0.0,1764.0,1241.9,2163.1
21079,Garrard County,KY,0.0,0.0,1093.0,731.8,1537.0
21081,Grant County,KY,0.0,0.0,1867.5,1455.0,2174.1
21083,Graves County,KY,0.0,0.0,493.0,348.0,713.3000000000001
21085,Grayson County,KY,0.0,0.0,790.5,607.9,1042.2
21087,Green County,KY,0.0,0.0,1814.5,1365.9,2135.1
21089,Greenup County,KY,0.0,0.0,1650.5,1208.9,2000.3000000000002
21091,Hancock County,KY,0.0,0.2,86.0,50.0,158.0
21093,Hardin County,KY,0.0,0.1,653.0,353.0,1130.1
21095,Harlan County,KY,0.0,0.0,1541.0,869.5,2050.2
21097,Harrison County,KY,0.0,0.0,628.5,395.9,995.3000000000001
21099,Hart County,KY,0.0,0.0,1679.0,1042.0,2126.3
21101,Henderson County,KY,0.0,0.0,61.0,34.0,103.10000000000002
21103,Henry County,KY,0.0,0.1,1898.5,1461.8,2212.2
21105,Hickman County,KY,0.0,0.0,1230.0,856.8,1602.1
21107,Hopkins County,KY,0.0,0.0,341.0,217.0,521.2
21111,Jefferson County,KY,0.0,2.9000000000000004,283.5,121.9,598.0
21113,Jessamine County,KY,0.0,0.0,2071.5,1715.0,2302.1
21115,Johnson County,KY,0.0,0.0,1998.0,1341.6000000000001,2319.2
21117,Kenton County,KY,0.0,0.5,1030.0,512.0,1654.3000000000002
21119,Knott County,KY,0.0,0.0,2156.5,1551.8,2370.0
21121,Knox County,KY,0.0,0.0,1708.5,933.9,2206.0
21123,Larue County,KY,0.0,0.0,1159.0,790.9,1594.0
21125,Laurel County,KY,0.0,0.0,1304.0,713.0,1858.5
21127,Lawrence County,KY,0.0,0.0,1628.5,900.0,2161.2
21129,Lee County,KY,0.0,0.0,2259.5,1745.7,2426.1
21131,Leslie County,KY,0.0,0.0,2328.0,1884.7,2443.0
21133,Letcher County,KY,0.0,0.0,2233.0,1692.8,2418.1
21135,Lewis County,KY,0.0,2.9000000000000004,899.5,339.0,1646.2
21137,Lincoln County,KY,0.0,0.0,1195.0,837.9,1619.2
21139,Livingston County,KY,0.0,0.0,207.0,130.0,341.0
21141,Logan County,KY,0.0,0.0,825.0,687.9,1038.0
21143,Lyon County,KY,0.0,0.0,433.0,319.0,607.1
21145,McCracken County,KY,0.0,1.5,55.0,28.0,112.0
21147,McCreary County,KY,0.0,0.1,824.0,386.70000000000005,1350.0
21149,McLean County,KY,0.0,0.0,890.5,706.9,1118.0
21151,Madison County,KY,0.0,0.0,1205.0,811.9,1659.1
21153,Magoffin County,KY,0.0,0.5,1946.0,1161.9,2319.1
21155,Marion County,KY,0.0,0.0,661.0,390.0,1137.4
21157,Marshall County,KY,0.0,0.0,93.5,49.900000000000006,175.0
21159,Martin County,KY,0.0,0.0,1766.5,1052.8,2128.0
21161,Mason County,KY,0.0,0.0,483.5,232.9,987.9000000000002
21163,Meade County,KY,0.0,0.0,292.0,159.9,524.1
21165,Menifee County,KY,0.0,0.0,1878.0,1143.6,2277.1
21167,Mercer County,KY,0.0,0.0,382.5,225.0,684.3000000000001
21173,Montgomery County,KY,0.0,0.0,855.5,497.70000000000005,1400.0
21175,Morgan County,KY,0.0,0.0,2140.5,1538.0,2382.1
21177,Muhlenberg County,KY,0.0,0.0,311.0,243.0,409.20000000000005
21179,Nelson County,KY,0.0,0.0,1418.0,911.9,1950.4
21181,Nicholas County,KY,0.0,0.0,1152.0,682.8,1724.3000000000002
21183,Ohio County,KY,0.0,0.0,446.0,330.9,609.0
21185,Oldham County,KY,0.0,0.0,1901.5,1321.8,2275.0
21187,Owen County,KY,0.0,0.0,1636.0,1109.9,2081.2
21191,Pendleton County,KY,0.0,0.0,1619.5,1135.6,2067.2
21195,Pike County,KY,0.0,0.0,1960.0,1328.8,2273.1
21197,Powell County,KY,0.0,0.0,2066.5,1618.7,2328.0
21199,Pulaski County,KY,0.0,0.0,814.0,640.0,1055.2
21201,Robertson County,KY,0.0,3.8,781.0,288.0,1531.6000000000004
21203,Rockcastle County,KY,0.0,0.0,1603.5,934.7,2097.3
21205,Rowan County,KY,0.0,0.7000000000000001,1486.5,780.9000000000001,2081.1
21207,Russell County,KY,0.0,0.0,905.0,491.9,1405.2
21209,Scott County,KY,0.0,0.0,2089.0,1684.6,2323.1
21211,Shelby County,KY,0.0,0.2,1862.5,1362.8,2196.0
21213,Simpson County,KY,0.0,0.0,1329.0,1090.0,1608.0
21215,Spencer County,KY,0.0,0.0,2172.5,1807.8,2368.0
21217,Taylor County,KY,0.0,0.0,1865.0,1420.9,2204.0
21219,Todd County,KY,0.0,0.0,1272.0,977.0,1560.1
21221,Trigg County,KY,0.0,0.0,1792.0,1550.0,2014.1
21223,Trimble County,KY,0.0,0.0,1714.0,1205.8,2118.1
21225,Union County,KY,0.0,0.0,633.0,455.0,880.3000000000001
21229,Washington County,KY,0.0,0.0,1010.0,690.0,1466.2
21231,Wayne County,KY,0.0,0.0,1598.0,946.6000000000001,2024.1
21233,Webster County,KY,0.0,0.0,543.0,441.0,684.0
21235,Whitley County,KY,0.0,0.0,1646.0,906.4000000000001,2167.1
21239,Woodford County,KY,0.0,0.0,1382.5,925.8,1877.4
22001,Acadia Parish,LA,0.0,0.0,934.0,664.9,1267.0
22003,Allen Parish,LA,0.0,0.0,2085.0,1744.5,2272.0
22005,Ascension Parish,LA,0.0,0.0,1147.0,785.9,1510.0
22007,Assumption Parish,LA,0.0,0.0,1671.0,1403.0,1934.2
22009,Avoyelles Parish,LA,0.0,0.0,878.5,436.0,1389.0
22011,Beauregard Parish,LA,0.0,0.0,1505.5,1118.4,1834.0
22013,Bienville Parish,LA,0.0,0.0,1439.5,802.0,1882.0
22015,Bossier Parish,LA,0.0,0.0,1553.0,1308.0,1769.1
22017,Caddo Parish,LA,0.1,5.8999999999999995,142.0,43.0,300.0
22023,Cameron Parish,LA,0.0,0.0,2421.5,2309.9,2455.0
22027,Claiborne Parish,LA,0.0,0.0,1435.5,821.8,1866.2
22031,De Soto Parish,LA,0.0,0.0,889.0,609.9,1218.3000000000002
22035,East Carroll Parish,LA,0.0,0.5,1620.5,784.3000000000001,2165.2
22037,East Feliciana Parish,LA,0.0,0.0,1783.0,1467.7,2011.1
22039,Evangeline Parish,LA,0.0,0.0,1125.5,643.6,1601.0
22041,Franklin Parish,LA,0.0,0.0,1866.5,1220.5,2210.0
22043,Grant Parish,LA,0.0,0.0,2111.0,1920.9,2224.0
22045,Iberia Parish,LA,0.0,0.0,731.5,494.9,1117.0
22047,Iberville Parish,LA,0.0,0.4,358.5,184.8,621.1
22049,Jackson Parish,LA,0.0,0.0,1312.0,883.9,1705.5
22053,Jefferson Davis Parish,LA,0.0,0.0,1645.0,1329.8,1916.2
22057,Lafourche Parish,LA,0.0,0.0,1607.5,1225.0,1897.1
22059,LaSalle Parish,LA,0.0,0.0,2342.0,2073.8,2436.0
22061,Lincoln Parish,LA,0.0,0.0,411.5,177.8,783.1
22063,Livingston Parish,LA,0.0,0.0,1880.5,1455.9,2159.0
22065,Madison Parish,LA,0.0,1.0,502.5,199.8,1026.2
22067,Morehouse Parish,LA,0.0,0.0,913.5,386.8,1518.0
22069,Natchitoches Parish,LA,0.0,1.0999999999999999,470.5,190.0,895.2
22073,Ouachita Parish,LA,0.2,5.8999999999999995,158.0,40.900000000000006,354.1
22075,Plaquemines Parish,LA,0.0,0.0,1060.5,775.8,1436.3000000000002
22077,Pointe Coupee Parish,LA,0.0,0.0,1017.0,677.9,1377.0
22079,Rapides Parish,LA,0.0,0.0,882.0,606.6,1172.2
22081,Red River Parish,LA,0.0,0.8,483.5,181.0,926.0
22083,Richland Parish,LA,0.0,0.0,1523.0,905.7,1964.2
22085,Sabine Parish,LA,0.0,0.0,1012.5,552.0,1473.1
22087,St. Bernard Parish,LA,0.0,0.0,409.0,228.70000000000002,757.2
22089,St. Charles Parish,LA,0.5,1.9,101.0,39.0,250.10000000000002
22091,St. Helena Parish,LA,0.0,0.0,1193.5,768.9,1586.0
22093,St. James Parish,LA,0.0,0.0,239.0,123.9,450.0
22095,St. John the Baptist Parish,LA,0.0,0.0,484.5,291.9,808.1
22097,St. Landry Parish,LA,0.2,0.8999999999999999,92.0,30.0,232.10000000000002
22099,St. Martin Parish,LA,0.0,0.0,1956.0,1637.9,2154.1
22101,St. Mary Parish,LA,0.0,0.8,578.0,225.9,1148.3000000000002
22105,Tangipahoa Parish,LA,0.0,0.0,392.0,202.0,689.2
22107,Tensas Parish,LA,0.0,0.0,1484.5,754.9,2036.4
22111,Union Parish,LA,0.0,0.0,1575.0,1036.7,1982.3000000000002
22113,Vermilion Parish,LA,0.0,0.0,1764.0,1521.0,1940.1
22115,Vernon Parish,LA,0.0,0.0,1619.5,1286.0,1907.1
22117,Washington Parish,LA,0.0,0.1,448.0,184.0,820.6000000000001
22119,Webster Parish,LA,0.0,0.0,1738.0,1103.8,2099.0
22121,West Baton Rouge Parish,LA,0.0,0.0,412.5,258.0,655.1
22123,West Carroll Parish,LA,0.0,0.0,2008.5,1397.9,2290.0
22125,West Feliciana Parish,LA,0.0,0.0,1355.5,1023.9,1664.2
22127,Winn Parish,LA,0.0,0.0,1429.0,1049.3,1803.2
23001,Androscoggin County,ME,0.0,0.0,189.0,84.9,390.1
23005,Cumberland County,ME,0.0,0.0,338.5,195.0,555.1
23009,Hancock County,ME,0.0,0.0,1105.5,623.8,1586.1
23011,Kennebec County,ME,0.0,0.1,316.0,169.0,548.2
23013,Knox County,ME,0.0,0.0,1094.0,667.9,1609.1
23015,Lincoln County,ME,0.0,0.0,752.5,462.9,1109.2
23017,Oxford County,ME,0.0,0.0,1049.0,629.8,1570.2
23019,Penobscot County,ME,0.0,1.4000000000000001,241.5,118.0,461.0
23023,Sagadahoc County,ME,0.0,0.0,602.5,354.0,925.1
23025,Somerset County,ME,0.0,0.0,488.5,239.0,923.3000000000001
23027,Waldo County,ME,0.0,0.0,760.0,481.70000000000005,1118.0
23029,Washington County,ME,0.0,0.0,1965.0,1278.7,2332.0
23031,York County,ME,0.0,0.0,365.0,177.0,682.0
24001,Allegany County,MD,0.0,0.0,805.0,548.9,1159.1
24003,Anne Arundel County,MD,0.0,0.0,1653.5,1066.0,2145.2
24005,Baltimore County,MD,0.0,0.0,616.0,304.0,1131.0
24011,Caroline County,MD,0.0,0.0,2261.0,2184.0,2321.1
24013,Carroll County,MD,0.0,0.0,2119.5,1714.6,2335.1
24015,Cecil County,MD,0.0,0.0,1463.5,1093.9,1850.1
24017,Charles County,MD,0.0,0.0,617.0,396.0,930.8000000000002
24019,Dorchester County,MD,0.0,0.0,1948.5,1861.0,2031.1
24021,Frederick County,MD,0.0,0.0,1986.0,1497.0,2294.1
24023,Garrett County,MD,0.0,0.0,898.5,656.9,1171.0
24025,Harford County,MD,0.0,0.0,1123.5,647.9,1704.1
24027,Howard County,MD,0.0,0.0,1596.0,1013.0,2092.1
24029,Kent County,MD,0.0,0.0,2237.5,2080.9,2338.0
24031,Montgomery County,MD,0.0,0.0,1288.5,731.9,1867.0
24033,Prince George's County,MD,0.0,0.0,707.0,355.6,1280.0
24035,Queen Anne's County,MD,0.0,0.0,2384.0,2237.7,2443.0
24037,St. Mary's County,MD,0.0,0.0,2161.0,1779.0,2364.0
24039,Somerset County,MD,0.0,0.0,2372.0,2315.9,2403.0
24041,Talbot County,MD,0.0,0.0,2389.0,2313.9,2429.0
24043,Washington County,MD,0.0,0.0,1652.5,1229.0,1983.1
24045,Wicomico County,MD,0.0,0.0,2124.0,2057.0,2180.0
24047,Worcester County,MD,0.0,0.0,2429.0,2394.9,2445.0
25001,Barnstable County,MA,0.0,0.0,296.5,132.0,696.1
25003,Berkshire County,MA,0.0,0.7000000000000001,87.0,40.0,185.10000000000002
25005,Bristol County,MA,0.0,0.0,146.0,71.0,300.1
25007,Dukes County,MA,0.0,0.0,2186.0,1967.0,2315.1
25009,Essex County,MA,0.0,0.0,125.0,75.9,216.10000000000002
25011,Franklin County,MA,0.0,0.0,144.0,98.0,224.0
25013,Hampden County,MA,7.7,3.5999999999999996,21.0,11.0,54.0
25015,Hampshire County,MA,0.0,0.0,341.0,194.9,585.2
25021,Norfolk County,MA,0.0,0.0,252.0,144.9,494.1
25023,Plymouth County,MA,0.0,0.0,350.5,202.0,623.2
25027,Worcester County,MA,0.0,0.0,56.0,31.0,107.10000000000002
26005,Allegan County,MI,0.0,0.0,454.0,271.9,698.1
26009,Antrim County,MI,0.0,1.5,624.0,322.0,1009.2
26011,Arenac County,MI,0.0,0.0,621.0,364.8,929.1
26015,Barry County,MI,0.0,0.0,910.0,699.8,1123.2
26017,Bay County,MI,0.0,0.3,81.0,35.0,176.0
26019,Benzie County,MI,0.0,0.3,1051.0,643.9,1476.0
26021,Berrien County,MI,0.0,0.0,529.0,336.0,769.0
26025,Calhoun County,MI,37.2,39.7,16.0,4.0,45.10000000000002
26027,Cass County,MI,0.0,0.0,778.0,557.9,1021.2
26029,Charlevoix County,MI,0.0,0.3,968.5,543.9,1464.2
26037,Clinton County,MI,0.0,0.0,328.5,205.9,497.1
26039,Crawford County,MI,0.0,0.8999999999999999,636.0,312.8,1122.2
26041,Delta County,MI,0.0,5.2,964.5,414.8,1619.2
26043,Dickinson County,MI,0.0,5.5,388.5,146.0,850.3000000000001
26045,Eaton County,MI,0.0,0.0,131.5,75.9,244.20000000000005
26047,Emmet County,MI,0.0,0.8999999999999999,1149.0,627.6,1697.4
26049,Genesee County,MI,0.0,0.2,314.0,184.0,478.0
26051,Gladwin County,MI,0.0,0.0,773.0,440.9,1197.2
26055,Grand Traverse County,MI,0.0,0.3,231.0,124.0,406.20000000000005
26057,Gratiot County,MI,0.0,0.1,177.0,79.9,365.1
26063,Huron County,MI,11.4,12.1,36.0,9.0,121.0
26065,Ingham County,MI,0.0,0.0,180.0,93.0,336.0
26067,Ionia County,MI,0.0,0.0,217.5,122.0,389.30000000000007
26069,Iosco County,MI,0.0,0.0,1148.0,607.0,1713.1
26073,Isabella County,MI,0.0,3.0,1015.0,457.9,1615.2
26075,Jackson County,MI,0.0,0.0,311.0,191.9,507.1
26077,Kalamazoo County,MI,0.0,0.0,662.5,419.9,1041.2
26079,Kalkaska County,MI,0.0,1.0,396.5,192.9,692.2
26081,Kent County,MI,0.0,4.3999999999999995,174.5,80.0,339.0
26085,Lake County,MI,0.0,0.8,771.0,386.0,1282.1
26087,Lapeer County,MI,0.0,0.0,588.0,376.0,853.1
26089,Leelanau County,MI,0.0,0.0,908.5,586.7,1274.1
26091,Lenawee County,MI,0.0,0.0,151.5,83.0,278.0
26093,Livingston County,MI,0.0,0.0,1305.5,982.9,1621.4
26099,Macomb County,MI,0.0,0.0,276.0,154.0,482.30000000000007
26101,Manistee County,MI,0.1,10.299999999999999,201.0,64.9,456.0
26103,Marquette County,MI,0.1,2.1,290.5,97.0,753.1
26105,Mason County,MI,0.0,1.9,107.0,42.0,226.0
26107,Mecosta County,MI,0.0,0.0,1017.0,549.9,1557.0
26109,Menominee County,MI,0.0,0.0,1731.5,1035.6,2158.2
26111,Midland County,MI,0.0,0.0,673.5,507.0,874.1
26113,Missaukee County,MI,0.0,0.0,1311.0,782.9,1833.2
26115,Monroe County,MI,22.5,11.799999999999999,17.0,8.0,40.0
26117,Montcalm County,MI,0.0,0.0,395.5,223.9,633.1
26119,Montmorency County,MI,0.0,0.6,1134.0,542.7,1709.4
26121,Muskegon County,MI,0.0,0.6,177.0,89.9,328.0
26123,Newaygo County,MI,0.0,0.3,120.5,58.0,241.0
26125,Oakland County,MI,0.0,0.0,695.0,434.9,1053.0
26127,Oceana County,MI,0.0,0.0,204.0,104.9,370.1
26129,Ogemaw County,MI,0.0,4.7,210.0,88.0,403.0
26135,Oscoda County,MI,0.0,4.3,360.0,137.9,732.3000000000001
26137,Otsego County,MI,0.0,3.1,185.0,91.9,334.1
26139,Ottawa County,MI,0.4,3.2,55.0,26.900000000000006,106.0
26143,Roscommon County,MI,0.0,1.0,824.5,394.9,1389.3000000000002
26145,Saginaw County,MI,0.0,0.1,93.0,45.0,181.0
26147,St. Clair County,MI,0.0,0.0,112.5,67.0,192.10000000000002
26149,St. Joseph County,MI,0.0,0.0,468.5,222.0,875.3000000000001
26151,Sanilac County,MI,0.0,2.5,119.5,49.0,260.0
26155,Shiawassee County,MI,0.0,0.0,217.0,133.0,352.1
26157,Tuscola County,MI,0.1,0.7000000000000001,89.0,35.0,192.10000000000002
26159,Van Buren County,MI,0.0,0.0,661.0,477.9,872.1
26161,Washtenaw County,MI,0.0,0.0,252.0,140.0,476.0
26163,Wayne County,MI,31.8,23.1,16.0,5.0,49.0
26165,Wexford County,MI,0.0,0.8999999999999999,562.0,258.9,1032.0
27001,Aitkin County,MN,0.0,0.0,2337.0,2145.0,2423.0
27003,Anoka County,MN,0.0,0.0,1255.0,940.8,1509.0
27005,Becker County,MN,0.0,0.0,1758.0,1443.9,2049.3
27007,Beltrami County,MN,0.0,0.0,2156.0,1760.0,2386.1
27009,Benton County,MN,0.0,0.0,954.0,602.9,1411.3000000000002
27011,Big Stone County,MN,0.0,0.0,1488.0,1155.0,1838.1
27013,Blue Earth County,MN,0.0,0.0,537.5,360.9,799.2
27015,Brown County,MN,0.0,0.0,1627.0,1299.9,1880.1
27017,Carlton County,MN,0.0,0.0,1476.5,1193.0,1747.0
27019,Carver County,MN,0.0,0.0,1110.0,861.9,1360.1
27021,Cass County,MN,0.0,0.0,2270.0,2007.5,2400.0
27023,Chippewa County,MN,0.0,0.0,1245.0,804.0,1775.3000000000002
27025,Chisago County,MN,0.0,0.0,1193.5,830.2,1524.1
27027,Clay County,MN,0.0,0.0,538.5,423.9,680.2
27029,Clearwater County,MN,0.0,0.0,2170.0,1824.6,2362.1
27033,Cottonwood County,MN,0.0,0.0,674.0,469.8,1011.3000000000001
27035,Crow Wing County,MN,0.0,0.0,2348.0,2133.0,2445.0
27037,Dakota County,MN,0.0,0.0,288.0,139.0,579.1
27039,Dodge County,MN,0.0,0.0,1158.5,948.8,1339.0
27041,Douglas County,MN,0.0,0.0,1413.5,1045.9,1778.2
27043,Faribault County,MN,0.0,0.0,1431.0,1146.8,1704.0
27045,Fillmore County,MN,0.0,0.0,1427.5,1153.9,1699.0
27049,Goodhue County,MN,0.0,0.0,532.0,309.0,868.0
27051,Grant County,MN,0.0,0.0,1283.5,943.8,1667.1
27053,Hennepin County,MN,0.0,0.0,632.0,411.8,881.3000000000001
27055,Houston County,MN,0.0,0.0,842.5,646.8,1097.0
27057,Hubbard County,MN,0.0,0.0,2369.0,2178.5,2439.0
27059,Isanti County,MN,0.0,0.0,1466.0,1275.9,1608.1
27061,Itasca County,MN,0.0,0.1,845.5,464.9,1394.0
27063,Jackson County,MN,0.0,0.0,432.0,268.0,711.1
27065,Kanabec County,MN,0.0,0.0,2153.0,1915.9,2298.0
27067,Kandiyohi County,MN,0.0,0.0,1077.0,778.9,1443.0
27069,Kittson County,MN,0.0,0.0,2410.0,2284.0,2458.0
27071,Koochiching County,MN,0.0,0.0,2479.0,2477.0,2480.0
27073,Lac qui Parle County,MN,0.0,0.0,1752.5,1355.8,2114.0
27077,Lake of the Woods County,MN,0.0,0.0,2478.0,2477.0,2479.0
27079,Le Sueur County,MN,0.0,0.0,921.0,697.0,1152.0
27081,Lincoln County,MN,0.0,0.0,1502.0,1064.9,1939.3000000000002
27083,Lyon County,MN,0.0,0.0,814.0,451.8,1394.2
27085,McLeod County,MN,0.0,0.0,1212.0,935.0,1499.3000000000002
27087,Mahnomen County,MN,0.0,0.0,2015.5,1657.6,2236.1
27091,Martin County,MN,0.0,0.0,378.0,257.0,535.2
27093,Meeker County,MN,0.0,0.0,1489.5,1142.7,1828.1
27095,Mille Lacs County,MN,0.0,0.0,1717.0,1348.6,2052.3
27097,Morrison County,MN,0.0,0.0,1973.5,1689.9,2174.1
27099,Mower County,MN,0.0,0.0,349.0,234.9,508.1
27101,Murray County,MN,0.0,0.0,1796.5,1457.9,2064.0
27103,Nicollet County,MN,0.0,0.0,1240.5,919.8,1522.0
27105,Nobles County,MN,0.0,0.0,598.0,444.9,806.1
27107,Norman County,MN,0.0,0.0,2291.0,2085.8,2413.0
27109,Olmsted County,MN,0.0,0.0,553.0,363.0,841.2
27111,Otter Tail County,MN,0.0,0.0,698.5,420.9,1066.6000000000001
27115,Pine County,MN,0.0,0.0,1458.0,1156.7,1778.0
27117,Pipestone County,MN,0.0,0.0,2050.5,1824.0,2206.0
27119,Polk County,MN,0.0,0.0,1852.0,1399.9,2213.0
27121,Pope County,MN,0.0,0.0,1765.0,1397.9,2101.2
27123,Ramsey County,MN,0.0,0.0,195.5,112.0,336.0
27125,Red Lake County,MN,0.0,0.0,2480.0,2479.0,2481.0
27127,Redwood County,MN,0.0,0.0,831.0,514.0,1292.3000000000002
27129,Renville County,MN,0.0,0.0,1090.5,739.9,1537.1
27131,Rice County,MN,0.0,0.0,700.0,502.9,913.1
27133,Rock County,MN,0.0,0.0,1381.5,1127.9,1585.1
27135,Roseau County,MN,0.0,0.0,2480.0,2479.0,2481.0
27137,St. Louis County,MN,0.0,0.0,817.0,480.70000000000005,1247.2
27139,Scott County,MN,0.0,0.0,493.0,272.9,814.1
27141,Sherburne County,MN,0.0,0.0,366.0,211.0,625.1
27143,Sibley County,MN,0.0,0.0,1050.0,812.9,1325.1
27145,Stearns County,MN,0.0,0.0,767.0,558.8,993.1
27147,Steele County,MN,0.0,0.0,1494.0,1178.0,1803.1
27149,Stevens County,MN,0.0,0.0,2476.0,2476.0,2476.0
27151,Swift County,MN,0.0,0.0,1802.0,1278.8,2227.0
27153,Todd County,MN,0.0,0.0,2301.0,2048.9,2412.0
27155,Traverse County,MN,0.0,0.0,1906.5,1753.0,2051.0
27157,Wabasha County,MN,0.0,0.0,970.0,739.9,1215.0
27159,Wadena County,MN,0.0,0.0,2232.0,2014.9,2359.0
27161,Waseca County,MN,0.0,0.0,1783.0,1558.0,1985.1
27163,Washington County,MN,0.0,0.0,516.0,346.0,740.2
27165,Watonwan County,MN,0.0,0.0,1032.5,796.9,1249.0
27167,Wilkin County,MN,0.0,0.0,1763.5,1585.0,1932.0
27169,Winona County,MN,0.0,0.0,894.0,689.0,1092.1
27171,Wright County,MN,0.0,0.0,992.0,743.8,1266.1
27173,Yellow Medicine County,MN,0.0,0.0,1749.5,1346.8,2111.1
28001,Adams County,MS,0.0,0.0,2133.5,1518.9,2357.2
28003,Alcorn County,MS,0.0,0.0,2331.0,2287.0,2365.0
28005,Amite County,MS,0.0,0.0,1168.5,673.7,1570.0
28007,Attala County,MS,0.0,0.0,1060.5,850.0,1313.2
28009,Benton County,MS,0.0,0.0,1825.0,1452.0,2077.1
28011,Bolivar County,MS,0.0,0.0,2007.5,1329.0,2316.0
28013,Calhoun County,MS,0.0,0.0,2361.0,2253.9,2421.1
28015,Carroll County,MS,0.0,0.0,1777.5,1393.9,2082.0
28017,Chickasaw County,MS,0.0,0.0,1825.5,1390.9,2118.3
28019,Choctaw County,MS,0.0,0.0,1923.0,1717.9,2059.2
28021,Claiborne County,MS,0.0,0.1,781.0,322.0,1347.1
28023,Clarke County,MS,0.0,0.0,1841.0,1562.0,2068.2
28025,Clay County,MS,0.0,0.0,929.5,683.9,1219.1
28027,Coahoma County,MS,0.0,0.0,1119.5,507.9,1724.1
28029,Copiah County,MS,0.0,0.0,1697.5,1368.9,1947.0
28031,Covington County,MS,0.0,0.0,2310.0,2126.0,2393.0
28033,DeSoto County,MS,0.0,0.0,1061.5,580.7,1646.1
28035,Forrest County,MS,0.0,0.0,1715.0,1359.8,2023.0
28037,Franklin County,MS,0.0,0.0,1741.0,1139.0,2104.0
28039,George County,MS,0.0,0.0,2305.0,2207.0,2371.1
28041,Greene County,MS,0.0,0.0,2353.0,2270.0,2412.0
28043,Grenada County,MS,0.0,0.0,1521.0,957.0,1946.0
28045,Hancock County,MS,0.0,0.0,2064.0,1788.9,2238.2
28049,Hinds County,MS,0.0,0.0,736.5,479.0,1029.2
28051,Holmes County,MS,0.0,0.0,1249.5,627.5,1807.1
28053,Humphreys County,MS,0.0,0.0,1945.0,1251.1000000000001,2282.1
28055,Issaquena County,MS,0.0,0.0,2223.0,1654.7,2416.0
28057,Itawamba County,MS,0.0,0.0,2237.0,2074.9,2337.0
28061,Jasper County,MS,0.0,0.0,2365.0,2305.9,2408.0
28063,Jefferson County,MS,0.0,0.2,1477.5,786.9,1984.0
28067,Jones County,MS,0.0,0.0,2279.0,2120.9,2377.1
28069,Kemper County,MS,0.0,0.0,1776.0,1201.9,2114.1
28071,Lafayette County,MS,0.0,0.0,1616.5,1243.8,1916.0
28073,Lamar County,MS,0.0,0.0,2184.0,1915.9,2319.1
28075,Lauderdale County,MS,0.0,0.0,1665.0,1309.8,1948.1
28077,Lawrence County,MS,0.0,0.0,2326.0,2060.9,2414.1
28079,Leake County,MS,0.0,0.0,2013.5,1692.0,2188.0
28081,Lee County,MS,0.0,0.0,1970.5,1731.8,2148.2
28083,Leflore County,MS,0.0,0.0,1748.0,1045.8,2165.1
28085,Lincoln County,MS,0.0,0.0,1869.0,1573.0,2083.0
28087,Lowndes County,MS,0.0,0.0,1120.5,872.9,1400.2
28089,Madison County,MS,0.0,0.0,1197.0,660.9,1813.4
28091,Marion County,MS,0.0,0.0,1912.5,1589.9,2155.2
28093,Marshall County,MS,0.0,0.0,928.0,686.0,1244.1
28095,Monroe County,MS,0.0,0.0,1595.0,1491.0,1730.2
28097,Montgomery County,MS,0.0,0.0,1245.5,700.0,1766.2
28099,Neshoba County,MS,0.0,0.0,2129.0,1837.8,2289.0
28101,Newton County,MS,0.0,0.0,2440.0,2402.9,2456.0
28105,Oktibbeha County,MS,0.0,0.0,1043.5,763.0,1387.1
28107,Panola County,MS,0.0,0.0,506.5,238.9,906.1
28109,Pearl River County,MS,0.0,0.0,2101.0,1844.7,2256.1
28111,Perry County,MS,0.0,0.0,2322.0,2230.9,2389.1
28113,Pike County,MS,0.0,0.0,1146.0,623.9,1624.0
28115,Pontotoc County,MS,0.0,0.0,2079.5,1886.8,2208.0
28117,Prentiss County,MS,0.0,0.0,2182.0,2069.0,2254.0
28119,Quitman County,MS,0.0,0.0,1540.5,880.0,2005.9
28121,Rankin County,MS,0.0,0.0,2166.0,1857.0,2344.1
28123,Scott County,MS,0.0,0.0,1826.5,1390.9,2131.0
28125,Sharkey County,MS,0.0,0.0,1932.5,1222.0,2287.1
28127,Simpson County,MS,0.0,0.0,2425.0,2387.0,2444.0
28129,Smith County,MS,0.0,0.0,2462.0,2447.9,2467.0
28131,Stone County,MS,0.0,0.0,2340.0,2262.0,2384.1
28133,Sunflower County,MS,0.0,0.3,1488.0,680.9,2098.2
28135,Tallahatchie County,MS,0.0,0.0,1777.5,1111.9,2179.1
28137,Tate County,MS,0.0,0.0,2111.5,1920.6,2224.0
28139,Tippah County,MS,0.0,0.0,1985.0,1801.0,2112.0
28141,Tishomingo County,MS,0.0,0.0,1873.0,1657.9,2035.0
28143,Tunica County,MS,0.0,0.0,918.5,560.6,1386.3000000000002
28145,Union County,MS,0.0,0.0,1714.0,1338.4,1993.3000000000002
28147,Walthall County,MS,0.0,0.0,1670.0,1156.0,1981.1
28149,Warren County,MS,0.0,0.0,684.5,449.8,1076.7000000000003
28151,Washington County,MS,0.0,0.0,1570.0,796.6,2102.2
28153,Wayne County,MS,0.0,0.0,2283.0,2175.0,2360.0
28155,Webster County,MS,0.0,0.0,2219.5,2076.0,2308.0
28157,Wilkinson County,MS,0.0,0.0,1858.5,1193.6,2206.2
28159,Winston County,MS,0.0,0.0,1874.0,1466.8,2108.1
28161,Yalobusha County,MS,0.0,0.0,1229.5,719.9,1671.1
28163,Yazoo County,MS,0.0,0.0,1327.5,858.6,1760.2
29003,Andrew County,MO,0.0,0.0,1306.0,922.7,1749.5
29005,Atchison County,MO,0.0,0.0,646.5,396.9,1039.1
29007,Audrain County,MO,0.0,0.0,602.5,424.0,803.0
29009,Barry County,MO,0.0,0.0,1131.0,832.8,1507.1
29011,Barton County,MO,0.0,0.0,290.0,193.9,451.0
29013,Bates County,MO,0.0,0.0,410.0,309.9,547.0
29017,Bollinger County,MO,0.0,0.0,2176.0,2004.0,2288.0
29019,Boone County,MO,0.0,0.0,949.0,673.0,1254.2
29021,Buchanan County,MO,0.0,0.0,143.0,86.0,230.0
29023,Butler County,MO,0.0,0.0,2276.5,2156.9,2365.0
29025,Caldwell County,MO,0.0,0.0,1774.0,1537.9,1953.1
29027,Callaway County,MO,0.0,0.0,818.0,463.9,1313.4
29029,Camden County,MO,0.0,0.0,2384.0,2329.9,2414.0
29031,Cape Girardeau County,MO,0.0,0.0,536.5,370.9,759.0
29033,Carroll County,MO,0.0,0.0,1523.0,1271.0,1770.0
29035,Carter County,MO,0.0,0.0,2415.0,2236.0,2454.0
29037,Cass County,MO,0.0,0.0,565.5,300.70000000000005,1109.4
29039,Cedar County,MO,0.0,0.0,1060.5,797.7,1382.3000000000002
29041,Chariton County,MO,0.0,0.0,1750.0,1481.9,1935.0
29043,Christian County,MO,0.0,0.0,1833.0,1538.9,2066.1
29045,Clark County,MO,0.0,0.0,1692.0,1473.9,1844.0
29047,Clay County,MO,0.1,1.4000000000000001,67.0,31.0,165.10000000000002
29049,Clinton County,MO,0.0,0.0,1081.0,861.9,1318.2
29051,Cole County,MO,0.0,0.0,2153.0,1963.9,2281.1
29053,Cooper County,MO,0.0,0.0,1390.5,1085.9,1700.1
29055,Crawford County,MO,0.0,0.0,2079.0,1829.8,2245.0
29057,Dade County,MO,0.0,0.0,505.0,416.0,653.0
29059,Dallas County,MO,0.0,0.0,1705.5,1509.0,1888.1
29061,Daviess County,MO,0.0,0.0,1632.5,1394.9,1821.1
29063,DeKalb County,MO,0.0,0.0,962.0,660.9,1389.1
29065,Dent County,MO,0.0,0.0,2210.0,2083.9,2300.0
29071,Franklin County,MO,0.0,0.0,1732.5,1253.0,2104.1
29073,Gasconade County,MO,0.0,0.0,1788.5,1573.9,1991.1
29075,Gentry County,MO,0.0,0.0,1341.0,1113.0,1534.2
29077,Greene County,MO,0.0,0.0,315.0,183.0,625.0
29081,Harrison County,MO,0.0,0.0,1550.0,1255.6,1830.1
29085,Hickory County,MO,0.0,0.0,1884.0,1712.0,2050.0
29087,Holt County,MO,0.0,0.0,1275.5,1113.0,1445.1
29089,Howard County,MO,0.0,0.0,1774.5,1556.8,1937.0
29093,Iron County,MO,0.0,0.0,2415.0,2350.0,2443.0
29095,Jackson County,MO,0.0,0.0,42.0,25.0,91.0
29097,Jasper County,MO,0.0,0.0,601.5,400.0,940.3000000000001
29099,Jefferson County,MO,0.0,0.0,1448.0,892.9,1952.0
29101,Johnson County,MO,0.0,0.0,1432.0,1099.9,1729.3000000000002
29103,Knox County,MO,0.0,0.0,2025.0,1830.0,2171.1
29105,Laclede County,MO,0.0,0.0,1774.5,1544.7,1945.1
29107,Lafayette County,MO,0.0,0.0,533.0,316.0,938.2
29109,Lawrence County,MO,0.0,0.0,265.5,162.0,445.5000000000001
29111,Lewis County,MO,0.0,0.0,1213.5,1024.0,1409.1
29113,Lincoln County,MO,0.0,0.0,1393.0,974.9,1824.4
29115,Linn County,MO,0.0,0.0,1899.0,1712.7,2086.1
29119,McDonald County,MO,0.0,0.0,1495.5,1154.0,1835.2
29121,Macon County,MO,0.0,0.0,1380.5,1122.0,1601.1
29123,Madison County,MO,0.0,0.0,2411.0,2354.9,2442.0
29125,Maries County,MO,0.0,0.0,1884.0,1716.9,2015.2
29127,Marion County,MO,0.0,0.0,431.0,308.9,632.1
29131,Miller County,MO,0.0,0.0,2331.0,2226.9,2392.0
29133,Mississippi County,MO,0.0,0.0,1103.0,697.0,1540.0
29135,Moniteau County,MO,0.0,0.0,2102.0,1904.8,2226.0
29137,Monroe County,MO,0.0,0.0,1917.5,1730.9,2064.0
29139,Montgomery County,MO,0.0,0.0,934.0,649.0,1310.0
29143,New Madrid County,MO,0.0,0.0,1518.0,1304.8,1749.1
29145,Newton County,MO,0.0,0.0,1485.5,1167.9,1771.2
29147,Nodaway County,MO,0.0,0.0,860.5,553.9,1205.0
29151,Osage County,MO,0.0,0.0,1569.0,1375.0,1760.1
29155,Pemiscot County,MO,0.0,0.0,1716.0,1221.0,2054.2
29157,Perry County,MO,0.0,0.0,1378.0,1017.0,1700.0
29159,Pettis County,MO,0.0,0.0,1357.5,1087.0,1617.0
29161,Phelps County,MO,0.0,0.0,1786.5,1589.8,1929.1
29163,Pike County,MO,0.0,0.0,742.5,519.0,1061.3000000000002
29165,Platte County,MO,0.0,0.0,666.0,358.6,1214.1
29167,Polk County,MO,0.0,0.0,1547.0,1276.9,1789.4
29169,Pulaski County,MO,0.0,0.0,2227.0,2091.9,2306.0
29173,Ralls County,MO,0.0,0.0,912.0,674.8,1229.3000000000002
29175,Randolph County,MO,0.0,0.0,914.0,667.8,1212.0
29177,Ray County,MO,0.0,0.0,711.5,483.0,1048.1
29179,Reynolds County,MO,0.0,0.0,2443.0,2387.0,2464.0
29181,Ripley County,MO,0.0,0.0,2415.0,2252.0,2453.0
29183,St. Charles County,MO,0.0,0.0,1432.0,926.0,1916.3000000000002
29186,Ste. Genevieve County,MO,0.0,0.0,1717.0,1276.8,2061.3
29187,St. Francois County,MO,0.0,0.0,1514.0,1270.0,1736.5
29189,St. Louis County,MO,0.0,0.0,795.0,450.5,1232.0
29195,Saline County,MO,0.0,0.0,588.0,424.9,761.1
29199,Scotland County,MO,0.0,0.0,2267.0,2151.9,2337.0
29201,Scott County,MO,0.0,0.0,1560.5,1313.0,1791.0
29203,Shannon County,MO,0.0,0.0,2447.0,2342.0,2466.0
29205,Shelby County,MO,0.0,0.0,2217.0,2044.8,2334.1
29209,Stone County,MO,0.0,0.0,1970.5,1673.5,2171.0
29219,Warren County,MO,0.0,0.0,1279.0,815.9,1800.2
29221,Washington County,MO,0.0,0.0,1865.0,1650.9,2022.1
29223,Wayne County,MO,0.0,0.0,2447.0,2311.7,2467.0
29225,Webster County,MO,0.0,0.0,2036.0,1889.9,2141.0
29227,Worth County,MO,0.0,0.0,1803.0,1566.9,2007.1
29229,Wright County,MO,0.0,0.0,2365.0,2289.9,2406.0
30001,Beaverhead County,MT,0.0,0.0,1829.0,1520.6,2025.3000000000002
30003,Big Horn County,MT,0.6,11.600000000000001,107.5,30.0,258.1
30005,Blaine County,MT,0.0,0.0,2028.0,1498.0,2290.2
30007,Broadwater County,MT,0.0,0.0,1634.5,1359.8,1840.0
30009,Carbon County,MT,0.0,0.0,1760.0,1472.9,1953.0
30013,Cascade County,MT,0.0,0.0,854.5,591.9,1147.5
30015,Chouteau County,MT,0.0,0.0,2050.5,1765.9,2240.1
30017,Custer County,MT,0.0,0.0,854.5,607.8,1153.2
30021,Dawson County,MT,0.0,0.0,1850.0,1648.8,1996.1
30023,Deer Lodge County,MT,0.0,0.0,1401.0,1105.5,1736.1
30025,Fallon County,MT,0.0,0.0,2087.0,1884.9,2230.1
30029,Flathead County,MT,0.0,0.0,1430.0,1068.9,1769.1
30031,Gallatin County,MT,0.0,0.0,1724.5,1434.6,1936.0
30037,Golden Valley County,MT,0.0,0.0,1282.0,803.0,1796.1
30043,Jefferson County,MT,0.0,0.0,1517.0,1234.0,1746.1
30045,Judith Basin County,MT,0.0,0.0,1030.5,673.0,1398.2
30047,Lake County,MT,0.0,0.0,2066.0,1819.9,2223.1
30049,Lewis and Clark County,MT,0.0,0.0,1494.0,1125.8,1742.0
30053,Lincoln County,MT,0.0,0.0,1975.0,1612.8,2252.2
30055,McCone County,MT,0.0,0.0,2276.0,2082.9,2373.0
30059,Meagher County,MT,0.0,0.0,1803.0,1426.8,2025.1
30061,Mineral County,MT,0.0,0.0,1111.0,916.9,1358.0
30063,Missoula County,MT,0.0,0.0,1052.5,892.9,1235.2
30065,Musselshell County,MT,0.0,0.0,1731.0,1213.7,2102.4
30067,Park County,MT,0.0,0.0,1795.5,1490.7,2042.0
30071,Phillips County,MT,0.0,0.0,2215.5,1985.9,2326.1
30077,Powell County,MT,0.0,0.0,1466.0,1249.0,1653.1
30079,Prairie County,MT,0.0,0.0,1804.0,1542.7,2034.1
30081,Ravalli County,MT,0.0,0.0,2365.0,2242.9,2416.0
30083,Richland County,MT,0.0,0.0,1955.5,1396.8,2276.0
30085,Roosevelt County,MT,0.0,0.0,2300.0,1868.8,2431.0
30087,Rosebud County,MT,1.0999999999999999,2.6,60.0,23.0,154.10000000000002
30089,Sanders County,MT,0.0,0.0,892.5,615.0,1212.1
30093,Silver Bow County,MT,0.0,0.0,1269.5,1013.9,1564.0
30095,Stillwater County,MT,0.0,0.0,1081.0,676.8,1416.1
30097,Sweet Grass County,MT,0.0,0.0,1693.0,1314.6,1933.3000000000002
30099,Teton County,MT,0.0,0.0,2211.0,1923.9,2357.0
30103,Treasure County,MT,0.0,0.0,1182.0,895.9,1497.1
30105,Valley County,MT,0.0,0.0,2327.0,2150.0,2407.0
30107,Wheatland County,MT,0.0,0.0,1138.0,659.9,1636.6000000000001
30109,Wibaux County,MT,0.0,0.0,1449.0,1193.4,1709.0
30111,Yellowstone County,MT,3.6999999999999997,2.9000000000000004,31.0,14.0,68.0
31003,Antelope County,NE,0.0,0.0,1811.5,1400.8,2081.0
31011,Boone County,NE,0.0,0.0,2281.0,2143.0,2349.0
31015,Boyd County,NE,0.0,0.0,2088.0,1976.0,2165.0
31019,Buffalo County,NE,0.0,0.0,1872.0,1660.9,2041.1
31021,Burt County,NE,0.0,0.0,856.5,692.0,1073.1
31023,Butler County,NE,0.0,0.0,2141.0,1932.9,2254.0
31025,Cass County,NE,0.0,0.0,739.5,408.9,1322.5
31027,Cedar County,NE,0.0,0.0,1994.0,1768.9,2134.0
31037,Colfax County,NE,0.0,0.0,1973.0,1865.9,2050.0
31041,Custer County,NE,0.0,0.0,2395.0,2279.8,2435.1
31043,Dakota County,NE,0.0,0.0,43.0,27.0,70.0
31045,Dawes County,NE,0.0,0.0,2086.0,1983.9,2157.0
31047,Dawson County,NE,0.0,0.0,1956.5,1729.8,2151.2
31051,Dixon County,NE,0.0,0.0,1779.5,1550.0,1967.1
31053,Dodge County,NE,0.0,0.0,1679.5,1497.0,1825.0
31055,Douglas County,NE,0.0,0.2,53.0,29.0,116.0
31061,Franklin County,NE,0.0,0.0,2268.0,2110.9,2358.1
31077,Greeley County,NE,0.0,0.0,2344.0,2226.8,2403.0
31079,Hall County,NE,0.0,0.0,1363.0,1163.9,1602.1
31083,Harlan County,NE,0.0,0.0,2472.0,2463.0,2474.0
31093,Howard County,NE,0.0,0.0,2367.0,2251.8,2416.1
31097,Johnson County,NE,0.0,0.0,1704.5,1526.8,1895.1
31107,Knox County,NE,0.0,0.0,1928.0,1785.0,2019.0
31109,Lancaster County,NE,0.0,0.0,217.0,128.0,383.0
31113,Logan County,NE,0.0,0.0,2464.0,2430.0,2471.0
31121,Merrick County,NE,0.0,0.0,2139.5,1941.8,2264.0
31125,Nance County,NE,0.0,0.0,2363.0,2293.0,2410.0
31127,Nemaha County,NE,0.0,0.0,535.0,340.0,881.1
31131,Otoe County,NE,0.0,0.0,607.5,359.0,1053.4
31133,Pawnee County,NE,0.0,0.0,2150.5,2066.9,2208.0
31137,Phelps County,NE,0.0,0.0,2366.0,2257.0,2417.2
31141,Platte County,NE,0.0,0.0,1311.5,1165.9,1439.0
31147,Richardson County,NE,0.0,0.0,1654.0,1428.0,1854.0
31153,Sarpy County,NE,0.0,0.0,686.5,375.9,1188.1
31155,Saunders County,NE,0.0,0.0,1301.5,1012.8,1612.0
31159,Seward County,NE,0.0,0.0,1997.0,1701.6,2176.3
31163,Sherman County,NE,0.0,0.0,2282.0,2159.0,2357.0
31165,Sioux County,NE,0.0,0.0,2424.0,2349.0,2455.0
31173,Thurston County,NE,0.0,0.0,544.5,401.0,757.1
31177,Washington County,NE,0.0,0.0,214.0,157.0,286.0
31181,Webster County,NE,0.0,0.0,2311.5,2163.8,2381.0
31183,Wheeler County,NE,0.0,0.0,2451.0,2422.0,2463.0
32003,Clark County,NV,0.4,2.4,98.0,35.0,253.0
32007,Elko County,NV,0.0,0.0,1997.0,1663.0,2204.0
32019,Lyon County,NV,0.0,0.0,1191.0,729.0,1727.1
32021,Mineral County,NV,0.0,0.0,1799.0,1205.7,2196.1
32027,Pershing County,NV,0.0,0.0,1682.0,1123.9,2159.3
32029,Storey County,NV,0.0,0.0,920.5,592.6,1286.0
32031,Washoe County,NV,0.0,0.0,492.5,253.0,854.2
32033,White Pine County,NV,0.0,0.0,1567.0,1098.4,1941.0
33001,Belknap County,NH,0.0,0.0,1679.0,1399.9,1887.1
33003,Carroll County,NH,0.0,0.0,2143.0,1830.7,2322.0
33005,Cheshire County,NH,0.0,0.0,708.5,461.9,1018.0
33007,Coos County,NH,0.0,0.0,1642.5,1149.0,2074.0
33009,Grafton County,NH,0.0,0.0,851.5,556.6,1173.1
33011,Hillsborough County,NH,0.0,0.0,252.5,167.0,401.0
33013,Merrimack County,NH,0.0,0.0,808.0,531.0,1150.1
33015,Rockingham County,NH,0.0,0.0,288.0,131.0,624.1
33017,Strafford County,NH,0.0,0.0,674.5,371.8,1040.1
33019,Sullivan County,NH,0.0,0.0,1303.0,916.0,1656.2
34005,Burlington County,NJ,0.0,0.0,1115.0,755.0,1529.2
34007,Camden County,NJ,0.0,0.0,776.0,520.9,1108.2
34015,Gloucester County,NJ,0.0,0.0,954.0,688.9,1255.0
34019,Hunterdon County,NJ,0.0,0.0,1277.0,897.5,1653.0
34021,Mercer County,NJ,0.0,0.0,812.5,540.0,1126.2
34027,Morris County,NJ,0.0,0.0,743.5,439.0,1148.0
34033,Salem County,NJ,0.0,0.0,720.0,516.9,982.0
34035,Somerset County,NJ,0.0,0.0,1373.0,968.0,1775.0
34037,Sussex County,NJ,0.0,0.0,1595.5,1329.9,1841.1
34041,Warren County,NJ,0.0,0.0,915.5,670.0,1187.1
35001,Bernalillo County,NM,0.0,0.2,632.5,303.9,1029.2
35003,Catron County,NM,0.0,0.0,1474.0,861.8,2056.3
35028,Los Alamos County,NM,0.0,0.0,1830.5,1398.8,2172.1
35031,McKinley County,NM,0.3,16.2,280.5,62.900000000000006,840.3000000000001
35039,Rio Arriba County,NM,0.0,0.0,585.5,375.0,852.1
35043,Sandoval County,NM,0.0,0.0,1341.5,837.9,1766.2
35045,San Juan County,NM,0.2,1.7999999999999998,99.0,37.0,243.20000000000005
35053,Socorro County,NM,0.0,0.6,1205.0,542.9,1876.5
35055,Taos County,NM,0.0,0.0,611.5,406.0,868.1
35061,Valencia County,NM,0.0,0.0,1694.0,1260.4,2047.1
37001,Alamance County,NC,0.0,0.0,947.0,628.9,1336.1
37003,Alexander County,NC,0.0,0.0,1946.0,1653.0,2169.0
37005,Alleghany County,NC,0.0,0.0,1090.5,855.9,1360.1
37007,Anson County,NC,0.0,0.0,508.0,380.9,682.2
37009,Ashe County,NC,0.0,0.0,1502.0,1225.0,1756.0
37011,Avery County,NC,0.0,0.0,1987.0,1804.9,2111.1
37013,Beaufort County,NC,0.0,0.0,2105.0,1916.8,2248.1
37015,Bertie County,NC,0.0,0.0,808.5,484.70000000000005,1242.0
37017,Bladen County,NC,0.0,0.0,465.5,239.0,795.5000000000001
37021,Buncombe County,NC,0.0,0.0,573.0,322.9,1026.2
37023,Burke County,NC,0.0,0.0,1307.0,1070.9,1570.1
37027,Caldwell County,NC,0.0,0.0,1831.0,1566.0,2054.1
37029,Camden County,NC,0.0,0.0,2444.5,2317.9,2471.0
37033,Caswell County,NC,0.0,0.0,1355.0,1048.9,1684.3000000000002
37035,Catawba County,NC,0.0,0.0,953.5,663.9,1364.4
37037,Chatham County,NC,0.0,0.0,1360.5,893.9,1839.3000000000002
37041,Chowan County,NC,0.0,0.0,1778.5,1573.9,1932.0
37045,Cleveland County,NC,0.0,0.0,496.0,325.0,755.2
37047,Columbus County,NC,0.0,0.0,693.0,457.9,1046.2
37051,Cumberland County,NC,0.0,0.0,347.0,278.0,469.20000000000005
37053,Currituck County,NC,0.0,0.0,2339.0,2031.9,2446.0
37057,Davidson County,NC,0.0,0.0,975.0,617.0,1453.1
37059,Davie County,NC,0.0,0.0,1759.5,1314.0,2121.1
37061,Duplin County,NC,0.0,0.0,1473.0,1203.0,1665.1
37063,Durham County,NC,0.0,0.0,971.0,567.0,1544.0
37065,Edgecombe County,NC,0.0,0.0,243.0,173.0,353.1
37067,Forsyth County,NC,0.0,0.0,733.5,586.0,933.1
37069,Franklin County,NC,0.0,0.0,1610.5,1163.9,2030.1
37071,Gaston County,NC,0.0,0.0,421.5,201.0,916.2
37073,Gates County,NC,0.0,0.0,2075.0,1806.8,2231.1
37077,Granville County,NC,0.0,0.0,996.5,648.7,1446.0
37079,Greene County,NC,0.0,0.0,2096.0,1958.8,2176.1
37081,Guilford County,NC,0.0,0.0,145.0,100.0,210.0
37083,Halifax County,NC,0.2,1.0,48.0,21.0,90.0
37085,Harnett County,NC,0.0,0.0,1492.0,1132.0,1851.1
37087,Haywood County,NC,0.0,0.0,1042.0,759.0,1341.3000000000002
37089,Henderson County,NC,0.0,0.0,1183.5,812.9,1629.7000000000003
37091,Hertford County,NC,0.0,0.0,1709.0,1434.0,1924.0
37093,Hoke County,NC,0.0,0.0,1316.0,1008.8,1641.2
37097,Iredell County,NC,0.0,0.0,794.5,535.9,1180.1
37099,Jackson County,NC,0.0,0.0,905.5,659.0,1163.2
37101,Johnston County,NC,0.0,0.0,1529.0,992.5,2010.6000000000001
37103,Jones County,NC,0.0,0.0,2033.0,1761.9,2202.3
37105,Lee County,NC,0.0,0.0,1435.0,1084.9,1788.0
37107,Lenoir County,NC,0.0,0.0,1284.5,1055.0,1475.1
37109,Lincoln County,NC,0.0,0.0,1405.0,865.7,1971.1
37111,McDowell County,NC,0.0,0.0,1743.0,1511.9,1950.1
37113,Macon County,NC,0.0,0.0,1922.0,1597.0,2126.0
37115,Madison County,NC,0.0,0.0,1650.0,1374.9,1888.2
37117,Martin County,NC,0.0,0.0,1669.5,1437.9,1856.0
37119,Mecklenburg County,NC,0.0,0.0,307.0,183.0,573.0
37121,Mitchell County,NC,0.0,0.0,1625.0,1437.9,1762.1
37123,Montgomery County,NC,0.0,0.0,1421.5,1146.9,1723.5
37125,Moore County,NC,0.0,0.0,1965.0,1587.0,2250.0
37127,Nash County,NC,0.0,0.0,432.0,317.0,594.2
37131,Northampton County,NC,0.0,0.0,444.5,298.0,659.4000000000001
37135,Orange County,NC,0.0,0.0,1202.0,809.0,1675.0
37137,Pamlico County,NC,0.0,0.0,2405.0,2316.0,2443.0
37139,Pasquotank County,NC,0.0,0.0,2268.0,2077.8,2366.0
37141,Pender County,NC,0.0,0.0,2276.5,2004.9,2398.0
37143,Perquimans County,NC,0.0,0.0,2071.0,1821.0,2234.0
37145,Person County,NC,0.0,0.0,842.0,541.9,1218.0
37147,Pitt County,NC,0.0,0.0,876.5,613.0,1213.1
37149,Polk County,NC,0.0,0.0,1939.5,1660.5,2151.0
37151,Randolph County,NC,0.0,0.0,220.0,159.0,315.0
37153,Richmond County,NC,0.0,0.0,323.5,217.0,522.0
37155,Robeson County,NC,0.0,0.0,124.0,56.0,277.0
37157,Rockingham County,NC,0.0,0.0,127.0,91.9,174.0
37159,Rowan County,NC,0.0,0.0,913.0,595.0,1361.2
37161,Rutherford County,NC,0.0,0.0,1134.0,873.0,1444.1
37163,Sampson County,NC,0.0,0.0,1466.0,1253.8,1632.0
37165,Scotland County,NC,0.0,0.0,625.0,412.0,968.4000000000001
37169,Stokes County,NC,0.0,0.0,1740.0,1350.0,2065.3
37171,Surry County,NC,0.0,0.0,1494.0,1171.9,1799.0
37175,Transylvania County,NC,0.0,0.0,1411.5,1111.8,1726.0
37177,Tyrrell County,NC,0.0,0.0,2470.0,2444.0,2475.0
37179,Union County,NC,0.0,0.0,1680.0,1294.7,2033.0
37181,Vance County,NC,0.0,0.0,543.0,355.9,861.7000000000002
37183,Wake County,NC,0.0,0.0,266.0,129.0,584.2
37185,Warren County,NC,0.0,0.0,978.0,686.9,1224.0
37187,Washington County,NC,0.0,0.0,1640.5,1109.0,2042.1
37189,Watauga County,NC,0.0,0.0,1828.0,1607.9,2019.1
37191,Wayne County,NC,0.0,0.0,1113.0,764.9,1480.4
37193,Wilkes County,NC,0.0,0.0,1175.0,1006.0,1367.1
37195,Wilson County,NC,0.0,0.0,886.0,695.9,1107.1
37197,Yadkin County,NC,0.0,0.0,1873.0,1539.9,2124.0
37199,Yancey County,NC,0.0,0.0,1271.0,1084.7,1436.0
38001,Adams County,ND,0.0,0.0,1814.5,1408.0,2144.1
38003,Barnes County,ND,0.0,0.0,1217.0,961.8,1459.1
38005,Benson County,ND,0.0,0.0,1903.0,1368.6,2201.0
38007,Billings County,ND,0.0,0.0,1532.5,1232.9,1777.1
38011,Bowman County,ND,0.0,0.0,1921.0,1519.9,2232.0
38013,Burke County,ND,0.0,0.0,2342.5,2111.0,2442.0
38015,Burleigh County,ND,0.0,0.1,365.0,166.9,669.0
38017,Cass County,ND,0.0,0.0,607.0,431.0,818.0
38021,Dickey County,ND,0.0,0.0,1142.0,643.0,1620.2
38023,Divide County,ND,0.0,0.0,2426.0,2363.0,2456.0
38025,Dunn County,ND,0.0,0.0,1256.5,722.9,1901.0
38027,Eddy County,ND,0.0,0.0,1606.0,1315.8,1899.2
38029,Emmons County,ND,0.0,0.0,917.5,582.8,1308.4
38031,Foster County,ND,0.0,0.0,2140.0,1885.9,2311.0
38033,Golden Valley County,ND,0.0,0.0,1586.0,1384.9,1761.2
38035,Grand Forks County,ND,0.0,0.0,750.0,582.6,975.1
38037,Grant County,ND,0.0,0.0,2142.0,1775.0,2366.0
38039,Griggs County,ND,0.0,0.0,2312.0,2119.9,2426.0
38041,Hettinger County,ND,0.0,0.0,2144.5,1851.7,2342.1
38043,Kidder County,ND,0.0,0.0,1139.0,839.0,1416.1
38045,LaMoure County,ND,0.0,0.0,1929.0,1536.0,2196.4
38047,Logan County,ND,0.0,0.0,1620.0,1270.0,1905.1
38049,McHenry County,ND,0.0,0.0,1945.0,1644.8,2194.1
38051,McIntosh County,ND,0.0,0.0,989.5,609.9,1425.2
38053,McKenzie County,ND,0.0,0.0,1479.5,1077.9,1839.2
38055,McLean County,ND,0.0,0.0,787.0,316.8,1617.2
38057,Mercer County,ND,0.1,2.4,171.0,59.0,442.1
38059,Morton County,ND,2.3,2.7,50.0,20.0,107.10000000000002
38061,Mountrail County,ND,0.0,0.0,1888.0,1530.0,2168.0
38063,Nelson County,ND,0.0,0.0,2217.5,2040.8,2345.0
38065,Oliver County,ND,1.0,2.5,70.5,25.0,173.20000000000005
38067,Pembina County,ND,0.0,0.0,2138.5,1666.9,2326.0
38069,Pierce County,ND,0.0,0.0,2089.5,1842.9,2281.0
38071,Ramsey County,ND,0.0,0.0,2244.0,2029.0,2391.0
38073,Ransom County,ND,0.0,0.0,1856.5,1694.9,2002.1
38077,Richland County,ND,0.0,0.0,767.0,629.0,967.1
38079,Rolette County,ND,0.0,0.0,2046.0,1465.0,2325.0
38081,Sargent County,ND,0.0,0.0,1795.5,1513.8,2032.1
38083,Sheridan County,ND,0.0,0.0,1592.0,1209.9,1957.1
38085,Sioux County,ND,0.0,0.0,1007.0,558.9,1538.1
38087,Slope County,ND,0.0,0.0,2070.0,1724.9,2320.0
38089,Stark County,ND,0.0,0.0,350.0,197.9,583.0
38091,Steele County,ND,0.0,0.0,2478.0,2477.0,2479.0
38093,Stutsman County,ND,0.0,0.0,541.0,308.70000000000005,906.3000000000001
38095,Towner County,ND,0.0,0.0,2468.0,2440.0,2473.0
38097,Traill County,ND,0.0,0.0,2103.0,1896.0,2239.0
38099,Walsh County,ND,0.0,0.0,2209.0,2030.0,2317.0
38101,Ward County,ND,0.0,0.0,1989.5,1671.9,2246.1
38103,Wells County,ND,0.0,0.0,1962.0,1564.9,2255.0
38105,Williams County,ND,0.0,0.0,1016.0,509.9,1575.3000000000002
39001,Adams County,OH,0.0,0.0,1138.5,743.0,1660.2
39003,Allen County,OH,0.0,1.7000000000000002,655.5,252.9,1351.2
39005,Ashland County,OH,0.0,0.0,1973.5,1465.7,2288.2
39007,Ashtabula County,OH,0.0,0.0,696.5,270.0,1423.2
39009,Athens County,OH,0.0,0.0,1665.0,936.9,2161.1
39011,Auglaize County,OH,0.0,0.0,1540.0,1143.0,1895.2
39013,Belmont County,OH,0.0,0.0,451.0,199.9,961.1
39015,Brown County,OH,0.0,0.0,1452.0,1093.9,1801.0
39017,Butler County,OH,0.0,0.0,523.0,262.0,968.0
39019,Carroll County,OH,0.0,0.0,1282.5,747.9,1878.5
39021,Champaign County,OH,0.0,0.0,1948.0,1767.0,2077.0
39023,Clark County,OH,0.0,0.0,1144.0,821.9,1524.2
39025,Clermont County,OH,0.0,0.0,1056.0,578.0,1627.4
39027,Clinton County,OH,0.0,0.0,488.5,313.0,780.1
39029,Columbiana County,OH,0.0,0.0,659.0,257.9,1403.0
39031,Coshocton County,OH,0.0,0.0,872.5,453.9,1439.1
39033,Crawford County,OH,0.0,0.0,759.5,487.9,1120.1
39035,Cuyahoga County,OH,0.0,1.2,492.5,199.0,1019.1
39037,Darke County,OH,0.0,0.0,2257.0,2092.9,2367.0
39039,Defiance County,OH,0.0,0.0,1977.5,1680.0,2212.1
39041,Delaware County,OH,0.0,0.0,1727.5,1205.4,2114.0
39043,Erie County,OH,0.0,0.0,269.0,153.0,505.0
39045,Fairfield County,OH,0.0,0.0,1386.0,973.9,1762.1
39047,Fayette County,OH,0.0,0.0,1355.5,932.7,1720.2
39049,Franklin County,OH,0.0,0.0,586.0,314.8,1041.3000000000002
39051,Fulton County,OH,0.0,0.0,239.5,131.0,458.5000000000001
39053,Gallia County,OH,0.0,0.0,2047.5,1631.8,2323.0
39055,Geauga County,OH,0.0,0.0,1823.0,1353.8,2159.6000000000004
39057,Greene County,OH,0.0,0.0,904.0,494.0,1434.0
39059,Guernsey County,OH,0.0,0.0,1417.5,829.8,2001.2
39061,Hamilton County,OH,0.0,0.0,608.0,258.0,1266.5
39063,Hancock County,OH,0.0,0.0,661.0,426.9,1024.0
39065,Hardin County,OH,0.0,0.0,1071.0,856.9,1284.1
39067,Harrison County,OH,0.0,0.0,1293.0,879.8,1724.5
39069,Henry County,OH,0.0,0.0,1315.5,926.0,1756.0
39071,Highland County,OH,0.0,0.0,1030.5,834.9,1265.1
39073,Hocking County,OH,0.0,0.0,2291.0,2086.0,2411.1
39075,Holmes County,OH,0.0,0.0,1888.5,1425.4,2226.0
39077,Huron County,OH,0.0,0.0,676.0,351.8,1188.1
39079,Jackson County,OH,0.0,0.0,1794.0,1351.8,2099.1
39081,Jefferson County,OH,0.0,0.2,333.0,126.0,806.0
39083,Knox County,OH,0.0,0.0,1326.5,935.8,1767.2
39085,Lake County,OH,0.0,0.0,517.0,264.9,892.1
39087,Lawrence County,OH,0.0,0.0,1897.0,1404.5,2262.0
39089,Licking County,OH,0.0,0.0,1315.5,967.2,1664.1
39091,Logan County,OH,0.0,0.0,1865.5,1649.9,2036.0
39093,Lorain County,OH,0.0,0.0,666.5,342.0,1141.3000000000002
39095,Lucas County,OH,5.5,26.8,115.0,17.0,456.5000000000001
39097,Madison County,OH,0.0,0.0,1111.0,771.0,1472.0
39099,Mahoning County,OH,0.0,4.7,471.5,157.9,1164.4
39101,Marion County,OH,0.0,0.0,1333.5,877.9,1766.0
39103,Medina County,OH,0.0,0.0,1442.0,933.8,1901.1
39105,Meigs County,OH,0.0,0.0,789.0,489.9,1207.1
39107,Mercer County,OH,0.0,0.0,2289.5,2140.6,2386.0
39109,Miami County,OH,0.0,0.0,1541.5,1206.9,1843.4
39111,Monroe County,OH,0.0,0.0,1269.0,708.8,1897.4
39113,Montgomery County,OH,0.0,0.0,964.0,606.9,1443.0000000000002
39115,Morgan County,OH,0.0,0.0,1785.0,1263.9,2199.1
39117,Morrow County,OH,0.0,0.0,1932.0,1648.6,2136.1
39119,Muskingum County,OH,0.0,0.0,1339.0,787.5,1937.0
39121,Noble County,OH,0.0,0.0,1663.5,1093.0,2131.0
39123,Ottawa County,OH,0.0,0.0,275.5,135.9,569.0
39125,Paulding County,OH,0.0,0.0,1697.0,1391.0,1936.1
39127,Perry County,OH,0.0,0.0,1190.0,781.7,1691.1
39129,Pickaway County,OH,0.0,0.0,1157.0,871.8,1475.1
39131,Pike County,OH,0.0,0.0,1953.5,1409.8,2285.2
39133,Portage County,OH,0.0,0.0,543.0,235.9,1122.9
39135,Preble County,OH,0.0,0.0,2054.0,1834.9,2217.1
39137,Putnam County,OH,0.0,0.0,1550.0,1266.0,1785.1
39139,Richland County,OH,0.0,0.0,1116.5,716.8,1614.5
39141,Ross County,OH,0.0,0.0,1482.0,1037.8,1861.2
39143,Sandusky County,OH,0.0,0.0,783.0,418.9,1346.5
39145,Scioto County,OH,0.0,0.0,1917.0,1326.9,2266.1
39147,Seneca County,OH,0.0,0.0,674.5,347.30000000000007,1164.1
39149,Shelby County,OH,0.0,0.0,1809.0,1464.9,2119.0
39151,Stark County,OH,0.0,4.3999999999999995,502.5,169.0,1152.2
39153,Summit County,OH,0.0,3.8,589.5,200.0,1289.2
39155,Trumbull County,OH,0.0,1.5,274.5,85.9,748.0
39157,Tuscarawas County,OH,0.0,0.0,1500.0,906.0,2041.2
39159,Union County,OH,0.0,0.0,1496.5,1122.7,1832.0
39161,Van Wert County,OH,0.0,0.0,905.0,647.9,1176.0
39163,Vinton County,OH,0.0,0.0,2085.0,1691.6,2294.0
39165,Warren County,OH,0.0,0.0,1428.0,885.0,1913.1
39167,Washington County,OH,0.0,0.0,996.0,460.8,1719.1
39169,Wayne County,OH,0.0,0.0,1189.0,783.5,1638.1
39171,Williams County,OH,0.0,0.0,1937.0,1574.1000000000001,2236.1
39173,Wood County,OH,0.0,1.0,191.0,79.0,424.1
39175,Wyandot County,OH,0.0,0.0,1196.0,900.0,1568.1
40001,Adair County,OK,0.0,0.0,582.0,391.0,937.0
40003,Alfalfa County,OK,0.0,0.0,2431.0,2372.0,2452.0
40005,Atoka County,OK,0.0,0.0,625.5,486.0,852.0
40007,Beaver County,OK,0.0,0.0,2179.0,1861.9,2314.0
40011,Blaine County,OK,0.0,0.0,1734.0,1397.0,1970.1
40013,Bryan County,OK,0.0,0.0,497.0,327.0,808.1
40015,Caddo County,OK,0.0,0.0,1406.0,881.9,1858.0
40017,Canadian County,OK,0.0,0.1,807.0,321.0,1545.0000000000002
40019,Carter County,OK,0.0,0.0,542.0,359.0,843.1
40021,Cherokee County,OK,0.0,0.0,321.0,199.0,555.1
40023,Choctaw County,OK,0.0,0.0,226.5,113.0,447.1
40027,Cleveland County,OK,0.0,0.0,409.0,181.0,963.1
40029,Coal County,OK,0.0,0.0,281.0,133.0,568.4000000000001
40031,Comanche County,OK,0.0,0.0,466.0,266.9,825.3000000000001
40033,Cotton County,OK,0.0,0.0,1163.0,877.9,1506.2
40035,Craig County,OK,0.0,0.0,282.0,202.0,444.0
40037,Creek County,OK,0.0,0.0,1091.5,713.9,1505.2
40039,Custer County,OK,0.0,0.0,1700.5,1274.8,1961.1
40041,Delaware County,OK,0.0,0.0,1193.0,879.0,1525.0
40043,Dewey County,OK,0.0,0.0,1702.0,1193.6,2026.1
40045,Ellis County,OK,0.0,0.0,2158.0,1814.0,2324.0
40047,Garfield County,OK,0.0,0.0,1055.5,684.9,1367.1
40051,Grady County,OK,0.0,0.0,1412.0,816.0,1900.3000000000002
40053,Grant County,OK,0.0,0.0,2152.0,1812.9,2303.0
40059,Harper County,OK,0.0,0.0,2389.0,2271.0,2433.0
40061,Haskell County,OK,0.0,0.0,858.0,646.8,1161.0
40063,Hughes County,OK,0.0,0.0,418.0,206.0,781.2
40067,Jefferson County,OK,0.0,0.0,1955.0,1762.8,2145.1
40069,Johnston County,OK,0.0,0.2,169.0,64.0,365.30000000000007
40071,Kay County,OK,0.0,0.0,1148.5,693.0,1540.0
40073,Kingfisher County,OK,0.0,0.0,1768.0,1226.0,2105.0
40075,Kiowa County,OK,0.0,0.0,2188.0,1874.7,2352.0
40079,Le Flore County,OK,0.0,0.0,1031.0,694.9,1457.2
40081,Lincoln County,OK,0.0,0.0,1069.5,675.7,1508.0
40083,Logan County,OK,0.0,0.0,935.0,489.70000000000005,1476.1
40085,Love County,OK,0.0,0.0,1154.0,862.7,1490.0
40087,McClain County,OK,0.0,0.0,1827.5,1296.8,2203.1
40089,McCurtain County,OK,0.2,2.1999999999999997,140.5,46.0,318.1
40091,McIntosh County,OK,0.0,0.0,867.0,568.8,1227.2
40093,Major County,OK,0.0,0.0,2343.0,2193.8,2401.0
40095,Marshall County,OK,0.0,0.0,1040.0,779.9,1329.1
40097,Mayes County,OK,64.2,20.4,6.0,1.0,32.10000000000002
40099,Murray County,OK,0.0,0.0,1339.0,873.0,1758.1
40101,Muskogee County,OK,0.0,0.4,104.0,47.0,236.0
40103,Noble County,OK,0.0,0.0,872.0,424.9,1473.0
40105,Nowata County,OK,0.0,0.0,572.5,388.0,844.0
40107,Okfuskee County,OK,0.0,0.0,510.5,304.9,854.0
40109,Oklahoma County,OK,0.0,0.0,251.5,162.9,413.1
40111,Okmulgee County,OK,0.0,0.0,1143.5,879.8,1434.2
40113,Osage County,OK,0.0,0.0,1196.0,866.9,1583.1
40115,Ottawa County,OK,0.0,0.0,336.5,212.0,531.2
40117,Pawnee County,OK,0.0,0.0,1133.5,838.0,1469.0
40119,Payne County,OK,0.0,0.0,237.0,143.0,414.1
40121,Pittsburg County,OK,0.0,0.0,520.0,384.9,751.0
40123,Pontotoc County,OK,0.0,0.0,615.0,432.9,862.0
40125,Pottawatomie County,OK,0.0,0.0,341.0,215.0,551.0
40127,Pushmataha County,OK,0.0,0.0,972.0,649.0,1386.1
40129,Roger Mills County,OK,0.0,0.0,2010.0,1638.9,2201.0
40131,Rogers County,OK,0.0,0.1,104.0,61.900000000000006,172.0
40133,Seminole County,OK,0.0,0.1,296.5,122.9,611.1
40135,Sequoyah County,OK,0.0,0.0,907.0,573.0,1305.0
40137,Stephens County,OK,0.0,0.0,1452.5,1086.9,1789.1
40139,Texas County,OK,0.0,0.0,1881.5,1491.6,2144.0
40141,Tillman County,OK,0.0,0.0,1531.5,1191.9,1801.1
40143,Tulsa County,OK,0.0,0.0,144.0,83.0,265.1
40145,Wagoner County,OK,0.0,0.0,865.5,473.8,1469.2
40147,Washington County,OK,0.0,0.0,749.5,573.0,1031.1
40149,Washita County,OK,0.0,0.0,2124.5,1800.6,2283.1
40151,Woods County,OK,0.0,0.0,2010.0,1632.9,2208.0
40153,Woodward County,OK,0.0,0.0,1729.5,1280.8,1982.5
41001,Baker County,OR,0.0,0.0,1095.5,615.9,1494.1
41003,Benton County,OR,0.0,0.0,744.0,425.9,1112.3000000000002
41005,Clackamas County,OR,21.4,13.600000000000001,21.0,7.0,98.0
41009,Columbia County,OR,0.0,0.4,84.0,46.0,147.10000000000002
41013,Crook County,OR,0.0,0.0,628.0,308.0,1076.1
41015,Curry County,OR,0.0,0.0,1838.5,1365.6,2139.0
41017,Deschutes County,OR,0.0,0.0,558.5,263.8,982.3000000000001
41019,Douglas County,OR,0.0,0.0,250.0,102.0,549.0
41021,Gilliam County,OR,0.5,2.1999999999999997,65.0,27.0,149.0
41027,Hood River County,OR,0.0,0.0,953.0,435.0,1591.1
41029,Jackson County,OR,0.0,0.0,60.0,37.0,106.0
41031,Jefferson County,OR,0.0,0.0,884.5,442.9,1424.2
41033,Josephine County,OR,0.0,0.0,757.5,490.9,1066.0
41035,Klamath County,OR,0.0,0.0,498.5,285.0,760.1
41039,Lane County,OR,6.6000000000000005,8.7,33.0,12.0,120.0
41041,Lincoln County,OR,0.0,0.0,1321.0,921.5,1690.1
41043,Linn County,OR,0.7000000000000001,4.3999999999999995,38.0,17.0,110.0
41045,Malheur County,OR,0.0,0.0,1055.0,581.9,1473.5
41047,Marion County,OR,0.1,6.1,50.0,19.0,173.0
41049,Morrow County,OR,4.8,7.199999999999999,53.0,15.0,147.0
41051,Multnomah County,OR,34.5,23.3,16.0,5.0,95.10000000000002
41053,Polk County,OR,0.0,0.0,503.0,216.70000000000002,942.0
41055,Sherman County,OR,0.0,0.7000000000000001,203.5,74.0,515.0
41057,Tillamook County,OR,0.0,0.0,1340.5,889.9,1759.1
41059,Umatilla County,OR,0.0,0.0,543.5,275.9,879.1
41061,Union County,OR,0.0,0.0,1601.5,1146.6,1961.5
41063,Wallowa County,OR,0.0,0.0,2160.5,1832.8,2301.0
41065,Wasco County,OR,0.0,0.1,346.5,115.0,884.4000000000001
41067,Washington County,OR,2.4,11.5,76.0,19.0,372.0
41071,Yamhill County,OR,0.0,2.3,206.0,58.0,662.0
42001,Adams County,PA,0.0,0.0,1562.5,1236.0,1843.0
42003,Allegheny County,PA,0.0,0.8,572.0,253.8,1077.4
42005,Armstrong County,PA,0.0,0.0,226.0,114.0,450.30000000000007
42007,Beaver County,PA,0.0,4.3999999999999995,97.0,35.0,257.20000000000005
42009,Bedford County,PA,0.0,0.0,1716.5,1315.0,2049.0
42011,Berks County,PA,0.0,0.0,791.0,475.8,1194.0
42013,Blair County,PA,0.0,0.0,412.0,248.0,637.5000000000001
42015,Bradford County,PA,0.0,0.0,328.0,184.0,596.0
42017,Bucks County,PA,0.0,0.0,1811.0,1356.6,2153.3
42019,Butler County,PA,0.0,0.2,442.0,212.9,861.2
42021,Cambria County,PA,0.0,0.2,108.0,51.0,223.0
42023,Cameron County,PA,0.0,0.0,1933.5,1381.0,2235.1
42025,Carbon County,PA,0.0,0.0,721.0,451.9,1081.2
42027,Centre County,PA,0.0,0.0,638.5,431.9,892.3000000000001
42029,Chester County,PA,0.0,0.1,1216.5,709.9,1742.2
42031,Clarion County,PA,0.0,0.1,433.5,243.9,757.0
42033,Clearfield County,PA,0.0,0.8,157.5,73.9,329.30000000000007
42035,Clinton County,PA,0.0,0.0,1211.0,706.0,1767.0
42037,Columbia County,PA,0.0,0.0,412.5,207.0,799.0
42039,Crawford County,PA,0.0,0.0,435.0,252.8,778.3000000000001
42041,Cumberland County,PA,0.0,0.0,635.0,355.0,1046.2
42043,Dauphin County,PA,0.5,2.1999999999999997,92.0,33.0,263.20000000000005
42045,Delaware County,PA,0.0,0.0,896.0,511.8,1393.1
42047,Elk County,PA,0.0,0.1,768.0,405.0,1306.1
42049,Erie County,PA,0.0,0.0,215.5,111.9,403.1
42051,Fayette County,PA,0.0,0.0,807.5,494.0,1225.2
42053,Forest County,PA,0.0,0.0,1644.5,1089.6,2038.0
42055,Franklin County,PA,0.0,0.0,1926.5,1605.9,2151.1
42057,Fulton County,PA,0.0,0.0,1626.0,1298.8,1907.1
42059,Greene County,PA,0.0,0.0,948.0,544.0,1477.3000000000002
42061,Huntingdon County,PA,0.0,0.0,1735.0,1346.8,2031.1
42063,Indiana County,PA,0.0,0.0,429.0,222.0,792.5000000000001
42065,Jefferson County,PA,0.0,0.0,615.5,356.9,1009.1
42067,Juniata County,PA,0.0,0.0,1623.5,1334.9,1869.1
42069,Lackawanna County,PA,0.0,0.0,210.0,93.0,476.20000000000005
42071,Lancaster County,PA,0.0,0.0,619.5,358.9,996.2
42073,Lawrence County,PA,0.0,6.9,331.5,123.0,837.5000000000001
42075,Lebanon County,PA,0.0,0.0,1248.5,822.9,1676.1
42077,Lehigh County,PA,0.0,0.0,1235.5,802.8,1695.5
42079,Luzerne County,PA,0.0,0.3,62.0,25.0,156.0
42081,Lycoming County,PA,0.0,0.0,808.0,577.0,1098.1
42083,McKean County,PA,0.0,0.0,1010.5,650.7,1451.2
42085,Mercer County,PA,0.0,0.3,437.0,203.0,879.3000000000001
42087,Mifflin County,PA,0.0,0.0,1609.0,1144.9,2033.0
42089,Monroe County,PA,0.0,0.0,1353.5,1029.9,1656.6000000000001
42091,Montgomery County,PA,0.0,0.3,493.0,251.0,885.4000000000001
42093,Montour County,PA,0.0,0.0,639.0,381.0,1038.1
42095,Northampton County,PA,0.0,0.0,1178.5,749.0,1633.1
42097,Northumberland County,PA,0.0,0.2,128.0,55.0,306.0
42099,Perry County,PA,0.0,0.0,1982.5,1629.8,2209.2
42103,Pike County,PA,0.0,0.0,1852.0,1607.9,2046.1
42105,Potter County,PA,0.0,0.0,1731.0,1215.7,2062.1
42107,Schuylkill County,PA,0.0,0.0,164.0,83.0,334.0
42109,Snyder County,PA,0.0,0.0,457.0,268.0,742.2
42111,Somerset County,PA,0.0,0.0,439.0,265.0,653.0
42113,Sullivan County,PA,0.0,0.0,1891.0,1484.6,2155.0
42115,Susquehanna County,PA,0.0,0.0,1171.5,828.0,1602.1
42117,Tioga County,PA,0.0,0.0,1419.0,967.9,1814.0
42119,Union County,PA,0.0,0.0,674.0,443.9,1033.3000000000002
42121,Venango County,PA,0.0,0.0,568.5,362.9,890.3000000000001
42123,Warren County,PA,0.0,0.0,1144.0,777.0,1540.2
42125,Washington County,PA,0.0,0.1,929.0,524.8,1478.1
42127,Wayne County,PA,0.0,0.0,1093.5,771.0,1458.0
42129,Westmoreland County,PA,0.0,0.0,455.0,241.0,769.3000000000001
42131,Wyoming County,PA,0.0,0.0,463.0,212.9,864.3000000000001
42133,York County,PA,0.0,0.2,166.0,79.9,331.1
44003,Kent County,RI,0.0,0.0,468.0,302.9,768.1
44005,Newport County,RI,0.0,0.0,963.5,677.9,1261.0
44007,Providence County,RI,0.0,0.0,155.0,89.0,283.1
44009,Washington County,RI,0.0,0.0,891.0,554.9,1261.1
45001,Abbeville County,SC,0.0,0.0,1972.0,1778.0,2103.0
45003,Aiken County,SC,0.0,0.0,770.5,562.0,1007.2
45005,Allendale County,SC,0.0,0.0,1403.0,1008.9,1755.1
45007,Anderson County,SC,0.0,0.0,593.5,405.0,879.3000000000001
45009,Bamberg County,SC,0.0,0.0,1885.0,1702.0,2038.1
45011,Barnwell County,SC,0.0,0.0,1081.5,721.7,1424.2
45017,Calhoun County,SC,0.0,0.0,1523.0,1244.9,1764.1
45021,Cherokee County,SC,0.0,0.0,738.0,477.0,1109.4
45023,Chester County,SC,0.0,0.0,1153.0,860.9,1433.2
45025,Chesterfield County,SC,0.0,0.0,899.5,645.9,1200.0
45027,Clarendon County,SC,0.0,0.0,1522.0,1250.9,1731.1
45029,Colleton County,SC,0.0,0.0,835.0,622.8,1138.2
45031,Darlington County,SC,0.0,0.0,291.0,194.0,481.1
45033,Dillon County,SC,0.0,0.0,252.0,170.0,369.0
45037,Edgefield County,SC,0.0,0.0,2028.5,1839.9,2150.1
45039,Fairfield County,SC,0.0,0.0,1193.5,847.6,1524.3000000000002
45041,Florence County,SC,0.0,0.0,565.5,374.0,818.1
45045,Greenville County,SC,0.0,0.0,1116.5,758.0,1541.1
45047,Greenwood County,SC,0.0,0.0,1195.0,939.9,1451.0
45049,Hampton County,SC,0.0,0.0,921.0,704.9,1179.2
45053,Jasper County,SC,0.0,0.0,553.0,374.8,820.1
45055,Kershaw County,SC,0.0,0.0,941.5,654.0,1305.2
45057,Lancaster County,SC,0.0,0.0,970.0,687.0,1358.4
45059,Laurens County,SC,0.0,0.0,1221.5,921.0,1508.1
45061,Lee County,SC,0.0,0.0,236.0,163.0,377.20000000000005
45063,Lexington County,SC,0.0,0.0,1727.5,1371.8,1973.1
45065,McCormick County,SC,0.0,0.0,1938.5,1770.8,2044.1
45067,Marion County,SC,0.0,0.0,565.0,375.9,854.1
45069,Marlboro County,SC,0.0,0.0,214.0,108.0,396.0
45071,Newberry County,SC,0.0,0.0,1383.5,1003.9,1731.1
45073,Oconee County,SC,0.0,0.0,1347.5,1011.8,1688.1
45075,Orangeburg County,SC,0.0,0.0,561.0,344.9,934.0
45077,Pickens County,SC,0.0,0.0,1011.5,719.5,1374.2
45079,Richland County,SC,0.0,0.0,798.0,577.7,1074.0
45081,Saluda County,SC,0.0,0.0,1147.0,819.0,1444.2
45083,Spartanburg County,SC,0.0,0.0,960.0,666.8,1271.0
45085,Sumter County,SC,0.0,0.0,1273.0,1031.7,1538.0
45087,Union County,SC,0.0,0.0,1346.0,1073.9,1633.4
45089,Williamsburg County,SC,0.0,0.0,301.0,157.9,545.1
45091,York County,SC,0.0,0.0,437.5,247.0,803.1
46003,Aurora County,SD,0.0,0.0,1577.5,1212.9,1900.2
46005,Beadle County,SD,0.0,0.0,1514.5,1248.0,1779.0
46009,Bon Homme County,SD,0.0,0.0,1403.0,1094.9,1678.1
46011,Brookings County,SD,0.0,0.0,1164.5,918.7,1391.3000000000002
46013,Brown County,SD,0.0,0.0,1213.5,867.8,1602.2
46015,Brule County,SD,0.0,0.0,1450.0,1074.0,1828.0
46017,Buffalo County,SD,0.0,0.0,548.0,273.9,887.1
46019,Butte County,SD,0.0,0.0,2207.0,1966.9,2310.0
46021,Campbell County,SD,0.0,0.0,1665.0,1200.9,2046.3000000000002
46023,Charles Mix County,SD,0.0,0.0,895.0,630.9,1257.1
46025,Clark County,SD,0.0,0.0,1655.0,1169.9,2067.1
46027,Clay County,SD,0.0,0.0,885.5,665.0,1168.0
46029,Codington County,SD,0.0,0.0,861.0,676.9,1076.0
46033,Custer County,SD,0.0,0.0,2292.0,2092.9,2381.0
46035,Davison County,SD,0.0,0.0,1655.0,1409.9,1836.0
46037,Day County,SD,0.0,0.0,1630.0,1364.9,1865.0
46039,Deuel County,SD,0.0,0.0,1211.5,870.8,1575.0
46043,Douglas County,SD,0.0,0.0,2112.5,1903.0,2252.1
46047,Fall River County,SD,0.0,0.0,2079.5,1898.0,2193.0
46051,Grant County,SD,0.0,0.0,1029.0,758.9,1329.5
46053,Gregory County,SD,0.0,0.0,2322.0,2179.0,2395.0
46055,Haakon County,SD,0.0,0.0,2018.0,1806.9,2155.1
46057,Hamlin County,SD,0.0,0.0,2270.0,2167.0,2345.0
46059,Hand County,SD,0.0,0.0,2057.0,1704.9,2272.0
46061,Hanson County,SD,0.0,0.0,2204.0,2023.9,2301.0
46065,Hughes County,SD,0.0,0.0,1758.0,1448.9,1983.2
46067,Hutchinson County,SD,0.0,0.0,2302.0,2159.9,2380.0
46069,Hyde County,SD,0.0,0.0,1486.0,1049.9,1877.1
46071,Jackson County,SD,0.0,0.0,2016.0,1460.7,2321.1
46073,Jerauld County,SD,0.0,0.0,1430.5,1149.9,1656.0
46077,Kingsbury County,SD,0.0,0.0,2193.5,2001.8,2316.1
46079,Lake County,SD,0.0,0.0,2232.0,2106.0,2293.0
46081,Lawrence County,SD,0.0,0.0,1379.0,1064.0,1685.2
46083,Lincoln County,SD,0.0,0.0,1647.0,1482.8,1774.1
46085,Lyman County,SD,0.0,0.0,1402.0,1148.0,1634.1
46087,McCook County,SD,0.0,0.0,1521.5,1229.0,1764.0
46091,Marshall County,SD,0.0,0.0,2161.0,1988.0,2273.1
46093,Meade County,SD,0.0,0.0,1839.0,1552.0,2079.0
46097,Miner County,SD,0.0,0.0,2027.0,1800.7,2184.0
46099,Minnehaha County,SD,0.0,0.0,1807.0,1675.0,1926.0
46101,Moody County,SD,0.0,0.0,2158.0,2074.0,2221.0
46103,Pennington County,SD,0.0,0.0,1384.0,1109.8,1609.0
46105,Perkins County,SD,0.0,0.0,2405.0,2295.0,2451.0
46107,Potter County,SD,0.0,0.0,1847.0,1512.0,2085.2
46109,Roberts County,SD,0.0,0.0,1004.5,708.9,1341.0
46111,Sanborn County,SD,0.0,0.0,2057.5,1849.0,2194.0
46115,Spink County,SD,0.0,0.0,2163.5,1946.9,2311.0
46117,Stanley County,SD,0.0,0.0,2309.0,2178.9,2381.0
46119,Sully County,SD,0.0,0.0,2217.5,1939.8,2390.1
46125,Turner County,SD,0.0,0.0,1556.0,1317.0,1749.2
46127,Union County,SD,0.0,0.0,1859.0,1588.9,2061.0
46129,Walworth County,SD,0.0,0.0,1595.0,1282.0,1900.0
46135,Yankton County,SD,0.0,0.0,1606.0,1292.9,1822.3000000000002
47001,Anderson County,TN,0.0,0.0,249.5,173.0,375.1
47003,Bedford County,TN,0.0,0.0,1961.0,1634.9,2175.1
47005,Benton County,TN,0.0,0.0,541.5,395.0,771.1
47007,Bledsoe County,TN,0.0,0.0,893.5,690.0,1159.2
47009,Blount County,TN,0.0,0.0,1106.0,522.0,1799.2
47011,Bradley County,TN,0.0,0.0,990.0,626.8,1396.4
47013,Campbell County,TN,0.0,0.0,929.5,729.0,1184.0
47015,Cannon County,TN,0.0,0.0,2324.0,2251.9,2358.0
47017,Carroll County,TN,0.0,0.0,1578.0,1390.0,1760.0
47019,Carter County,TN,0.0,0.0,1272.5,1030.9,1548.2
47021,Cheatham County,TN,0.0,0.0,2094.0,1727.0,2321.0
47023,Chester County,TN,0.0,0.0,2255.0,2191.9,2302.0
47025,Claiborne County,TN,0.0,0.0,1492.0,1261.6,1718.1
47029,Cocke County,TN,0.0,0.0,881.0,579.6,1303.1
47031,Coffee County,TN,0.0,0.0,1798.5,1518.9,2007.0
47033,Crockett County,TN,0.0,0.0,2253.0,2187.0,2288.0
47035,Cumberland County,TN,0.0,0.0,429.0,338.0,561.0
47037,Davidson County,TN,0.0,0.0,1411.0,999.0,1782.0
47039,Decatur County,TN,0.0,0.0,1843.0,1596.8,2059.1
47041,DeKalb County,TN,0.0,0.0,911.0,721.0,1143.0
47043,Dickson County,TN,0.0,0.0,1915.0,1630.9,2134.2
47045,Dyer County,TN,0.0,0.0,2020.0,1895.0,2109.0
47047,Fayette County,TN,0.0,0.0,1542.0,1160.0,1864.0
47049,Fentress County,TN,0.0,0.0,1275.5,745.9,1739.2
47051,Franklin County,TN,0.0,0.0,1092.5,700.8,1554.1
47053,Gibson County,TN,0.0,0.0,2233.0,2131.8,2304.0
47055,Giles County,TN,0.0,0.0,1743.0,1407.7,1984.0
47057,Grainger County,TN,0.0,0.0,1371.0,1019.0,1757.0
47059,Greene County,TN,0.0,0.0,790.0,585.0,1048.0
47061,Grundy County,TN,0.0,0.0,693.0,534.9,912.0
47063,Hamblen County,TN,0.0,0.0,1282.5,870.9,1664.3000000000002
47065,Hamilton County,TN,0.0,0.1,136.0,77.0,219.0
47067,Hancock County,TN,0.0,0.0,664.0,331.0,1050.1
47069,Hardeman County,TN,0.0,0.0,1903.5,1769.0,2009.1
47073,Hawkins County,TN,0.0,0.0,214.0,146.0,340.0
47075,Haywood County,TN,0.0,0.0,1359.5,1217.0,1502.0
47077,Henderson County,TN,0.0,0.0,1278.0,1062.0,1504.0
47079,Henry County,TN,0.0,0.0,1623.0,1448.8,1756.0
47081,Hickman County,TN,0.0,0.0,2345.0,2259.0,2383.1
47083,Houston County,TN,0.0,0.0,1831.5,1493.0,2047.1
47085,Humphreys County,TN,0.0,0.0,502.5,323.0,791.0
47087,Jackson County,TN,0.0,0.0,1737.0,1417.9,1973.0
47089,Jefferson County,TN,0.0,0.0,1796.5,1393.0,2096.0
47091,Johnson County,TN,0.0,0.0,992.5,733.0,1287.2
47093,Knox County,TN,0.0,0.0,416.0,230.8,758.0
47095,Lake County,TN,0.0,0.0,604.0,398.9,897.1
47097,Lauderdale County,TN,0.0,0.0,1856.0,1761.0,1946.0
47099,Lawrence County,TN,0.0,0.0,1877.0,1620.9,2051.1
47101,Lewis County,TN,0.0,0.0,2386.0,2360.0,2401.0
47103,Lincoln County,TN,0.0,0.0,1603.5,1213.8,1943.1
47105,Loudon County,TN,0.0,0.0,226.0,134.0,379.0
47107,McMinn County,TN,0.0,0.0,647.0,422.0,926.4000000000001
47111,Macon County,TN,0.0,0.0,2373.0,2284.0,2421.0
47113,Madison County,TN,0.0,0.0,925.5,784.0,1075.0
47115,Marion County,TN,0.0,0.0,269.0,198.0,369.0
47117,Marshall County,TN,0.0,0.0,2140.0,1931.9,2265.0
47119,Maury County,TN,0.0,0.0,2024.5,1683.7,2260.0
47121,Meigs County,TN,0.0,0.0,630.5,458.0,917.1
47123,Monroe County,TN,0.0,0.0,1566.0,1235.6,1840.0
47125,Montgomery County,TN,0.0,0.0,1584.0,1188.9,1968.1
47127,Moore County,TN,0.0,0.0,1259.0,1001.0,1566.0
47129,Morgan County,TN,0.0,0.0,951.5,740.8,1207.1
47131,Obion County,TN,0.0,0.0,1581.5,1441.0,1738.0
47133,Overton County,TN,0.0,0.0,1602.5,1338.9,1846.1
47135,Perry County,TN,0.0,0.0,2169.0,2069.0,2253.1
47141,Putnam County,TN,0.0,0.0,1078.0,849.0,1345.1
47143,Rhea County,TN,0.0,0.0,286.0,217.0,394.1
47145,Roane County,TN,0.0,0.0,1066.5,673.5,1529.0
47147,Robertson County,TN,0.0,0.0,2185.0,1951.9,2318.1
47149,Rutherford County,TN,0.0,0.0,2115.0,1874.8,2275.1
47153,Sequatchie County,TN,0.0,0.0,509.5,395.0,686.4000000000001
47155,Sevier County,TN,0.0,0.0,1750.0,1415.9,2030.5
47157,Shelby County,TN,0.3,1.9,94.0,43.0,205.10000000000002
47159,Smith County,TN,0.0,0.0,1825.5,1508.9,2061.0
47161,Stewart County,TN,0.0,0.0,1907.0,1567.1000000000001,2137.0
47163,Sullivan County,TN,0.0,0.0,835.0,592.0,1138.3000000000002
47165,Sumner County,TN,0.0,0.0,1663.0,1219.9,2040.1
47167,Tipton County,TN,0.0,0.0,1945.0,1746.8,2079.1
47169,Trousdale County,TN,0.0,0.0,2237.0,1968.9,2375.1
47173,Union County,TN,0.0,0.0,1894.0,1585.9,2129.0
47175,Van Buren County,TN,0.0,0.0,1917.0,1697.6,2089.0
47177,Warren County,TN,0.0,0.0,1452.0,1229.0,1685.3000000000002
47179,Washington County,TN,0.0,0.0,1047.5,651.0,1553.2
47183,Weakley County,TN,0.0,0.0,1731.0,1556.8,1865.0
47185,White County,TN,0.0,0.0,1212.5,963.9,1484.1
47187,Williamson County,TN,0.0,0.0,2001.5,1589.8,2281.1
47189,Wilson County,TN,0.0,0.0,1987.0,1558.7,2276.1
48001,Anderson County,TX,0.0,0.0,1074.0,788.0,1447.0
48005,Angelina County,TX,0.0,0.0,1104.0,691.0,1577.2
48007,Aransas County,TX,0.0,0.0,848.0,600.9,1216.1
48009,Archer County,TX,0.0,0.0,284.0,140.8,511.0
48013,Atascosa County,TX,0.0,0.0,904.0,475.8,1433.2
48015,Austin County,TX,0.0,0.0,552.0,291.9,932.1
48019,Bandera County,TX,0.0,0.0,1906.0,1408.9,2248.1
48021,Bastrop County,TX,0.0,0.1,566.0,227.8,1138.8000000000002
48023,Baylor County,TX,0.0,0.0,793.5,390.70000000000005,1284.0
48025,Bee County,TX,0.0,0.0,160.0,75.0,347.1
48027,Bell County,TX,0.0,0.0,578.5,227.0,1184.2
48029,Bexar County,TX,0.0,2.6,219.5,81.0,472.20000000000005
48031,Blanco County,TX,0.0,0.0,1953.0,1605.9,2229.0
48035,Bosque County,TX,0.0,0.0,364.5,177.0,681.6000000000001
48037,Bowie County,TX,0.0,0.0,351.0,243.0,558.0
48041,Brazos County,TX,0.0,0.3,90.0,48.0,177.0
48047,Brooks County,TX,0.0,0.0,1386.0,693.0,1980.1
48049,Brown County,TX,0.0,0.0,659.0,373.9,1035.0
48051,Burleson County,TX,0.0,0.0,1754.5,1317.8,2072.1
48053,Burnet County,TX,0.0,0.0,1175.5,752.0,1571.2
48055,Caldwell County,TX,0.0,0.0,1582.0,950.9,2064.1
48057,Calhoun County,TX,0.0,0.0,578.0,338.9,932.5000000000001
48059,Callahan County,TX,0.0,0.0,1370.5,694.3000000000001,1963.4
48063,Camp County,TX,0.0,0.0,553.0,420.0,764.0
48065,Carson County,TX,0.0,0.0,1587.0,881.0,2052.1
48067,Cass County,TX,0.0,0.0,950.0,644.9,1325.0
48071,Chambers County,TX,0.0,0.0,612.0,361.0,1034.0
48073,Cherokee County,TX,0.0,0.0,782.5,555.0,1114.3000000000002
48077,Clay County,TX,0.0,0.0,373.0,207.0,647.3000000000001
48081,Coke County,TX,0.0,0.0,979.5,546.0,1396.2
48083,Coleman County,TX,0.0,0.0,1000.0,673.8,1350.1
48085,Collin County,TX,0.0,0.0,177.0,74.0,387.1
48089,Colorado County,TX,0.0,0.0,1354.0,969.7,1728.2
48091,Comal County,TX,0.0,0.0,928.5,495.9,1421.3000000000002
48093,Comanche County,TX,0.0,0.0,675.5,373.0,1035.2
48095,Concho County,TX,0.0,0.0,823.0,425.0,1263.2
48097,Cooke County,TX,0.0,0.0,320.5,122.0,723.3000000000001
48099,Coryell County,TX,0.0,0.0,1819.0,1306.9,2141.1
48101,Cottle County,TX,0.0,0.0,1924.5,1487.8,2182.2
48105,Crockett County,TX,0.0,0.0,2312.5,1965.8,2428.0
48113,Dallas County,TX,55.1,14.7,9.5,3.0,29.0
48119,Delta County,TX,0.0,0.0,503.0,308.0,774.2
48121,Denton County,TX,0.1,2.6,122.0,43.0,299.20000000000005
48123,DeWitt County,TX,0.0,0.0,1185.0,763.0,1603.3000000000002
48131,Duval County,TX,0.0,1.0999999999999999,952.5,399.70000000000005,1629.3000000000002
48133,Eastland County,TX,0.0,0.2,200.5,86.0,411.0
48139,Ellis County,TX,4.3,8.3,43.0,15.0,144.10000000000002
48141,El Paso County,TX,0.0,0.0,672.0,437.9,1038.1
48143,Erath County,TX,0.0,0.0,352.0,199.0,599.2
48145,Falls County,TX,5.0,7.000000000000001,40.0,13.900000000000006,124.0
48147,Fannin County,TX,0.0,0.4,124.5,48.0,314.0
48149,Fayette County,TX,0.0,0.0,422.5,218.9,741.2
48151,Fisher County,TX,0.0,0.0,1967.5,1413.0,2254.0
48155,Foard County,TX,0.0,0.0,1179.5,566.7,1741.3000000000002
48159,Franklin County,TX,0.0,0.0,381.0,215.9,658.1
48161,Freestone County,TX,0.0,0.0,192.0,105.0,331.30000000000007
48163,Frio County,TX,0.0,4.2,627.5,222.9,1344.9
48171,Gillespie County,TX,0.0,0.0,1296.5,919.9,1657.3000000000002
48173,Glasscock County,TX,0.0,0.0,2298.0,1900.8,2418.1
48175,Goliad County,TX,0.0,0.0,795.5,425.9,1217.1
48177,Gonzales County,TX,0.0,0.0,1686.5,1256.0,2044.1
48179,Gray County,TX,0.0,0.0,1372.5,904.1,1762.2
48181,Grayson County,TX,0.0,0.0,129.0,65.0,274.30000000000007
48183,Gregg County,TX,0.0,0.0,1012.5,789.0,1316.2
48185,Grimes County,TX,0.0,0.0,298.5,159.0,560.0
48187,Guadalupe County,TX,0.0,0.4,481.0,191.9,914.0
48193,Hamilton County,TX,0.0,0.0,990.5,613.9,1427.1
48195,Hansford County,TX,0.0,0.0,2038.5,1556.0,2271.0
48199,Hardin County,TX,0.0,0.0,719.0,539.9,996.2
48203,Harrison County,TX,0.0,0.0,260.0,151.0,465.1
48207,Haskell County,TX,0.0,0.0,1294.0,656.0,1785.3000000000002
48209,Hays County,TX,0.0,0.0,1817.5,1237.8,2191.2
48211,Hemphill County,TX,0.0,0.0,2351.0,2181.7,2417.1
48213,Henderson County,TX,0.0,0.0,226.0,128.0,416.0
48221,Hood County,TX,0.0,0.1,189.0,82.9,422.1
48223,Hopkins County,TX,0.0,0.8999999999999999,161.0,65.0,362.20000000000005
48225,Houston County,TX,0.0,0.0,645.5,436.8,951.5000000000001
48231,Hunt County,TX,0.0,1.7999999999999998,184.0,77.0,386.1
48233,Hutchinson County,TX,0.0,0.0,771.5,503.9,1065.1
48235,Irion County,TX,0.0,0.0,2334.0,2000.7,2439.1
48237,Jack County,TX,0.0,0.0,578.5,254.9,1038.5
48239,Jackson County,TX,0.0,0.0,669.5,398.0,1054.8000000000002
48241,Jasper County,TX,0.0,0.0,1332.5,859.9,1740.2
48247,Jim Hogg County,TX,0.0,0.0,1606.0,991.8,2041.0
48249,Jim Wells County,TX,0.0,0.2,547.5,238.9,1092.1
48251,Johnson County,TX,0.0,0.2,286.5,136.8,573.1
48253,Jones County,TX,0.0,0.0,1487.5,824.9,1979.3000000000002
48255,Karnes County,TX,0.0,0.0,980.0,531.9,1505.3000000000002
48257,Kaufman County,TX,0.0,0.0,162.0,73.0,315.1
48259,Kendall County,TX,0.0,0.0,1323.5,743.6,1828.2
48261,Kenedy County,TX,0.0,0.3,742.0,295.0,1338.1
48265,Kerr County,TX,0.0,0.0,1269.0,870.0,1673.1
48267,Kimble County,TX,0.0,0.0,874.0,575.0,1233.0
48269,King County,TX,0.0,0.0,2101.0,1753.9,2254.0
48273,Kleberg County,TX,0.0,0.1,450.0,185.0,919.2
48275,Knox County,TX,0.0,0.0,1391.5,731.9,1879.1
48277,Lamar County,TX,8.6,4.1000000000000005,40.0,12.0,147.0
48281,Lampasas County,TX,0.0,0.0,1564.5,1016.9,2039.2
48283,La Salle County,TX,0.0,0.1,922.5,468.0,1539.1
48285,Lavaca County,TX,0.0,0.0,1213.0,905.8,1529.1
48287,Lee County,TX,0.0,0.0,547.0,373.9,827.4000000000001
48289,Leon County,TX,0.0,0.0,339.0,227.0,537.0
48291,Liberty County,TX,0.0,0.0,747.0,548.0,1110.0
48293,Limestone County,TX,0.0,1.5,82.0,37.900000000000006,189.10000000000002
48295,Lipscomb County,TX,0.0,0.0,2334.0,2196.8,2412.0
48297,Live Oak County,TX,0.0,0.0,541.5,346.0,888.0
48307,McCulloch County,TX,0.0,0.0,1214.0,735.8,1683.2
48309,McLennan County,TX,10.8,9.700000000000001,30.0,10.0,100.0
48311,McMullen County,TX,0.0,0.0,895.0,579.7,1333.2
48313,Madison County,TX,0.0,0.0,459.0,309.0,682.1
48315,Marion County,TX,0.0,0.0,750.0,561.0,1036.1
48319,Mason County,TX,0.0,0.0,1940.5,1687.9,2125.0
48321,Matagorda County,TX,0.0,1.0999999999999999,113.5,44.0,276.0
48325,Medina County,TX,0.0,0.0,1478.0,991.6,1937.0
48327,Menard County,TX,0.0,0.0,1773.0,1202.7,2158.2
48331,Milam County,TX,0.0,0.4,134.0,52.0,295.0
48333,Mills County,TX,0.0,0.2,743.0,396.70000000000005,1101.7000000000003
48335,Mitchell County,TX,0.0,0.0,1509.0,788.9,2019.2
48337,Montague County,TX,0.0,0.0,906.0,603.9,1252.1000000000004
48339,Montgomery County,TX,0.0,0.0,854.0,584.6,1246.8000000000002
48341,Moore County,TX,0.0,0.0,1186.5,825.6,1527.3000000000002
48343,Morris County,TX,0.0,0.0,451.0,351.9,624.0
48347,Nacogdoches County,TX,0.0,0.0,989.5,510.70000000000005,1518.0
48349,Navarro County,TX,1.4000000000000001,5.2,62.0,20.0,204.10000000000002
48351,Newton County,TX,0.0,0.0,1111.5,760.0,1497.1
48353,Nolan County,TX,0.0,0.8,443.5,144.0,976.2
48357,Ochiltree County,TX,0.0,0.0,1875.5,1411.9,2164.0
48359,Oldham County,TX,0.0,0.0,1720.0,1228.3,2064.1
48361,Orange County,TX,0.0,0.0,337.5,184.9,637.2
48363,Palo Pinto County,TX,0.0,0.0,360.5,221.9,603.1
48365,Panola County,TX,0.0,0.0,1439.5,1249.9,1612.1
48367,Parker County,TX,0.0,0.0,455.0,232.0,816.3000000000001
48373,Polk County,TX,0.0,0.0,1868.0,1451.0,2193.2
48375,Potter County,TX,0.0,0.0,407.5,286.0,608.0
48379,Rains County,TX,0.0,0.0,660.5,436.9,946.1
48383,Reagan County,TX,0.0,0.0,2200.5,1821.9,2349.0
48387,Red River County,TX,0.0,0.0,232.5,131.9,413.20000000000005
48391,Refugio County,TX,0.0,0.0,286.0,150.0,565.1
48393,Roberts County,TX,0.0,0.0,1998.0,1629.9,2217.1
48395,Robertson County,TX,0.0,0.0,169.5,85.0,342.0
48397,Rockwall County,TX,0.0,0.0,518.5,293.9,849.2
48399,Runnels County,TX,0.0,0.0,1403.5,1024.0,1733.1
48401,Rusk County,TX,0.0,0.0,561.0,417.9,772.0
48403,Sabine County,TX,0.0,0.0,2257.5,1972.9,2380.0
48405,San Augustine County,TX,0.0,0.0,2306.0,1824.7,2435.0
48407,San Jacinto County,TX,0.0,0.0,1895.5,1557.5,2172.3
48409,San Patricio County,TX,26.6,6.2,20.0,5.0,66.0
48411,San Saba County,TX,0.0,0.0,1964.0,1611.0,2192.0
48413,Schleicher County,TX,0.0,0.2,813.5,395.0,1242.1
48417,Shackelford County,TX,0.0,0.0,1827.5,1180.8,2191.1
48419,Shelby County,TX,0.0,0.0,2114.5,1713.7,2302.1
48421,Sherman County,TX,0.0,0.0,2352.0,2194.0,2415.0
48423,Smith County,TX,0.0,0.0,364.0,281.9,490.0
48425,Somervell County,TX,0.0,0.0,335.5,146.0,703.1
48427,Starr County,TX,4.6,14.399999999999999,133.0,20.0,429.1
48429,Stephens County,TX,0.0,0.0,1109.5,698.0,1530.5
48431,Sterling County,TX,0.0,0.0,1553.0,982.8,1933.1
48435,Sutton County,TX,0.0,0.0,1073.0,712.9,1460.4
48439,Tarrant County,TX,0.6,3.6999999999999997,72.0,28.0,185.10000000000002
48441,Taylor County,TX,0.0,0.1,626.0,250.0,1240.3000000000002
48447,Throckmorton County,TX,0.0,0.0,1245.5,646.9,1746.1
48449,Titus County,TX,0.0,0.0,323.0,219.9,499.0
48451,Tom Green County,TX,0.0,0.0,1151.5,559.9,1752.1000000000004
48453,Travis County,TX,0.0,0.8,594.0,200.9,1317.0
48455,Trinity County,TX,0.0,0.0,1700.0,1391.0,1923.1
48457,Tyler County,TX,0.0,0.0,2245.5,1930.8,2386.0
48459,Upshur County,TX,0.0,0.0,1173.0,981.0,1432.0
48461,Upton County,TX,0.0,0.3,1322.0,587.8,1912.0
48463,Uvalde County,TX,0.0,0.0,1451.5,945.8,1888.1
48467,Van Zandt County,TX,0.0,0.0,404.0,226.0,678.2
48469,Victoria County,TX,0.0,0.0,252.0,125.0,468.0
48471,Walker County,TX,0.0,0.0,565.0,387.9,901.1
48473,Waller County,TX,0.0,0.0,315.0,170.0,588.0
48477,Washington County,TX,0.0,0.0,346.0,227.9,569.1
48479,Webb County,TX,26.8,18.9,22.0,5.0,86.0
48481,Wharton County,TX,0.0,0.0,310.0,168.0,527.3000000000001
48485,Wichita County,TX,0.0,0.0,252.5,149.9,442.1
48487,Wilbarger County,TX,0.0,0.2,609.0,234.8,1145.1
48491,Williamson County,TX,0.0,0.0,1088.0,459.70000000000005,1893.2
48493,Wilson County,TX,0.0,0.0,971.5,505.0,1461.4
48497,Wise County,TX,0.0,0.0,982.0,584.7,1392.2
48499,Wood County,TX,0.0,0.0,755.0,601.0,957.1
48503,Young County,TX,0.0,0.0,334.5,156.8,615.2
48505,Zapata County,TX,0.1,3.4000000000000004,382.5,102.9,923.1
49001,Beaver County,UT,0.0,0.0,1709.5,1267.7,2004.1
49003,Box Elder County,UT,0.0,0.6,292.0,173.0,436.0
49005,Cache County,UT,0.0,0.0,976.0,783.9,1215.0
49007,Carbon County,UT,0.0,0.0,102.0,62.0,161.0
49009,Daggett County,UT,0.0,0.0,1164.5,756.9,1645.2
49011,Davis County,UT,0.0,0.0,873.5,556.8,1255.1
49013,Duchesne County,UT,0.0,0.0,1373.0,997.9,1718.8000000000002
49015,Emery County,UT,0.0,0.0,88.0,62.0,127.0
49017,Garfield County,UT,0.0,0.0,1441.5,1069.9,1719.1
49019,Grand County,UT,0.0,0.0,731.5,493.9,1063.1
49021,Iron County,UT,0.0,0.0,1134.0,721.7,1495.0
49023,Juab County,UT,0.0,0.0,591.5,335.0,995.0
49027,Millard County,UT,0.0,0.0,740.0,440.0,1134.1
49029,Morgan County,UT,0.0,0.4,813.5,500.9,1187.1
49033,Rich County,UT,0.0,0.0,1951.5,1735.0,2131.0
49035,Salt Lake County,UT,0.0,0.4,159.0,80.0,293.0
49037,San Juan County,UT,0.0,0.0,628.5,272.8,1197.1
49039,Sanpete County,UT,0.0,0.0,1276.5,868.6,1684.7000000000003
49041,Sevier County,UT,0.0,0.0,545.0,342.0,882.0
49043,Summit County,UT,0.0,0.2,772.0,467.40000000000003,1118.1
49045,Tooele County,UT,0.0,0.0,957.0,617.8,1358.1
49047,Uintah County,UT,0.0,0.0,1063.5,821.0,1369.3000000000002
49049,Utah County,UT,0.0,0.1,183.0,93.0,328.0
49051,Wasatch County,UT,0.0,0.0,1505.0,1190.0,1778.0
49055,Wayne County,UT,0.0,0.0,1932.0,1609.0,2160.0
49057,Weber County,UT,0.0,0.0,397.5,263.0,578.0
50001,Addison County,VT,0.0,0.0,552.5,271.70000000000005,941.2
50003,Bennington County,VT,0.0,0.0,847.0,471.0,1244.3000000000002
50005,Caledonia County,VT,0.0,0.0,912.0,623.0,1217.1
50007,Chittenden County,VT,0.0,0.4,1214.0,679.9,1724.1
50009,Essex County,VT,0.0,0.0,1163.5,869.8,1488.3000000000002
50011,Franklin County,VT,0.0,0.0,1509.0,928.7,2017.2
50013,Grand Isle County,VT,0.0,0.0,1786.5,1376.0,2079.0
50017,Orange County,VT,0.0,0.0,1460.0,1125.6,1723.0
50019,Orleans County,VT,0.0,0.0,1431.0,996.9,1820.3000000000002
50021,Rutland County,VT,0.0,0.1,486.5,259.9,796.6000000000001
50023,Washington County,VT,0.0,0.1,1241.5,791.0,1682.3000000000002
50025,Windham County,VT,0.0,0.0,151.0,80.0,278.0
50027,Windsor County,VT,0.0,0.0,1010.0,653.8,1345.3000000000002
51003,Albemarle County,VA,0.0,0.0,2170.5,1796.7,2363.0
51005,Alleghany County,VA,0.0,0.0,1726.0,1244.8000000000002,2122.7000000000003
51007,Amelia County,VA,0.0,0.0,2386.0,2297.0,2427.0
51009,Amherst County,VA,0.0,0.0,2342.5,2260.0,2394.1
51011,Appomattox County,VA,0.0,0.0,2435.5,2373.9,2457.0
51015,Augusta County,VA,0.0,0.0,2111.0,1742.9,2306.1
51017,Bath County,VA,0.0,0.0,2328.5,2210.9,2404.0
51019,Bedford County,VA,0.0,0.0,2375.0,2259.0,2426.0
51021,Bland County,VA,0.0,0.0,1958.5,1515.8,2272.1
51023,Botetourt County,VA,0.0,0.0,2443.0,2329.9,2468.0
51025,Brunswick County,VA,0.0,0.0,1886.0,1610.7,2081.1
51027,Buchanan County,VA,0.0,0.0,2171.0,1673.8,2358.0
51029,Buckingham County,VA,0.0,0.0,2216.0,2074.0,2299.0
51031,Campbell County,VA,0.0,0.0,2206.0,2057.0,2287.0
51033,Caroline County,VA,0.0,0.0,2044.0,1715.8,2249.1
51035,Carroll County,VA,0.0,0.1,1693.5,1298.9,2006.1
51036,Charles City County,VA,0.0,0.0,1953.5,1581.5,2216.1
51037,Charlotte County,VA,0.0,0.0,1926.5,1823.9,1997.0
51041,Chesterfield County,VA,0.0,0.0,1076.5,694.7,1495.1
51043,Clarke County,VA,0.0,0.0,2201.0,1877.8,2365.0
51045,Craig County,VA,0.0,0.0,2391.5,2255.9,2448.0
51047,Culpeper County,VA,0.0,0.0,2346.5,2222.7,2412.0
51049,Cumberland County,VA,0.0,0.0,2336.0,2134.8,2424.0
51051,Dickenson County,VA,0.0,0.0,1752.0,1170.7,2146.1
51053,Dinwiddie County,VA,0.0,0.0,2137.0,1807.9,2322.1
51057,Essex County,VA,0.0,0.0,2355.0,2308.9,2388.0
51061,Fauquier County,VA,0.0,0.0,1900.0,1402.9,2241.2
51063,Floyd County,VA,0.0,0.0,2402.0,2221.9,2455.0
51065,Fluvanna County,VA,0.0,0.0,2297.0,1953.7,2434.0
51067,Franklin County,VA,0.0,0.0,2330.0,2164.9,2413.0
51069,Frederick County,VA,0.0,0.0,1346.0,1004.0,1688.1
51071,Giles County,VA,0.0,0.0,1734.0,1379.0,2051.1
51073,Gloucester County,VA,0.0,0.0,2399.0,2196.9,2462.0
51075,Goochland County,VA,0.0,0.0,2383.0,2115.9,2461.0
51077,Grayson County,VA,0.0,0.0,1707.5,1325.8,2013.0
51079,Greene County,VA,0.0,0.0,2432.0,2360.0,2459.0
51081,Greensville County,VA,0.0,0.0,1446.5,1123.9,1773.2
51083,Halifax County,VA,0.0,0.0,1390.0,1190.8,1598.1
51085,Hanover County,VA,0.0,0.0,1336.0,812.4000000000001,1870.1
51087,Henrico County,VA,0.0,0.0,1325.5,807.0,1837.2
51089,Henry County,VA,0.0,0.0,1634.0,1374.9,1872.0
51091,Highland County,VA,0.0,0.0,2414.0,2332.9,2448.0
51093,Isle of Wight County,VA,0.0,0.0,1050.0,832.0,1264.0
51095,James City County,VA,0.0,0.0,1409.0,1103.0,1722.1
51097,King and Queen County,VA,0.0,0.0,2190.0,2053.0,2262.0
51099,King George County,VA,0.0,0.0,2319.5,1995.9,2442.0
51101,King William County,VA,0.0,0.0,2174.5,1940.9,2317.0
51103,Lancaster County,VA,0.0,0.0,2412.0,2387.0,2424.0
51105,Lee County,VA,0.0,0.3,1318.5,673.8,1971.2
51107,Loudoun County,VA,0.0,0.1,1308.5,683.9,1957.2
51109,Louisa County,VA,0.0,0.0,1689.0,1223.9,2081.1
51111,Lunenburg County,VA,0.0,0.0,2071.5,1904.9,2179.1
51113,Madison County,VA,0.0,0.0,2470.0,2449.0,2474.0
51115,Mathews County,VA,0.0,0.0,2463.5,2434.0,2471.0
51117,Mecklenburg County,VA,0.0,0.0,924.0,734.0,1142.1
51119,Middlesex County,VA,0.0,0.0,2395.0,2296.0,2437.0
51121,Montgomery County,VA,0.0,0.0,1178.5,757.0,1666.2
51125,Nelson County,VA,0.0,0.0,2433.0,2386.9,2455.0
51127,New Kent County,VA,0.0,0.0,2411.0,2180.9,2466.0
51131,Northampton County,VA,0.0,0.0,2439.0,2408.9,2455.0
51133,Northumberland County,VA,0.0,0.0,2463.0,2455.0,2468.0
51135,Nottoway County,VA,0.0,0.0,2270.0,2162.0,2341.0
51137,Orange County,VA,0.0,0.0,2249.0,2043.8,2368.0
51139,Page County,VA,0.0,0.0,2419.5,2346.0,2450.0
51141,Patrick County,VA,0.0,0.0,2284.0,2103.0,2376.0
51143,Pittsylvania County,VA,0.0,0.0,2181.0,2032.9,2261.1
51145,Powhatan County,VA,0.0,0.0,2422.5,2167.4,2472.0
51147,Prince Edward County,VA,0.0,0.0,1837.0,1683.0,1956.0
51149,Prince George County,VA,0.0,0.0,1617.0,1230.8,1963.0
51153,Prince William County,VA,0.0,0.0,1770.5,1291.4,2153.1
51155,Pulaski County,VA,0.0,0.0,2044.5,1744.0,2220.0
51157,Rappahannock County,VA,0.0,0.0,2408.0,2296.0,2448.0
51159,Richmond County,VA,0.0,0.0,2325.0,2202.0,2386.0
51161,Roanoke County,VA,0.0,0.0,2382.0,2202.8,2442.1
51163,Rockbridge County,VA,0.0,0.0,2358.0,2153.8,2434.0
51165,Rockingham County,VA,0.0,0.0,1525.5,1304.0,1729.0
51167,Russell County,VA,0.0,0.0,1900.0,1450.9,2247.0
51169,Scott County,VA,0.0,0.0,2085.0,1672.5,2346.0
51171,Shenandoah County,VA,0.0,0.0,2362.0,2235.0,2418.0
51173,Smyth County,VA,0.0,0.1,1100.5,772.7,1513.0
51175,Southampton County,VA,0.0,0.0,2306.0,2117.0,2404.0
51177,Spotsylvania County,VA,0.0,0.0,1427.5,859.9,1985.0
51179,Stafford County,VA,0.0,0.0,2214.5,1832.3,2395.0
51181,Surry County,VA,0.0,0.0,1673.5,1263.9,2029.0
51183,Sussex County,VA,0.0,0.0,2088.0,1859.0,2242.1
51185,Tazewell County,VA,0.0,0.0,1789.0,1410.9,2088.1
51187,Warren County,VA,0.0,0.0,2263.0,2063.0,2380.0
51191,Washington County,VA,0.0,0.0,2102.5,1716.6,2325.2
51193,Westmoreland County,VA,0.0,0.0,2147.0,2013.0,2223.0
51195,Wise County,VA,0.0,0.0,2023.5,1706.9,2247.2
51197,Wythe County,VA,0.0,0.2,880.0,649.0,1174.1
51199,York County,VA,0.0,0.0,2192.0,1809.0,2382.0
51550,Chesapeake city,VA,0.0,0.0,903.5,604.9,1312.3000000000002
51590,Danville city,VA,0.0,0.0,1991.0,1706.9,2232.0
51680,Lynchburg city,VA,0.0,0.0,2266.5,2042.9,2403.0
51740,Portsmouth city,VA,0.0,0.0,1795.0,1463.8,2068.0
51790,Staunton city,VA,0.0,0.0,2439.0,2349.0,2468.0
51810,Virginia Beach city,VA,0.0,0.0,1571.0,1005.9,2068.0
53001,Adams County,WA,0.0,0.0,294.0,165.0,492.0
53003,Asotin County,WA,0.0,0.0,880.5,653.0,1147.1
53005,Benton County,WA,76.2,24.0,6.0,2.0,17.0
53007,Chelan County,WA,0.0,0.0,416.0,138.9,1048.1
53009,Clallam County,WA,0.0,0.0,1178.5,687.8,1654.2
53011,Clark County,WA,36.1,27.700000000000003,15.0,3.9000000000000057,90.0
53013,Columbia County,WA,0.0,0.0,1776.5,1193.0,2151.1
53015,Cowlitz County,WA,97.39999999999999,54.2,1.0,1.0,6.0
53017,Douglas County,WA,0.0,1.6,274.5,54.0,947.0
53019,Ferry County,WA,0.0,0.0,2157.0,1879.9,2331.1
53021,Franklin County,WA,6.9,12.4,36.0,12.0,100.0
53023,Garfield County,WA,0.0,0.0,952.0,449.0,1494.1
53025,Grant County,WA,0.2,2.8000000000000003,99.0,31.0,247.10000000000002
53029,Island County,WA,0.0,0.0,1562.0,982.0,1967.1
53033,King County,WA,22.0,21.5,22.0,7.0,106.0
53035,Kitsap County,WA,0.0,0.0,487.5,189.70000000000002,1045.1
53037,Kittitas County,WA,7.3999999999999995,9.8,38.0,12.0,169.10000000000002
53039,Klickitat County,WA,0.6,2.4,79.0,25.0,293.0
53041,Lewis County,WA,5.2,4.3999999999999995,55.0,14.0,253.0
53043,Lincoln County,WA,0.0,0.0,1394.0,938.7,1717.1
53045,Mason County,WA,0.0,0.0,250.0,93.0,624.4000000000001
53047,Okanogan County,WA,0.0,0.0,158.0,93.0,265.1
53049,Pacific County,WA,0.0,0.0,1695.0,1237.5,2011.2
53051,Pend Oreille County,WA,0.0,0.0,1144.0,681.9,1605.2
53053,Pierce County,WA,64.2,36.199999999999996,7.0,1.0,45.0
53057,Skagit County,WA,3.2,12.9,39.0,15.0,102.0
53059,Skamania County,WA,0.0,0.0,462.0,186.0,1039.1
53061,Snohomish County,WA,0.0,7.7,108.0,31.900000000000006,368.20000000000005
53063,Spokane County,WA,0.0,0.0,153.5,67.9,344.5000000000001
53065,Stevens County,WA,0.0,0.0,1242.0,863.9,1618.2
53067,Thurston County,WA,0.1,8.6,112.0,27.900000000000006,466.0
53069,Wahkiakum County,WA,0.0,0.0,915.5,648.0,1179.3000000000002
53071,Walla Walla County,WA,0.0,0.0,590.5,334.0,922.3000000000001
53073,Whatcom County,WA,73.7,43.9,6.0,2.0,19.100000000000023
53075,Whitman County,WA,0.0,0.7000000000000001,120.0,46.0,327.4000000000001
53077,Yakima County,WA,6.800000000000001,4.6,22.0,12.0,62.10000000000002
54001,Barbour County,WV,0.0,0.0,1540.0,1113.9,1879.1
54003,Berkeley County,WV,0.0,0.0,2150.5,1750.7,2346.1
54005,Boone County,WV,0.0,0.0,2162.0,1787.8,2362.1
54009,Brooke County,WV,0.0,0.0,1283.0,729.9,1902.0
54011,Cabell County,WV,0.0,0.0,1939.0,1435.8,2275.0
54013,Calhoun County,WV,0.0,2.1999999999999997,1940.5,1137.3,2325.0
54015,Clay County,WV,0.0,2.0,1690.0,892.7,2214.1
54017,Doddridge County,WV,0.0,0.0,1789.0,1255.7,2202.0
54019,Fayette County,WV,0.0,0.1,568.0,257.8,1066.2
54021,Gilmer County,WV,0.0,0.0,2281.0,1899.9,2432.0
54023,Grant County,WV,0.0,0.0,1107.0,885.0,1406.1
54027,Hampshire County,WV,0.0,0.0,2108.0,1874.0,2254.0
54029,Hancock County,WV,0.0,0.0,716.0,325.9,1354.2
54031,Hardy County,WV,0.0,0.0,1943.0,1438.9,2287.1
54033,Harrison County,WV,0.0,0.0,1611.0,1049.8,2121.0
54035,Jackson County,WV,0.0,0.0,1096.5,724.8,1578.3000000000002
54037,Jefferson County,WV,0.0,0.0,2190.0,1847.8,2367.0
54039,Kanawha County,WV,0.0,0.0,652.0,345.9,1143.1
54041,Lewis County,WV,0.0,0.0,2101.0,1577.0,2371.1
54043,Lincoln County,WV,0.0,0.0,2223.0,1704.8,2413.0
54045,Logan County,WV,0.0,0.0,2279.0,1826.7,2429.0
54047,McDowell County,WV,0.0,0.0,2198.0,1597.9,2406.0
54049,Marion County,WV,0.0,0.0,1128.0,643.3000000000001,1690.1
54051,Marshall County,WV,0.0,0.0,1015.0,502.20000000000005,1715.1
54053,Mason County,WV,0.0,0.0,1318.5,870.0,1815.0
54055,Mercer County,WV,0.0,0.0,1968.5,1534.9,2269.2
54057,Mineral County,WV,0.0,0.0,1281.5,963.8,1641.0
54059,Mingo County,WV,0.0,0.0,2314.5,1856.6,2435.0
54061,Monongalia County,WV,0.0,0.0,771.5,451.8,1224.4
54063,Monroe County,WV,0.0,0.0,2119.0,1732.8,2350.0
54065,Morgan County,WV,0.0,0.0,1839.0,1440.8,2182.1
54069,Ohio County,WV,0.0,0.0,1267.0,715.6,1891.4
54071,Pendleton County,WV,0.0,0.0,2144.0,1835.7,2314.0
54073,Pleasants County,WV,0.0,0.0,943.5,549.0,1527.0
54075,Pocahontas County,WV,0.0,0.0,1795.0,1315.0,2125.1
54077,Preston County,WV,0.0,0.0,1457.5,1017.9,1885.1
54079,Putnam County,WV,0.0,0.0,1543.0,1148.7,1956.3000000000002
54081,Raleigh County,WV,0.0,0.0,1583.5,1079.9,2046.4
54083,Randolph County,WV,0.0,0.0,2264.5,1929.0,2397.0
54085,Ritchie County,WV,0.0,0.0,1902.0,1308.9,2261.0
54087,Roane County,WV,0.0,0.0,1981.5,1279.9,2331.0
54089,Summers County,WV,0.0,0.0,1852.0,1335.8,2212.0
54091,Taylor County,WV,0.0,0.0,1693.0,1125.7,2173.1
54093,Tucker County,WV,0.0,0.0,1481.0,1133.9,1786.3000000000002
54095,Tyler County,WV,0.0,0.0,1499.0,855.0,2056.3
54097,Upshur County,WV,0.0,0.0,2286.0,1928.5,2427.0
54099,Wayne County,WV,0.0,0.0,2176.5,1761.0,2387.0
54103,Wetzel County,WV,0.0,0.0,1146.0,640.9,1721.3000000000002
54105,Wirt County,WV,0.0,0.0,1693.0,1116.9,2158.0
54107,Wood County,WV,0.0,0.0,887.0,490.0,1466.3000000000002
54109,Wyoming County,WV,0.0,0.0,2274.5,1943.9,2420.0
55005,Barron County,WI,0.0,0.0,2006.5,1707.5,2215.0
55009,Brown County,WI,0.0,2.5,125.5,58.0,283.30000000000007
55011,Buffalo County,WI,0.0,0.0,752.5,506.0,1110.0
55013,Burnett County,WI,0.0,0.0,2306.0,2103.8,2398.0
55015,Calumet County,WI,0.0,0.0,1074.5,718.7,1394.2
55017,Chippewa County,WI,0.0,0.0,974.0,724.8,1213.2
55019,Clark County,WI,0.0,0.0,1330.0,959.0,1763.1
55021,Columbia County,WI,0.0,0.0,1179.0,889.0,1487.0
55025,Dane County,WI,0.0,0.0,683.5,458.8,972.0
55027,Dodge County,WI,0.0,0.0,1604.5,1383.8,1826.2
55031,Douglas County,WI,0.0,0.0,1607.0,1359.9,1801.1
55033,Dunn County,WI,0.0,0.0,887.5,661.0,1112.1
55035,Eau Claire County,WI,0.0,0.0,618.0,431.70000000000005,801.1
55037,Florence County,WI,0.0,0.0,1815.0,1414.9,2130.1
55039,Fond du Lac County,WI,0.0,0.0,623.0,455.9,851.0
55043,Grant County,WI,0.0,0.0,768.5,580.0,1013.0
55045,Green County,WI,0.0,0.0,1784.5,1566.9,1971.1
55047,Green Lake County,WI,0.0,0.0,2329.0,2174.9,2413.0
55049,Iowa County,WI,0.0,0.0,2362.5,2227.8,2425.0
55053,Jackson County,WI,0.0,0.0,1815.0,1597.6,2003.0
55055,Jefferson County,WI,0.0,0.0,1091.5,806.0,1331.1
55059,Kenosha County,WI,0.0,1.7999999999999998,145.0,62.0,299.1
55061,Kewaunee County,WI,0.0,0.0,1269.0,952.9,1507.0
55063,La Crosse County,WI,0.0,0.0,441.5,265.0,683.3000000000001
55065,Lafayette County,WI,0.0,0.0,2320.0,2171.7,2400.0
55067,Langlade County,WI,0.0,0.0,2337.0,2189.0,2411.0
55069,Lincoln County,WI,0.0,0.0,2067.5,1785.9,2252.1
55071,Manitowoc County,WI,0.0,1.2,302.0,151.0,537.1
55073,Marathon County,WI,0.0,0.0,724.5,439.0,1018.0
55075,Marinette County,WI,0.0,0.0,1594.5,1235.9,1905.0
55077,Marquette County,WI,0.0,0.0,2405.0,2295.0,2451.0
55078,Menominee County,WI,0.0,0.0,1835.0,1231.4,2173.0
55079,Milwaukee County,WI,0.0,4.7,128.0,58.0,258.0
55083,Oconto County,WI,0.0,0.0,625.5,402.0,877.3000000000001
55087,Outagamie County,WI,0.0,0.5,230.0,129.0,369.0
55089,Ozaukee County,WI,0.0,0.1,839.0,505.9,1302.2
55091,Pepin County,WI,0.0,0.0,1240.0,946.9,1539.7000000000003
55093,Pierce County,WI,0.0,0.0,928.5,737.0,1122.1
55095,Polk County,WI,0.0,0.0,2028.0,1756.8,2205.0
55097,Portage County,WI,0.0,0.0,761.5,507.9,1122.0
55101,Racine County,WI,0.0,0.0,548.5,320.9,831.5000000000001
55105,Rock County,WI,0.0,0.0,282.0,147.9,462.30000000000007
55107,Rusk County,WI,0.0,0.0,1350.0,914.8,1837.2
55109,St. Croix County,WI,0.0,0.0,1300.0,1038.0,1521.1
55111,Sauk County,WI,0.0,0.0,2232.0,2066.9,2325.0
55113,Sawyer County,WI,0.0,0.0,2007.0,1570.6,2316.2
55115,Shawano County,WI,0.0,0.0,1703.5,1374.8,1999.1
55117,Sheboygan County,WI,0.0,0.0,199.0,105.0,334.20000000000005
55119,Taylor County,WI,0.0,0.0,1893.5,1604.9,2137.1
55121,Trempealeau County,WI,0.0,0.0,1374.0,1082.0,1637.0
55127,Walworth County,WI,0.0,0.0,1342.0,928.8,1645.0
55129,Washburn County,WI,0.0,0.0,2204.0,1975.9,2337.0
55131,Washington County,WI,0.0,0.0,1176.0,852.9,1529.0
55133,Waukesha County,WI,0.0,0.0,1160.5,783.0,1523.1
55135,Waupaca County,WI,0.0,0.0,1664.0,1404.6,1898.1
55137,Waushara County,WI,0.0,0.0,2160.0,1950.8,2299.1
55139,Winnebago County,WI,0.0,0.0,611.0,408.9,880.0
55141,Wood County,WI,0.0,0.0,792.0,499.0,1187.1
56001,Albany County,WY,0.0,2.7,176.0,75.0,380.20000000000005
56003,Big Horn County,WY,0.0,0.0,2049.0,1486.7,2299.0
56007,Carbon County,WY,0.0,0.0,480.5,248.9,805.1
56009,Converse County,WY,0.0,0.1,735.5,360.0,1250.2
56011,Crook County,WY,0.0,0.0,1845.0,1565.9,2059.0
56013,Fremont County,WY,0.0,0.0,1802.0,1306.5,2140.0
56017,Hot Springs County,WY,0.0,0.0,2160.0,1776.0,2342.0
56023,Lincoln County,WY,0.0,0.0,1957.5,1631.8,2135.1
56025,Natrona County,WY,0.0,0.0,707.0,432.0,1092.1
56031,Platte County,WY,0.0,0.0,857.5,499.9,1231.2
56033,Sheridan County,WY,0.0,0.0,1257.0,943.6,1578.3000000000002
56035,Sublette County,WY,0.0,0.0,2122.5,1978.9,2214.0
56037,Sweetwater County,WY,0.1,0.1,69.0,35.0,144.0
56041,Uinta County,WY,0.0,0.2,982.0,499.9,1399.2
56043,Washakie County,WY,0.0,0.0,2439.0,2247.8,2466.0
